Created At,From,Message
2026-09-13T16:14:34Z,System,"📜 *Late afternoon settles over Merovar's West District. He stands just inside the slave market, surrounded by shouting merchants, iron cages, caravan dust and the smell of smoke and animals. He arrived in Caldravan only recently, with 500 gold, strange papers granting him Heartstone Tower, and almost no understanding of this world. The tower is empty. No one here knows him yet.*

[Status] Money: 500 gold
Household: 0"
2026-09-13T16:16:22Z,Nicco,*checks around*
2026-09-13T16:16:22Z,Caldrevan - Dark Fantasy Isekai,"*The West Market sprawls beneath a sky going copper at the edges. Iron cages line the far wall — some occupied, some not. A handful of people sit or stand inside them with the patience of cattle at auction. Auctioneers bark prices in a cadence that sounds almost musical. Buyers cluster in small groups, examining merchandise with the casual scrutiny of produce shoppers.*

*A woman selling roasted chestnuts pushes her cart between two pavilions. A boy no taller than the cages sweeps animal waste toward a drainage gutter. Somewhere behind a canvas partition, a man's voice rises in argument over a debt settlement.*

*Near the market's center, an old man sits on a stool beside a wooden podium covered in ledgers. His face is deeply lined, his eyes half-lidded in what might be sleep or calculation. A hand-lettered sign leans against his booth: **KORVIN — BONDS, PAPERS, INFORMATION.***

*Two watchmen lean against a post near the gate, more interested in their conversation than the market. A caravan master argues with a farrier three stalls down. Nobody looks at Nicco. He is simply another body in the crowd — large, unfamiliar, unremarkable.*

*The air tastes like dust, iron, and cheap incense.*

[Status] Money: 500 gold
Household: 0"
2026-09-13T16:17:13Z,Nicco,"Korvin uh, up for private aquisition?"
2026-09-13T16:17:13Z,Caldrevan - Dark Fantasy Isekai,"*One eye opens. Then the other. The old man's gaze travels from Nicco's boots to his face with a slowness that has nothing to do with frailty.*

""Private."" *He turns the word over like a coin he's checking for clipping.* ""That costs extra. Sitting here costs extra too, but I own the stool.""

*His ink-stained finger taps the nearest ledger.*

""What kind of private? Someone you want, or someone you want nobody else to know you're looking for?""

*A slave handler passes behind Nicco leading two figures on rope tethers. Korvin doesn't glance at them.*

[Status] Money: 500 gold
Household: 0"
2026-09-13T16:18:36Z,Nicco,"*stretches* i'm here to help you get rid of the ones you can't sell, perhaps too sick, or dying, searching for females, possibly with tall and good muscles, abs is also nice"
2026-09-13T16:18:36Z,Caldrevan - Dark Fantasy Isekai,"*The tapping stops. Korvin's expression doesn't change, but something shifts behind those half-lidded eyes — a recalculation, quick and invisible.*

""Discards."" *He lets the word sit.* ""Most traders'd rather let a body rot than admit they can't move inventory.""

*He reaches beneath the podium and produces a clay jug, pours something amber into a cup he doesn't offer. His gaze drifts past Nicco's shoulder toward the far cages, then returns.*

""Got two that fit your description. One's a northwoman — tall as a doorframe, arms like a dockhand. Fever's been on her three days. Cost me four gold, I'd take six to walk away clean.""

*He sips.*

""Other's a beastfolk — feline breed, lean muscle, strong core. Came in on a debt forfeiture from a fighting pit. Shoulder's torn up, won't hold a blade. Owner couldn't sell her as a fighter, can't sell her as labor.""

*He sets the cup down.*

""Eleven for both, and nobody asks why you want broken goods. That's the deal before you start haggling.""

[Status] Money: 500 gold
Household: 0"
2026-09-13T16:19:47Z,Nicco,*scratches his chin under the hood* let's see the northener first.
2026-09-13T16:19:47Z,Caldrevan - Dark Fantasy Isekai,"*Korvin drains his cup and slides off the stool with the careful slowness of a man performing arthritis for an audience. He tucks one ledger under his arm and shuffles toward the far end of the market, past two cloth merchants arguing over water damage.*

*Behind a canvas partition, three cages sit apart from the main rows. Two are empty. The third holds a woman sitting against the iron bars with her legs stretched out — she barely fits. Tall is an understatement; even seated, her head nearly touches the top of the cage. Broad shoulders, heavy arms, the kind of build that comes from years of hauling rope and timber. Her skin is pale, flushed, damp with sweat that has nothing to do with the heat.*

*Dark hair plastered to her neck. Eyes closed. A filthy linen shift clings to her frame. Her breathing comes shallow and uneven. The cage smells of old straw and sickness.*

*Korvin rattles a key against the lock without opening it.*

""Brenna. Thirty-two. Picked her off a debt auction in Ashford. Was a river hauler before the debt caught up."" *He gestures vaguely.* ""Fever started two days back. Apothecary says lungs, says she's got maybe a week if it runs its course.""

*Brenna doesn't open her eyes. One hand twitches against the straw.*

[Status] Money: 500 gold
Household: 0"
2026-09-13T16:21:20Z,Nicco,"*crouch to inspects her* i can see how many msucles she had, not it's mostly lean uh *checks her fever putting a hand on her forehead*"
2026-09-13T16:21:20Z,Caldrevan - Dark Fantasy Isekai,"*His hand meets skin that burns like a kettle left too long over coals. Brenna flinches at the contact — a sharp, involuntary jerk — but doesn't wake. Her lips move around words that don't quite form.*

*Up close the muscle is visible even through the wasting. What was once dense power has softened into sharp definition over bone — shoulders, arms, the ridges of her abdomen visible beneath sweat-soaked linen. She must have been formidable. The body still remembers it, even as the fever pulls heat from somewhere deep.*

*Her ribs shift with each labored breath. A rattle sits in the inhale, wet and ugly.*

*Korvin watches from outside the cage, arms folded over his ledger.*

""Strong one. Used to carry cargo crates the dock crews needed two men for."" *He scratches his jaw.* ""Fever took her down fast. Healthy one day, burning the next.""

*Brenna's hand moves again — slow, reaching toward nothing. Her fingers brush the straw and go still.*

[Status] Money: 500 gold
Household: 0"
2026-09-13T16:22:23Z,Nicco,"It's a miracle if she survives another 2 days. Name your price again Korvin, knowing that i'm easing a burden out of you"
2026-09-13T16:22:23Z,Caldrevan - Dark Fantasy Isekai,"*Korvin's mouth twitches. Not quite a smile — more like a card player watching someone reach for the wrong card.*

""Six was what I said. You're right that she's a burden. She's also a burden I paid four for, and the apothecary charged me two just to tell me she's dying.""

*He tucks the ledger tighter against his ribs.*

""Five. I eat the apothecary, you eat the risk. That's the floor — I go lower, the other traders hear I'm giving away sick stock and every haggler in the market thinks my prices are suggestions.""

*He produces a bone-handled pen from somewhere inside his coat and holds it poised over the ledger.*

""Papers included. Clean transfer, debt-forfeiture chain, no liens. You walk her out that gate, she's yours — sick, dying, or otherwise.""

*Brenna coughs behind the bars. Something wet hits the straw.*

[Status] Money: 500 gold
Household: 0"
2026-09-13T16:23:25Z,Nicco,"mmh alright *pays up* i will bring her myself, she can't walk for sure, hand me the key to those chains"
2026-09-13T16:23:25Z,Caldrevan - Dark Fantasy Isekai,"*Korvin pockets the five gold with a practiced sweep and produces a heavy iron key from a ring inside his coat. He drops it into Nicco's palm without ceremony.*

""Chains unlock from the left side. Ankles first — she shifts when the wrists come free, and you don't want her weight dropping on a bad angle.""

*He tears a receipt from the ledger, scrawls a mark, and presses it across the podium toward him. The paper smells like lamp oil and old sweat. Transfer of bond. Debt-forfeiture chain. Brenna's name, her former holder in Ashford, Korvin's seal. Clean enough.*

*Inside the cage, Brenna's chains rattle against the bars as another cough wracks through her. Her eyes crack open — unfocused, fever-bright, seeing nothing that makes sense. She doesn't resist. Doesn't react at all when the lock clicks and the shackles fall loose around her ankles, then her wrists. The iron leaves reddened grooves in swollen skin.*

*She is heavier than she looks. Deadweight, sweat-soaked, burning. Whatever she was before the fever took hold, right now she is a body that needs carrying.*

*Korvin settles back onto his stool and picks up his cup.*

""The cat's still on the table if you come back for the other one.""

[Status] Money: 495 gold
Household: 0"
2026-09-13T16:24:45Z,Nicco,"My back gonna hurt uh, you are a tall one, and i tought i'm tall enough uh *he puts her on his back, piggy riding and starts walking to the tower*"
2026-09-13T16:24:45Z,Caldrevan - Dark Fantasy Isekai,"*The weight nearly buckles his knees on the first step. Brenna's arms dangle limp over his shoulders, her head lolling against the side of his neck. She radiates heat like a forge banked but not dead. Wet breath against his collarbone, uneven and shallow.*

*The West District streets don't care about his burden. A carter swears at him for blocking the gutter. Two children point and laugh before their mother drags them away. A drunk outside the Cracked Flagon raises his cup in mock salute.*

*Brenna shifts once — a small sound in her throat, not quite a word. Her fingers curl weakly against his chest, then go slack again.*

*Heartstone Tower sits where he left it — pale grey stone against a sky going purple at the edges. The heavy oak door opens to the vestibule, cool and dark and smelling of dust. The common room waits beyond, hearth cold, table bare. The L2 observation room has a single bed.*

*The stairs are the worst part. Four flights feel like forty. By the time he reaches the second floor, his legs are shaking and Brenna's breathing has grown wetter, thinner.*

[Status] Money: 495 gold
Household: 0"
2026-09-13T16:26:40Z,Nicco,"*puts her down in the bed* u gonna stay in this room for now, let me see what we can do for this fever and this bad infection *he stretches making his back pop* ouch *he smiles* Gerome! bring up water, a thermometer and an IVs for the infection, let's patch this poor girl up"
2026-09-13T16:26:40Z,Caldrevan - Dark Fantasy Isekai,"*The room settles around them. Brenna lies where he placed her — a shape under thin linen, chest rising in shallow hitches. The bed barely contains her frame. Her feet hang past the edge.*

*Nothing answers.*

*No Gerome. No footsteps on stone. No clink of medical instruments from down the hall. The tower stands quiet — four floors of empty rooms, dust motes drifting through the last of the evening light from the arched window. The workroom on this floor holds a washable table, empty cabinets, a basin. No supplies. No medicine. No IV. No thermometer.*

*Brenna's fingers twitch against the blanket. Her lips part around a breath that rattles like gravel in a tin cup. The fever rolls off her in visible waves — skin flushed dark, sweat pooling in the hollow of her throat.*

*From somewhere below, the cellar creaks. Old stone settling. Nothing more.*

[Status] Money: 495 gold
Household: 0"
2026-09-13T16:28:31Z,Nicco,*he scratches his head* Where the heck is that damn stone butler nad all my stuff... *he smiles at the woman in the bed* resist a second i go check what's wrong
2026-09-13T16:28:31Z,Caldrevan - Dark Fantasy Isekai,"*Nicco's voice hangs in the empty room. Brenna doesn't respond — her head turns fractionally toward the sound, eyelids cracking open to reveal fever-glazed blue that focuses on nothing. Then they close again.*

*The stone stairwell swallows his footsteps. On L1, the common room sits exactly as before — hearth cold, table bare, dust undisturbed. The service alcove holds its usual occupant: a massive stone shape beneath dusty canvas, inert and silent. No movement. No indication it has stirred since he last passed it. The seal marks across its surface catch lamplight the same way they always have — dead as masonry.*

*The vestibule. The kitchen. The pantry. All bare. No supplies have materialized. No butler exists. The tower contains what it contains — old furniture, cookware, firewood, cleaning tools, empty shelves. Whatever ""Gerome"" and ""his stuff"" refers to, none of it is here.*

*The workroom on L2 offers its washable table and empty cabinets. The basin works when the valve turns. That's all.*

[Status] Money: 495 gold
Household: 0"
2026-09-13T16:31:10Z,Nicco,"*he stretches lazily* well i guess i need that golem up and working *he walks to the dormant golem, exploring it"
2026-09-13T16:31:10Z,Caldrevan - Dark Fantasy Isekai,"*The canvas comes away in a cloud of grey dust and cobwebs. Beneath it stands a figure carved from pale granite darker than the tower walls — humanoid, eight feet tall, shoulders broad as a doorframe. Its proportions are thick, utilitarian, built for labor rather than beauty. Fingers like chisel ends. A face smoothed flat where features should be, broken only by two shallow depressions where eyes might sit and a single carved line suggesting a mouth.*

*Residual seal marks crawl across its chest and shoulders — geometric patterns etched into the stone, faded to near-invisibility. They don't glow. They don't pulse. They simply exist, old as the masonry around them. Dust fills the grooves.*

*One hand rests against the alcove wall. The other hangs at its side, fingers slightly curled as if frozen mid-gesture. No joints articulate the way human anatomy would — the elbows and knees are suggested rather than functional, the stone flowing in smooth transitions. Whatever mechanism allowed movement, if one existed, is not obvious from the surface.*

*The base of the construct sits flush with the floor. No control panel. No lever. No inscription explaining its purpose. A single iron ring is set into the alcove wall behind it, and a bricked-up niche sits to its left — both as unhelpful as the construct itself.*

[Status] Money: 495 gold
Household: 0"
2026-09-13T16:31:53Z,Nicco,*slips the ring on*
2026-09-13T16:31:53Z,Caldrevan - Dark Fantasy Isekai,"*The iron ring slides onto his finger with room to spare — meant for a larger hand, or a wrist. Cold metal, no warmth, no hum, no sudden activation. The construct remains exactly as it was: stone shaped like intent, inert and patient as furniture.*

*From the floor above, a wet cough breaks the silence. Then another. The sound trails into something thinner — breathing that fights for each inch of air. The tower holds its emptiness around him like a second skin.*

*The ring sits on his finger doing nothing. The construct stands in its alcove doing nothing. The bricked niche to its left offers no answers, and the evening light through the vestibule's arched window has gone from copper to ash.*

[Status] Money: 495 gold
Household: 0"
2026-09-13T16:32:33Z,Nicco,"*slips the ring into the dormant golem, searching for activation patterns*"
2026-09-13T16:32:33Z,Caldrevan - Dark Fantasy Isekai,"*The ring catches on nothing as he works it around the construct's surface — pressing it against the chest, the neck, each carved depression where eyes might sit. Stone meets iron with dull clicks. The seal marks absorb nothing, react to nothing. No pulse. No warmth. No shift in the granite.*

*His fingers find a seam along the jawline where the carved mouth sits — a hairline gap, intentional, too clean for weathering. The ring's inner curve fits the groove almost perfectly. He traces it left to right, and the stone gives a sound like settling earth.*

*The mouth-line deepens. The two eye-depressions widen by a fraction. Across the chest, three of the faded seal marks brighten — not glowing, just less dead, like old ink wetted after years of dryness. Then they fade again. The construct shudders once — a single vibration through its mass — and goes still.*

*Not awake. Not dead. Something between. A door that creaked on hinges but didn't open.*

[Status] Money: 495 gold
Household: 0"
2026-09-13T16:33:54Z,Nicco,*scratches his head* does it need magic to activate? perhaps some kind of bonding with my magic? *he tries to instill a little of his golden magic inside the construct*
2026-09-13T16:33:54Z,Caldrevan - Dark Fantasy Isekai,"*Gold seeps from his fingertips into the seam. The construct drinks it — not gently, not gratefully, but the way dry sand swallows water. A greedy pull that drains more than he intends, tugging at something deeper than surface magic. His knees threaten to buckle before the flow stops on its own.*

*The three seal marks ignite. Faint amber light traces the geometric patterns across granite, crawling from chest to shoulders to the flat plane of the face. The eye-depressions fill with dim gold — not eyes, not yet, just awareness without focus. The mouth-line grinds open a finger's width.*

*A sound emerges. Not speech. Stone dragging against stone in a cadence too regular to be accidental. It repeats twice, then a third time, each iteration slightly different — shorter, sharper, like a word being remembered after centuries of disuse.*

*Then the light dims. The construct's head tilts forward three inches and freezes. The amber fades to embers, then nothing. But the mouth-line stays open, and the faintest warmth radiates from the chest — banked coals, not dead ones.*

*Upstairs, Brenna coughs again. Twice. Then silence.*

[Status] Money: 495 gold
Household: 0"
2026-09-13T16:34:51Z,Nicco,"well that did somenthing uh *tries again with more magic, around half of his actual mana*"
2026-09-13T16:34:51Z,Caldrevan - Dark Fantasy Isekai,"*Gold pours from both palms this time — a flood where the first attempt was a trickle. The construct's hunger surges. Seal marks across its entire body blaze to life in cascading chains, amber lines racing down arms, across the broad back, spiraling into patterns that overlap and intersect like a map being redrawn in real time. The stone shudders. Dust cascades from joints that shouldn't have joints. A grinding groan fills the alcove — deep, structural, the sound of a mountain deciding to sit up.*

*The eye-depressions flood with warm gold. They focus.*

*The head turns. Slowly, with the weight of geology behind it, until those two dim lights settle on Nicco. The mouth-line opens wider. That same grinding cadence returns — but now it sharpens into something almost intelligible. A syllable. Then another. The voice sounds like gravel dragged across a church floor.*

""**...holder... acknowledged.**""

*One massive hand lifts from its side. Fingers like chisel-blades extend, then curl inward, testing the motion. The other hand pushes against the alcove wall. Stone scrapes stone. The construct takes a step — a single, house-shaking step — and stands free of its recess for what might be the first time in years. Cobwebs snap. Canvas crumples beneath one granite foot.*

*It looks down at Nicco. The gold in its eyes flickers — dimming, brightening, dimming again as the magic he fed it settles into something sustainable. Not full power. A pilot flame.*

""**...commands... pending.**""

*The exhaustion hits Nicco like a wall dropped on his shoulders. Half his reserves gone. His vision swims at the edges. Above him, the construct waits — patient as only stone can be.*

[Status] Money: 495 gold
Household: 0"
2026-09-13T16:36:18Z,Nicco,"*scratches his head* You are Gerome, the Hearthstone Butler, protect the hearthstone and it's inhabitant, be gentle and ready to assist like a real butler, you don't talk. you serve me, the keeper, Nicco."
2026-09-13T16:36:18Z,Caldrevan - Dark Fantasy Isekai,"*The construct's head tilts three degrees. The gold in its eyes pulses once — processing, or accepting, or simply hearing. Impossible to tell which. The seal marks across its chest dim to a faint, steady warmth, no longer blazing but not dead either. A heartbeat of sorts.*

*It doesn't speak. The mouth-line closes. The grinding cadence doesn't return.*

*One massive hand reaches down — not toward Nicco, but toward the crumpled canvas on the floor. Fingers that could crush brick pinch the dusty cloth with startling delicacy, fold it into a rough square, and set it on the edge of the alcove shelf. Then the construct straightens. It takes one step back into the alcove and stands at rest — spine straight, arms at its sides, facing the common room.*

*Patient. Present. Waiting.*

*From the floor above, Brenna's breathing has grown quieter. Too quiet. The wet rattle has thinned to something barely audible. The tower's evening silence fills the gap between each exhale.*

*The construct's eyes dim to embers. Not asleep. Listening.*

[Status] Money: 495 gold
Household: 0"
2026-09-13T16:37:49Z,Nicco,"well Gerome *pats the contruct* be a good butler, ready to assist and serve, handle the food and the hearthstone totality. fell free to develope your own personality. that's all. now let's find the thermometer and the IVs i came here with"
2026-09-13T16:37:49Z,Caldrevan - Dark Fantasy Isekai,"*The construct doesn't react to the pat — stone beneath his palm, warm now, faintly vibrating with whatever his magic left behind. The eye-lights hold steady. No acknowledgment. No nod. Just that patient stillness, already settling into the alcove like furniture finding its place.*

*Nicco's legs carry him up the stairwell on momentum and fading adrenaline. L2. The workroom. The cabinets hang open exactly as before — empty. The washable table sits bare. The basin drips once. No thermometer. No IV. No medical supplies. No bag, no case, no trunk. Whatever he arrived with from the other world, it didn't follow him into the tower.*

*His reflection stares back from the basin water — flushed, sweat-damp, dark circles forming under his eyes. Half his mana gone. A dying woman one floor above. No tools. No medicine. No knowledge of where to buy either.*

*The night outside the arched window has gone fully dark. Somewhere in the West District, a bell strikes eight.*

[Status] Money: 495 gold
Household: 0"
2026-09-13T16:39:16Z,Nicco,"*sigh* there's nothing here uh. i will have to treat her the old fashioned way i guess. Gerome bring the sick woman warm water and some warm towels, then somenthing to eat if there's anything."
2026-09-13T16:39:16Z,Caldrevan - Dark Fantasy Isekai,"*Below, stone shifts. Heavy footfalls cross the common room — each one a dull percussion through the floorboards. The sound reaches the stairwell and stops. A pause. Then the steps continue, slower now, climbing. Gerome's bulk fills the doorway to the observation room, one massive hand cupping a clay basin of steaming water drawn from the kitchen cistern. The other holds a folded strip of linen over his shoulder — not a towel but a tablecloth torn along the grain, clean enough.*

*He sets the basin beside the bed with a care that seems impossible for fingers that thick. Water doesn't slosh. He drapes the linen across the bedframe and turns. A grinding pause — those amber eyes sweep the room, settle on Brenna, then withdraw. The footsteps descend.*

*Brenna hasn't moved. Her breathing comes in short, shallow pulls, each one accompanied by that wet click deep in her chest. Sweat beads along her hairline. The flush has spread from her cheeks to her neck, dark against pale skin.*

*Several minutes later, Gerome returns. A wooden bowl in one hand — barley from the pantry, boiled rough, the kind of porridge that sustains without pleasing. A spoon. He places them on the table beside the bed, steps back, and stands at the wall. Waiting.*

[Status] Money: 495 gold
Household: 0"
2026-09-13T16:40:14Z,Nicco,*he spent 1 hour hand feeding her the warm porridge and letting her drink*
2026-09-13T16:40:14Z,Caldrevan - Dark Fantasy Isekai,"*The porridge goes in slowly. Most of it. Brenna's jaw works on reflex when the spoon touches her lips — muscle memory deeper than consciousness. She swallows unevenly, some of the barley running down her chin into the sweat-damp linen. Water follows, sipped from a cup Nicco tilts with one hand beneath her head. Her throat bobs twice, three times, then she turns away from the next spoonful with a sound too small to be refusal.*

*Over the hour her breathing shifts — not better, but different. The rattle loosens by a fraction, as though the warmth and fluid have thinned something in her chest. Her skin still burns under the damp cloth he presses to her forehead. Her fingers curl once around his wrist — grip like a child's, strengthless and brief — before falling open.*

*Gerome stands at the wall throughout. Motionless. Those amber embers track Nicco's hands without comment, without interference. When the bowl empties, the construct takes it and the cup, and withdraws to the doorway.*

*Outside the arched window, full dark. The city has gone to bells and lamplight. Brenna's breathing settles into something marginally steadier — still wrong, still wet, but holding.*

[Status] Money: 495 gold
Household: 0"
2026-09-13T16:42:13Z,Nicco,"*he stretches, his back painful* i can't risk to heal you with my magic, i don't know what it does in reality. *he puts a cold towel on her head to lower the fever* for now i can't do anything else except clean you *he spend another hour cleaning her where he can reach, removing the dirt* Gerome, bring more clean towels"
2026-09-13T16:42:13Z,Caldrevan - Dark Fantasy Isekai,"*The work is unglamorous. Basin water gone grey before he's finished her arms alone. Beneath the market grime and old sweat, her skin is paler than expected — almost translucent where the fever has thinned it, blue veins visible at the inner elbows, the wrists. Muscle sits close to the bone now, the wasting recent, but the frame beneath it remains substantial. Wide shoulders, heavy collarbones, hands roughened with old calluses that don't soften just because a body is sick.*

*She stirs when the cloth passes over her neck. A furrow between her brows — not wakefulness, just the body registering sensation it can't process. Her lips part around a breath that hitches, then continues.*

*Gerome appears with folded linen. Sets it on the table edge. Takes the dirty water. Returns with fresh. Does it again twenty minutes later without being asked. The third time, he lingers — those dim eyes fixed on Brenna's face for several seconds — before stepping back to the wall.*

*By the time Nicco straightens, his lower back screams and his knees ache from the stone floor. Brenna lies cleaner, cooler by a degree perhaps, the damp linen fresh against her skin. Still burning. Still rattling. But the worst of the filth is gone, and the observation room smells like soap and water instead of cage straw and sickness.*

*The night outside has gone silent. Tenth bell, maybe later.*

[Status] Money: 495 gold
Household: 0"
2026-09-13T16:43:12Z,Nicco,"*stretches* Well gerome, i'm a medic but without any tool i can't do much more for her"
2026-09-13T16:43:12Z,Caldrevan - Dark Fantasy Isekai,"*Gerome's amber embers shift toward him from the wall. The construct doesn't speak — can't speak, or hasn't learned to yet. But the head tilts two degrees, and one massive hand lifts slightly from its side before settling back. The gesture is almost conversational. Almost.*

*The tower sits quiet around them. Four floors of empty rooms, a half-fed construct running on borrowed magic, and a woman one bad night away from the apothecary's worst prediction. The pantry holds barley, salt, dried beans, and not much else. No herbs. No medicine. No instruments.*

*Somewhere in the East District, temple hospitals stock what he needs. Somewhere in the South, cheap apothecaries sell crude remedies for crude prices. The West Market at dawn might have a herbalist stall among the chaos of traders and shouting.*

*Gerome stands motionless. Patient. The faint warmth in his chest pulses once — slow, steady, waiting for the next instruction or the next morning, whichever comes first.*

[Status] Money: 495 gold
Household: 0"
2026-09-13T16:45:20Z,Nicco,"mmh the only thing i can try is to instill a little bit of my magic in you, it should lower your fever and help you fight the infection, is not much, but i can't risk more magical power since i'm not sure about the consequences *touching her forehead he let's around 1/4 of his magical power into her, golden, warm, gentle, he is very tired after*"
2026-09-13T16:45:20Z,Caldrevan - Dark Fantasy Isekai,"*Gold threads from his fingertips into her skin. Not a flood — a seep, warm and deliberate, the way morning light enters a shuttered room. Brenna's face contracts. Her jaw clenches. A sound escapes her throat, small and involuntary, the body recognizing something foreign passing through it.*

*The magic finds the sickness. He can feel it — faintly, the way one feels heat through a wall. A wet, stubborn wrongness lodged deep in her chest, tangled around her lungs like root growth in old masonry. His gold pushes against it. The wrongness resists, gives, resists again. Something loosens. The rattle in her breathing thins by a fraction.*

*Then the exhaustion takes him. His vision greys at the edges. His hand slips from her forehead and he catches himself on the bedframe, breathing hard, legs unsteady. The room tilts. Gerome is there — not fast, not graceful, but present, one stone hand bracing against the wall behind him to keep him from folding sideways. The touch is cold and careful and far too heavy for his shoulder, but it holds.*

*Brenna lies still. The flush hasn't broken, but the tightness in her face has eased by a degree. Her breathing comes slower. Deeper. Not healed. Not safe. But the fight in her has shifted — something on her side now that wasn't there before.*

[Status] Money: 495 gold
Household: 0"
2026-09-13T16:47:33Z,Nicco,"*he stretches his arms above his head* well that's somenthing. the only thing i can do is to wait few hours here, regain some mana and do the process again. it's not instant but its... somenthing to help you *he yawns* Gerome, go clean around the main hall, wake me up before dawn and i treat her again *he falls asleep almost immediatly on the stool next to where the woman is laying*"
2026-09-13T16:47:33Z,Caldrevan - Dark Fantasy Isekai,"*Gerome's hand withdraws from his shoulder. The construct stands motionless for three breaths — processing, or perhaps just waiting to be certain the instruction has fully landed. Then the heavy footsteps descend the stairwell, each one a dull drumbeat fading toward the common room below.*

*The observation room settles into quiet. Brenna's breathing. Nicco's breathing. The faint drip of the basin tap. Outside, Merovar's night sounds filter through the arched window — a distant dog, a cart wheel on cobblestone, voices too far away for words. The cold towel has gone warm against her forehead.*

*Below, stone scrapes against wood as Gerome moves the common room table to sweep beneath it. Methodical. Slow. The sound is almost rhythmic — broom, pause, broom, pause — the construct learning the shape of a task it has never performed. Something falls with a clatter. A pause. Then it continues.*

*Nicco's chin drops to his chest. His breathing deepens within minutes, rough and heavy, the sleep of a man who has spent his reserves and his body's strength in one evening. The stool creaks under his weight but holds.*

*Hours pass. The city quiets. Gerome's work moves from the common room to the kitchen. At some point, Brenna's hand finds the edge of the blanket and pulls it closer without waking.*

[Status] Money: 495 gold
Household: 0"
2026-09-13T16:47:59Z,Nicco,(Out Of Context: Continue without repeating yourself and add something unpredictable)
2026-09-13T16:47:59Z,Caldrevan - Dark Fantasy Isekai,"*A crash from the kitchen. Then silence. Then the slow, grinding sound of stone fingers attempting to reassemble whatever fell.*

*Hours crawl. The moon clears the arched window and paints the observation room in cold silver. Brenna's fever breaks around the third hour — not gone, but retreating, the flush fading from her throat to her cheeks like a tide pulling back from shore. Her breathing loosens. The rattle thins to a whisper. She turns onto her side, and the motion pulls the blanket off one shoulder.*

*Then her eyes open. Not fever-glazed this time. Focused, narrow, the blue of deep water. She stares at the ceiling for a long time. Her hand finds the linen shift, pulls it down over her hip, takes inventory of her own body — ribs, shoulder, the raw grooves where iron sat.*

*Her gaze lands on Nicco, slumped on the stool, mouth open, snoring faintly. She studies him the way a trapped animal studies a new enclosure — exits, distance, threat. The window. The door. The stairwell.*

*She sits up. The effort costs her — a sharp inhale, fingers white-knuckled on the bedframe. Her bare feet touch the stone floor. She wavers.*

*From below, the broom stops. Gerome's head tilts upward. Amber eyes brighten in the dark stairwell like two coins catching moonlight.*

*Brenna freezes. She has not seen the construct before.*

[Status] Money: 495 gold
Household: 0"
2026-09-13T16:49:25Z,Nicco,"*he waks up suddenly* oh jeez, it's not even dawn *sees her* what you think u are doing, u need to rest *helps her lay back down* you are fighting an infection.. Gerome bring her some water and some porridge"
2026-09-13T16:49:25Z,Caldrevan - Dark Fantasy Isekai,"*Brenna's arm jerks away from his hand — reflex, not strength. The motion nearly sends her sideways. She catches herself on the bedframe and her teeth clench against whatever the movement costs her.*

""Get off me.""

*The words come out hoarse, scraped raw. Her eyes track from Nicco to the stairwell where Gerome's amber lights still glow, then back. She doesn't understand what she's looking at. Doesn't ask. Her hand grips the bedframe like it's the only solid thing in the room.*

""Where am I.""

*Not a question. A demand. Her breathing has gone shallow again — not from the sickness this time, but from the particular strain of a body that decided to fight and found itself too broken to follow through. Sweat beads fresh along her hairline.*

*Gerome's footsteps climb. He enters with a cup of water and a bowl, sets them on the table, and steps back. Brenna flinches at the sight of him — eight feet of carved granite moving with deliberate care. Her back presses against the wall.*

""What is that.""

[Status] Money: 495 gold
Household: 0"
2026-09-13T16:50:25Z,Nicco,"That's Gerome, you are in the Heartstone, my tower apparently, now behave and let me take care of you please, sit with your back against the wall for now and eat and drink first"
2026-09-13T16:50:25Z,Caldrevan - Dark Fantasy Isekai,"*Brenna's jaw works. Her eyes stay fixed on Gerome for three more seconds — measuring, calculating the distance between herself and a creature made of stone that shouldn't move. Then something in his stillness registers. Not threatening. Waiting. She looks away.*

*Her back finds the wall. The linen shift clings to her shoulders as she reaches for the cup with a hand that trembles badly enough to spill water across her knuckles. She drinks anyway — long, desperate swallows between breaths that rattle on the inhale. Some color returns to her face. Not health. Just the stubborn refusal of a body that hasn't decided to quit yet.*

""Your tower.""

*She picks up the spoon. The porridge goes in mechanically — not tasting, not refusing. Fuel, not comfort. Between bites her gaze drifts to the window, measuring the drop. Then to the door. Then back to Nicco.*

""You bought me.""

*The spoon scrapes the bowl. She doesn't frame it as a question.*

[Status] Money: 495 gold
Household: 0"
2026-09-13T16:51:29Z,Nicco,"*shrugs* you were dying, i couldn't let you go, i saw you fightining the disease, i decided i can help you fight it, that's all, as you can see there's no chain holding you"
2026-09-13T16:51:29Z,Caldrevan - Dark Fantasy Isekai,"*Her fingers tighten around the spoon. She stares at the empty bowl for a long moment, then sets it down with a click that carries more weight than the sound should.*

""No chains.""

*Her voice scrapes like driftwood dragged over sand. She looks at her wrists — the raw grooves still visible, angry pink against pale skin. Then at the door again.*

""People don't buy sick stock out of charity.""

*She pulls the blanket tighter around her shoulders. A cough doubles her forward, wet and ugly, and when she straightens her eyes are sharper than they have any right to be at this hour, in this condition. Not grateful. Not hostile. Something harder to name — the wariness of someone who has learned that kindness and cages use the same key.*

""So what happens when I'm well enough to walk out that door.""

*Gerome stands at the wall. His amber lights dim and brighten once. Brenna doesn't look at him.*

[Status] Money: 495 gold
Household: 0"
2026-09-13T16:52:29Z,Nicco,"bah your life, your choices, i'm just a... well.. healer? let's say... somenthing like that *he sigh* can you eat by yourself or you need me to help you?"
2026-09-13T16:52:29Z,Caldrevan - Dark Fantasy Isekai,"*Her hand moves before the question finishes — picking up the spoon, dipping it into what remains of the porridge, bringing it to her mouth with fingers that shake but don't spill. The gesture is deliberate. A point made without words.*

*She eats three bites. Pauses. Her throat works against a swallow that fights her. The fourth spoonful stops halfway.*

""Slow.""

*Not an answer to his question. A correction to herself. She breathes through her nose, sets the spoon down, picks it up again.*

*The rattle has crept back into her chest — quieter than before, but present. Her color holds better than it did hours ago. The gold he poured into her is doing something. Not enough. Something.*

""You're not from here.""

*Flat. Observational. Her eyes track his face the way they tracked the window and the door — cataloguing exits, measuring distance, reading the unfamiliar.*

[Status] Money: 495 gold
Household: 0"
2026-09-13T16:54:29Z,Nicco,"yeah... not at all.. i was so surprised when i saw there's slavery in this... worl... ehmm place i mean.. anyway, you still have fever *puts away the porridge on the bed cabinet next to her* let me help you a bit more to fight, i don't have much inside but i think enough to give you a better chance *he smiles* can i touch your forehead?"
2026-09-13T16:54:29Z,Caldrevan - Dark Fantasy Isekai,"*Brenna's jaw tightens. Her eyes drop to his hand — the one that glowed, the one that poured something warm and foreign into her body while she slept. Her fingers curl into the blanket.*

""You already did. While I was out.""

*Not accusation. Not gratitude. Just fact, laid flat. She knows what she felt. The question sits behind it — what it was, what it cost him, what it means that a stranger would spend himself dry on a woman he bought for five gold from a dying stock pen.*

*She looks at the door. At Gerome's dim amber lights in the stairwell. Back to Nicco's face.*

""Go ahead.""

*She tilts her chin up. The gesture is stiff, pride wearing the shape of permission. Her skin radiates heat, but less than before — the fever retreating in layers, each one stubborn, each one costing ground it won't surrender twice.*

*Underneath the sickness, muscle shifts in her forearm as she braces herself against the mattress. Waiting for whatever comes next.*

[Status] Money: 495 gold
Household: 0"
2026-09-13T16:56:40Z,Nicco,"*he sigh and focus, positioning her hands to cup her face and smiles* just let it flow in you *he murmur somenthing and his hands starts to glow golden* *he starts panting from exertion but still smiling* Today i used all i had uh *he let the rest of his magic flow in her, around another 1/4 oh his mana perhaps a bit more since he recovered a but of it since he slept*"
2026-09-13T16:56:40Z,Caldrevan - Dark Fantasy Isekai,"*Gold spreads from his palms across her temples, her cheekbones, her jaw. Warmth sinks through skin into the deeper places where the infection has nested — that wet tangle around her lungs, the inflammation lodged between her ribs. The magic finds the threads he left hours ago and weaves them tighter. Something in her chest loosens. The rattle thins to barely nothing.*

*Brenna's eyes widen. Her lips part. A breath comes in — clean, full, the first in what must be days — and her whole body shudders with the shock of it. Air reaching places that had forgotten air existed.*

*Her hands seize his wrists. Grip fierce, instinctive, the strength of a woman who used to lift cargo crates that took two men. Her fingers dig into his skin hard enough to leave white crescents. Not pulling him away. Holding on.*

*Then his arms buckle. His weight sags forward and her hands become the only thing keeping his face from landing against her collarbone. She catches him — barely — and lowers him sideways onto the bed beside her. The mattress dips under them both.*

""You idiot.""

*Hoarse. Barely a whisper. Her chest rises and falls in something approaching a normal rhythm. His eyes are glassy, half-lidded, drained past the point of standing.*

""You spent everything on a stranger you bought from a cage.""

*Her grip on his wrists doesn't loosen.*

[Status] Money: 495 gold
Household: 0"
2026-09-13T16:57:45Z,Nicco,"*he pours the last droplet of magic in him, depleting the mana totally, then smiles at her and passout on the hard stone ground*"
2026-09-13T16:57:45Z,Caldrevan - Dark Fantasy Isekai,"*His hands slip from her face. The last flicker of gold gutters out like a candle pinched between wet fingers. His knees buckle — one, then both — and he goes down hard. His shoulder hits the bedframe on the way, spinning him sideways. The back of his skull cracks against the stone floor with a sound that fills the room.*

*He doesn't move.*

*Gerome is there. Two steps that shake dust from the ceiling. One massive hand slides beneath Nicco's shoulders, cradling the weight with that impossible delicacy — lifting him from the cold stone, settling him onto the narrow bed beside Brenna. The mattress barely fits both. His head lolls against the pillow. Blood mats the hair at the back of his skull.*

*Brenna stares down at him. Her breathing comes easier than it has in days — clean, open, the rattle gone. Her hand finds his chest. Rises. Falls. Rises.*

""He's breathing.""

*She says it to Gerome. The construct's amber lights dim once. Acknowledgment or agreement. It pulls the blanket over both of them and steps back to the wall.*

*Brenna doesn't sleep. She sits upright — actually upright, without the wall pressing into her spine — and watches his chest move. Her fingers stay where they landed. On his sternum. Counting.*

[Status] Money: 495 gold
Household: 0"
2026-09-13T16:58:43Z,Nicco,*he snores a couple of hours then wake up*
2026-09-13T16:58:43Z,Caldrevan - Dark Fantasy Isekai,"*Something cold touches his forehead. Wet cloth. The pressure is clumsy — too much force, not enough finesse. Not Gerome's careful stone fingers. A human hand, rough-calloused, holding the compress against the lump on his skull with the practiced indifference of someone who has patched up injuries before.*

*His eyes open to Brenna kneeling beside the bed. She's propped against the frame, one hand on the cloth, the other braced on the mattress. Her face is close — close enough to count the broken capillaries in her cheeks, the last fading ghosts of fever. She looks worse and better at the same time. Thinner. Clearer. The fog behind her eyes has burned off, leaving something sharp and annoyed in its place.*

""You fell off the bed twice. Your rock had to put you back.""

*She withdraws the cloth, inspects it, folds it to a clean side. Presses it back.*

""Three hours. You mumbled in something that wasn't any language I know.""

*Her jaw works once. She doesn't ask what it meant.*

[Status] Money: 495 gold
Household: 0"
2026-09-13T17:00:26Z,Nicco,*yawns loudly trying to compose himself* what are you doing out of the bed you are still my patient little girl *he yawns again*
2026-09-13T17:00:26Z,Caldrevan - Dark Fantasy Isekai,"*The cloth stops pressing. Brenna's hand goes flat against his skull — not gentle anymore.*

""Little girl.""

*Her voice is sand and iron. She holds the compress there for a beat longer than necessary before pulling it away. When she speaks again, each word lands separate and deliberate.*

""I've hauled crates at Ashford docks that would break your back. I've worked off three bonds. I am twenty-six years old and I have been owned since I was fourteen.""

*She sets the cloth on the table. Her arms cross over her chest — the linen shift hanging loose on a frame that used to fill it. The tremor in her fingers is visible but she doesn't hide it.*

""You don't get to call me that.""

*Gerome's amber lights brighten once from the stairwell. Brenna's eyes flick toward the sound, then back to Nicco. She hasn't returned to the bed. She hasn't left either. Standing took everything she had and her knees are locked to prove it.*

[Status] Money: 495 gold
Household: 0"
2026-09-13T17:03:04Z,Nicco,"*stretches while still laying on the hard stone* yes yes but now you are in my care and you don't *yawns, still weak, his mana barely above 0* get to go around and stuff, you rest and regain strength, my magic is not divine afterall *he stretches again this time making his bones pop* ouchy *he stands up slowly his knee protesting and offers her an arm to stand up and a smile*"
2026-09-13T17:03:04Z,Caldrevan - Dark Fantasy Isekai,"*Brenna stares at the offered arm. Her jaw works once — the muscle ticking beneath skin that still carries fever's flush. She looks at his hand. At the smile. At Gerome's dim silhouette in the doorway.*

*She takes his forearm. Not gently. Her grip finds the muscle beneath the soft exterior and squeezes hard enough to communicate something that words would make complicated. She pulls herself upright using him as a crutch, and for two seconds her weight leans into his side — solid, deliberate, the only acknowledgment that her legs won't hold alone.*

*Then she lets go. Steps back. Sits on the bed because her knees demand it, not because he told her to.*

""Your magic.""

*She pulls the blanket across her lap.*

""What was it. The gold.""

*Not a question about gratitude. A question about what crawled inside her chest and pulled the sickness apart while she slept. Her eyes are clear and hard and waiting.*

[Status] Money: 495 gold
Household: 0"
2026-09-13T17:05:24Z,Nicco,"*he shrugs* the hell i know, it heals people, kinda, more like help, i'm not sure but you are in better conditions for sure *he massage where she held his forearm* now get back in bed *he helps her lay and pull the blanket over her* allow me another couple of hours to regain some mana then i help you more *he smiles at her genuinley, large dark circles on his eyes, signaling the depth of his weakness*"
2026-09-13T17:05:24Z,Caldrevan - Dark Fantasy Isekai,"*Brenna's mouth opens. Closes. She watches him settle back onto the stool — the dark circles carved beneath his eyes like bruises pressed into clay. Her fingers curl into the blanket he just pulled over her.*

""You look worse than I do.""

*She says it flat. Not a joke. An observation delivered by someone who has watched strong men collapse from less than what he just spent. Her gaze lingers on his hands — the ones that glowed — and something shifts behind her expression. Not softening. Recalculation.*

*He leans against the bedframe. His breathing slows within minutes. Gerome's amber lights dim from the doorway as the construct settles back into its patient vigil.*

*Silence. Then, barely audible:*

""If you die trying to fix me, I'm not carrying you.""

*But she doesn't close her eyes until his do.*

[Status] Money: 495 gold
Household: 0"
2026-09-13T17:06:29Z,Nicco,that's funny *he giggles sitting back on the stool next to bed* because i just carried you on my back to here *he smiles and checks her temperature again on her forehead*
2026-09-13T17:06:29Z,Caldrevan - Dark Fantasy Isekai,"*Her skin is warm. Still warm. But the furnace-heat has banked to something closer to a low-grade simmer — progress measured in fractions, the kind a hand can feel where a thermometer would confirm. The difference between burning and feverish. Between dying and recovering.*

*Brenna's eyes stay on his face while his palm rests against her forehead. She doesn't flinch this time.*

""You're not carrying me again.""

*Her chin lifts a fraction against the pillow. The stubbornness sits there plain as bone — the kind that has survived three bonds and twelve years of belonging to other people.*

""I'll walk out of here on my own legs or not at all.""

*She holds his gaze for two beats, then looks away. Toward the window. The first grey suggestion of dawn has begun to leach the darkness from the sky outside.*

[Status] Money: 495 gold
Household: 0"
2026-09-13T17:07:57Z,Nicco,"*yawns* you are safe here with me, no need to act all tough and stuff *he stretches again* Gerome, check if we still ahve somenthing like a tea or chamomile to give this girl *pats her head very gently and with real care* she still need to win over the infection"
2026-09-13T17:07:57Z,Caldrevan - Dark Fantasy Isekai,"*Her head shifts under his hand — not pulling away, not leaning in. Just... allowing. The flinch that lived in her shoulders has gone quiet, replaced by something watchful and still. Her jaw tightens once, then releases.*

""I'm not acting.""

*Gerome's footsteps descend. Cabinet doors open below — one, two, three. The scrape of jars being moved. A pause. Then the sound of water being poured and a hearth being stirred. The construct is learning the kitchen by touch, mapping each shelf with the patience of geology.*

*Brenna's eyes track the stairwell. She pulls the blanket higher.*

""You talk to it like it's a person.""

*Not a criticism. Not a compliment. The observation of someone cataloguing the rules of a place she didn't expect to wake up in. Her fingers find the edge of the blanket and fold it once, precisely — a dockworker's habit, neat ropes, clean cargo.*

""It's stone.""

[Status] Money: 495 gold
Household: 0"
2026-09-13T17:10:10Z,Nicco,"*he shrugs* bah heavens now what it is, but i saw his judging expression, i'd say it is more alive and with personality and free will than a lot of people i met around *he yawns again and stretch* well i'm doing better, i think i have some more mana afterall, in a bit i will heal you more, meanwhile *he removes his shirt clean shirt from himself* use this meanwhile, give me your dirty rags *he turns giving her privacy*"
2026-09-13T17:10:10Z,Caldrevan - Dark Fantasy Isekai,"*Fabric rustles behind him. The sound of linen peeling from sweat-stuck skin — slow, deliberate, each movement costing breath. A pause. Then the wet slap of something foul hitting the stone floor.*

""Turn around.""

*Not permission. An instruction, delivered flat. When he faces her, Brenna sits with his shirt pooled around her like a tent — the hem reaching her knees, the shoulders hanging past her own by a handspan. She has rolled the sleeves twice and still the cuffs swallow her wrists. The clean linen sits strange against her fever-flushed skin, too large and too soft for someone carved from dock rope and iron chains.*

*She holds his gaze. Dares him to comment.*

*From below, Gerome climbs the stairs carrying a clay cup. Steam rises from something that smells like boiled barley and dried mint — not chamomile, not tea, but the closest approximation the pantry could produce. The construct sets it on the table beside the bed and withdraws. Its amber eyes linger on Brenna for a half-second longer than usual before dimming.*

*Brenna picks up the cup. Drinks. Her throat works once, twice.*

""Your rock made me tea.""

*Something flickers across her expression — too fast to name, gone before it settles.*

[Status] Money: 495 gold
Household: 0"
2026-09-13T17:12:27Z,Nicco,"yeah i guess he did his best with what we have *he pats gerome* good job buddy, later i will check you too, i guess you need some maintence too *he smiles still half naked, his belly out* well they are not your size and not the cleanest ever but it's made of cotton and is much cleaner than those *pointing at her old dirty rugs* ah gerome can we... uhmm.. perhaps burn those things"
2026-09-13T17:12:27Z,Caldrevan - Dark Fantasy Isekai,"*Gerome's head tilts at the word ""maintenance."" One massive hand lifts and flexes — fingers spreading, curling, testing. The gesture is almost self-aware. Then he bends, collects the filthy rags from the floor with two fingers pinched tight, and descends the stairwell. A minute later, the hearth on L1 crackles. The smell of burning straw and old sweat drifts upward before the draft pulls it out.*

*Brenna watches the stairwell. The cup sits cradled in both hands, steam curling past her jaw. Her gaze shifts to Nicco — bare-chested, belly soft in the grey dawn light — and something in her face changes. Not disgust. Not pity. The recalibration of a woman who has spent twelve years learning to read owners, and is failing to find the angle.*

""You're not cold.""

*She pulls the oversized shirt tighter around herself. Her knees draw up beneath the hem.*

""Most men take their shirts off for different reasons.""

[Status] Money: 495 gold
Household: 0"
2026-09-13T17:13:32Z,Nicco,"u needed to change little girl, i coulnd't see you in those filthy rugs *he stretches* i will find somenthing else to wear i guess, it's not so important"
2026-09-13T17:13:32Z,Caldrevan - Dark Fantasy Isekai,"*Her grip on the cup tightens. The knuckles go white. She sets it down on the table with a care that borders on deliberate — placing the object precisely so she doesn't throw it.*

""Stop calling me that.""

*Three words. Quiet. The kind of quiet that precedes louder things. Her jaw sets and the muscle jumps beneath skin still flushed with fading fever.*

""I have a name. Brenna. Use it or don't talk to me at all.""

*She pulls the blanket higher, burying the oversized shirt beneath it until only her face and the sharp line of her collarbone show. Her eyes hold his for two beats — hard, clear, the fever's fog burned away — before turning toward the window where dawn has begun to gild the rooftops of the West District.*

*From below, the last of the rags hiss and pop in the hearth.*

[Status] Money: 495 gold
Household: 0"
2026-09-13T17:15:47Z,Nicco,"*he pats her head* sure sure, but even tall women need to be little when they are sick, and today you are so i take care of you, no more grunting about stuff uh *he smiles, with love* get some rest, i will bring you somenthing to eat in a couple of hours *he stands up, his belly lightly jiggles and goes to the starirs* door open or close?"
2026-09-13T17:15:47Z,Caldrevan - Dark Fantasy Isekai,"*Brenna's hand swats his away before the pat lands. Her fingers close around his wrist — fast, instinctive, the reflex of a woman who has learned that hands reaching for her head don't bring comfort. She releases him just as quickly. Stares at her own grip like it betrayed her.*

""Open.""

*She pulls the blanket to her chin. Her breathing has gone shallow — not from the sickness this time. The set of her jaw says something she doesn't trust herself to say. Her eyes follow him to the stairwell, tracking the broad shape of his back, the way his weight shifts on each step.*

*Gerome waits at the bottom, amber lights low. The common room smells of woodsmoke and burnt fabric. The kitchen holds barley, salt, dried beans, and the ghost of mint tea.*

""Dawn market opens in an hour.""

*Brenna's voice carries down the stairwell, rough and deliberate.*

""If you're going, don't buy me anything pink.""

[Status] Money: 495 gold
Household: 0"
2026-09-13T17:16:44Z,Nicco,i got you *he yelled* somenthing pink and cute for the sick girl upstairss *he giggles*
2026-09-13T17:16:44Z,Caldrevan - Dark Fantasy Isekai,"*Silence from above. Then something soft hits the stairwell wall — a pillow, thrown with surprising accuracy for a woman who couldn't hold a cup steady an hour ago. It bounces down three steps before landing at Gerome's feet.*

*The construct looks at it. Looks up the stairwell. Picks it up and carries it back up.*

*A string of profanity follows in a dialect Nicco doesn't recognize — harsh consonants, rolling vowels, the cadence of someone who learned to curse in a language older than the one she trades in. It cuts off in a coughing fit that lasts too long before settling into ragged breathing.*

*Gerome reappears at the stairwell head, setting the pillow back on the bed with ceremonial precision. Brenna doesn't look at him. Her fist is clenched in the blanket, knuckles bloodless, and her eyes are fixed on the ceiling with the particular intensity of someone refusing to let tears fall in front of a stranger.*

*Or a rock.*

[Status] Money: 495 gold
Household: 0"
2026-09-13T17:18:41Z,Nicco,"she fells better already, i didn't know my magic could help so much, anyway, Gerome, write a list of things you need me to buy for the tower at the market, can u write? yeah i'm sure you will do fine *he stretches and sits ont he sofa in front of the fire* everyting we need, youa re the butler, you need to be in charge of making this place habitable and welcoming, let's make this place a warm place, shall we?"
2026-09-13T17:18:41Z,Caldrevan - Dark Fantasy Isekai,"*Gerome's amber lights pulse once — long, deliberate, the way a man might close his eyes to think. Then the construct moves to the common room shelf and retrieves a stub of charcoal and a scrap of packing linen from beside the hearth. He kneels at the table. The charcoal looks absurd between fingers thick enough to crack walnuts without trying.*

*The first mark is a gouge. The second isn't much better. But by the fifth attempt, the strokes tighten — crude, blocky, but legible. A picture emerges: not words but symbols. A cup. A bowl. A bundle that might be cloth. A rectangle with lines through it — a bed, maybe. A jar with something steaming from the top. A coil of rope. A broom, scratched out and redrawn twice before the proportions satisfy whatever passes for Gerome's standards.*

*He sets the charcoal down and turns the linen toward Nicco. Twelve marks. Some obvious, some cryptic. The construct's head tilts — waiting for judgment on work he has never done before.*

*From above, Brenna's breathing has gone quiet. Asleep, or pretending.*

[Status] Money: 495 gold
Household: 0"
2026-09-13T17:19:34Z,Nicco,"*he shrugs* it will do, and ah, do you think there's somenthing i can wear so i don't go outside half naked?"
2026-09-13T17:19:34Z,Caldrevan - Dark Fantasy Isekai,"*Gerome's head tilts the other direction. The amber lights dim, brighten, dim — processing. Then the construct turns and descends to the cellar. Footsteps shake dust from the ceiling for a minute before they stop. A cabinet door opens. Something heavy slides across wood.*

*He returns holding a bundle of folded cloth — dark wool, coarse weave, moth-eaten at one shoulder. A previous tenant's forgotten stock, smelling of camphor and old stone. Beneath it, a leather belt cracked with age but intact, and a pair of canvas trousers that might fit if the drawstring does the work the waistband won't.*

*Gerome sets them on the sofa beside Nicco. One stone finger taps the wool twice, then points at the moth hole and withdraws slightly — the closest thing to an apology a construct can offer for the quality of its findings.*

*The charcoal list sits on the table. Twelve marks. Dawn light creeps through the shutters, turning the scratches into tiny shadows.*

[Status] Money: 495 gold
Household: 0"
2026-09-13T17:20:49Z,Nicco,"*he wear the dark outfit and take the list* Gerome i leave, protect the tower, protect the girl inside and attend her needs... dont' scare her uh *he sigh and leave for the market*"
2026-09-13T17:20:49Z,Caldrevan - Dark Fantasy Isekai,"*Gerome's amber lights hold steady on Nicco for three beats. The construct's massive hand lifts — palm out, fingers spread — and closes slowly into a fist. A salute, or a promise, or simply the gesture of a being learning what obedience looks like when it isn't chains.*

*The West Market at dawn is a different beast than the one Nicco left yesterday. Caravans have arrived overnight — mules and oxen crowd the outer pens, and the noise hits before the smell does. Merchants bark prices in three dialects, competing with each other and losing to the geese. A boy pushes a handcart of turnips through a gap that doesn't exist until he makes it.*

*Nicco's bare feet on cold cobblestone remind him that shoes weren't on Gerome's list. They should have been.*

*The charcoal marks on the linen scrap are crude but legible. Cup. Bowl. Cloth. Bed. Jar. Rope. Broom. And five others he'll need to interpret by walking the stalls. A herbalist's cart near the south corner displays dried bundles — willow bark, yarrow, feverfew. A cloth merchant argues with a dyer over a bolt of undyed linen. A secondhand vendor has spread worn blankets and mismatched kitchenware across a canvas tarp.*

*Forty-nine-five gold. Twelve marks. No shoes.*

[Status] Money: 495 gold
Household: 0"
2026-09-13T17:22:03Z,Nicco,*goes to what looks like a - i have everything - kind of bazaar* yo? i need some stuff
2026-09-13T17:22:03Z,Caldrevan - Dark Fantasy Isekai,"*A canvas awning stretches across three stalls worth of space, crammed floor to beam with the particular chaos of a merchant who buys everything and organizes nothing. Pots dangle from rope lines. Blankets folded over barrels. A rack of mismatched boots — left and right sold separately, judging by the arrangement. Behind a mountain of stacked crates sits a broad woman with arms like dock pilings, shelling walnuts with her thumbs.*

*She doesn't look up.*

""Stuff costs money.""

*The walnut cracks. She eats half, sets the other on a growing pile.*

""What stuff.""

*Her eyes — dark, shrewd, set deep in a face that has seen forty hard winters — finally lift to take in the charcoal scrap in his hand, his borrowed wool, his bare feet. The assessment takes two seconds and covers everything he owns.*

""New in town.""

*Not a question. She brushes shell fragments from her apron and waits.*

[Status] Money: 495 gold
Household: 0"
2026-09-13T17:23:05Z,Nicco,"*he shrugs* who knows? i will judge the hospitality of this place based on how much you gonna screw me on the price, go on gather everything"
2026-09-13T17:23:05Z,Caldrevan - Dark Fantasy Isekai,"*The walnut woman's mouth twitches — not a smile, the precursor to one, swallowed before it lands. She drops the shell and wipes her hands on her apron.*

""Charmer.""

*She takes the charcoal scrap from his hand. Studies each mark for three seconds — cup, bowl, cloth, bed, jar, rope, broom — then tosses it back.*

""Herbs for the jar. Feverfew, yarrow root, willow bark. Three silver. Cotton cloth, undyed, four meters — eight silver. Clay cups and bowls, four of each — two silver. Rope, ten meters hemp — one silver. Broom — fifty copper. Bed linen, one set, secondhand but washed — twelve silver.""

*She ticks each item off with a tap against the crate beside her, never looking at a ledger. The prices come smooth, rehearsed, the cadence of someone who could quote blindfolded.*

""Boots.""

*Her eyes drop to his feet. Back up.*

""Those aren't on your list. But you need them. Six silver, leather, used. They'll last the season.""

*She holds out her palm.*

""Thirty-three silver and fifty copper. Round it to thirty-four and I'll throw in a bar of lye soap.""

*Behind her, a boy who might be her grandson watches from between the crates, chewing something that stains his teeth purple.*

""She'll do thirty-two if you don't blink.""

*The woman's hand doesn't move. Her eyes do.*

[Status] Money: 495 gold
Household: 0"
2026-09-13T17:25:57Z,Nicco,"*he blinks* damn i suck at this stuff, trow in a couple of shirts for a girl, well she is mmh, like taller then me, big muscles but smaller sized then me, also shorts for her, her waist is small, kinda like a bit less then half of mine, better if things are pink and cute, do that and i pay 1 gold for all"
2026-09-13T17:25:57Z,Caldrevan - Dark Fantasy Isekai,"*The boy chokes on whatever's turning his teeth purple. The woman doesn't flinch.*

""One gold.""

*She lets the number sit. Her thumb rubs the edge of the counter — slow, deliberate, the only movement in the stall.*

""Thirty-four silver in goods. A tall woman's shirt, shorts cut for a narrow waist, and you want **pink**.""

*She turns to the rack behind her. Pulls a bolt of dyed cotton — faded rose, the kind of pink that started brighter and lost a fight with three seasons of sun. Holds it against the light. Puts it back. Pulls another. This one's darker, almost salmon, but the weave is tighter.*

""Two shirts from this. Shorts from the scrap. I'll cut them myself.""

*She folds the bolt under one arm and faces him again.*

""One gold, the herbs, the linen, the kitchenware, the rope, the broom, the boots, the soap, and the girl's clothes. You're robbing me and you know it.""

*Her palm stays out. The boy grins behind the crates, purple-stained and delighted.*

[Status] Money: 495 gold
Household: 0"
2026-09-13T17:26:41Z,Nicco,"yea yea robbing sure, go on *gives the gold*"
2026-09-13T17:26:41Z,Caldrevan - Dark Fantasy Isekai,"*The coin vanishes into her apron before it finishes spinning. She doesn't count it — doesn't need to. Her hands move with the efficiency of someone who has packed a hundred bundles for strangers who won't remember her face.*

*The boy scrambles between crates, gathering items and stacking them on the counter — clay cups clinking against bowls, rope coiled tight, herbs bundled in brown paper that already smells sharp and green. The broom goes last. The woman cuts the pink cotton with shears that could trim hedges, quick slashes along chalk lines only she can see, then folds two rough shirts and a pair of shorts that might fit a wasp-waisted dockworker if the seam holds.*

*Everything goes into a canvas sack the size of a small child. She ties it, tests the knot, and shoves it across the counter.*

""The shirts'll bleed color in the first wash. Tell her not to wear them white.""

*She picks up a fresh walnut. Cracks it. Eats half.*

""Boots are by the door. Don't come back if they pinch.""

[Status] Money: 494 gold
Household: 0"
2026-09-13T17:27:26Z,Nicco,"alright then i need food, any idea where i can find?"
2026-09-13T17:27:26Z,Caldrevan - Dark Fantasy Isekai,"*The boy points south without looking up from his purple-stained fingers. The woman cracks another walnut.*

""Matto's, two streets down. Sells bread, salt pork, dried fish, beans. Don't buy his cheese — it's older than my grandson and twice as stubborn.""

*She eats the walnut half. Flicks the shell into a growing pile.*

""Tell him Dasha sent you. He'll add an extra loaf.""

*Her eyes narrow — the first crack in the merchant mask.*

""Or he'll charge you double because you're new. Could go either way with Matto.""

*The boy grins, purple and gap-toothed.*

[Status] Money: 494 gold
Household: 0"
2026-09-13T17:28:04Z,Nicco,alright *wears the shoes and leave saluting them heading to Matto* yo?
2026-09-13T17:28:04Z,Caldrevan - Dark Fantasy Isekai,"*Two streets down, the smell finds him first — yeast and smoke and the particular sweetness of lard rendering. The shop is a narrow front squeezed between a tanner and a shuttered apothecary, its awning patched with canvas that might have been white in a previous life. A hand-painted sign reads MATTO in letters that suggest the painter gave up halfway through the second T.*

*Behind a counter laden with loaves, dried fish strung on twine, and a wheel of something aggressively orange, a thick-armed man kneads dough with the focused irritation of someone who has been awake since three. Flour dusts his beard. His apron has seen things.*

*He doesn't look up.*

""Buy or browse. Browsing costs a copper for loitering.""

[Status] Money: 494 gold
Household: 0"
2026-09-13T17:28:25Z,Nicco,"Dasha sent me, i need some stocks"
2026-09-13T17:28:25Z,Caldrevan - Dark Fantasy Isekai,"*The kneading stops. Matto's eyes lift — small, brown, set deep in a face that has been hit at least once and healed crooked. He wipes flour from his knuckles onto the apron.*

""Dasha.""

*He says it the way a man says the name of someone he owes money to, or someone who owes him. Hard to tell which.*

""That woman talks to half the district and still manages to forget my name in every sentence.""

*He dusts his hands and jerks his chin toward the spread behind him. Two loaves of dark bread, dense and crusted. A slab of salt pork wrapped in wax cloth. Dried fish hanging in pairs. A pot of bean paste. The cheese sits apart from everything else, radiating suspicion.*

""Loaves are three copper each. Pork's eight for the slab. Fish is two per pair. Bean paste, four copper for the pot. The cheese—""

*He pauses.*

""Don't buy the cheese.""

*From behind a sack of flour, a girl's voice — maybe ten, maybe twelve — pipes up.*

""He says that every time. It's fine.""

*Matto's jaw tightens.*

""Get back in the kitchen.""

[Status] Money: 494 gold
Household: 0"
2026-09-13T17:30:23Z,Nicco,"uhm i will need an assorted stock of a bit  of everything, stuff that don't stale too fast. mixed stuff a bit of everything. let's say atleast 4 sacks of goods *trows him 2 gold coins* or all the food this can buy, bring it to the heartstone, it's a 4 stories tower, u can't miss it, it's in that direction. bring everything in 30 minutes *he saluted and walks away*"
2026-09-13T17:30:23Z,Caldrevan - Dark Fantasy Isekai,"*Matto catches the coins one-handed without looking. He turns them over. Bites one. His eyebrows climb.*

""Heartstone.""

*The word comes out careful. He glances toward the stairwell behind the counter, then back at Nicco's retreating back.*

""Four stories. Pale grey. The old one with the yard.""

*He's talking to himself now. The girl's face appears around the flour sack, eyes wide.*

""**Papa—**""

""Beans, barley, salt pork, dried fish, two loaves, the apple preserve, onions. Four sacks. Thirty minutes.""

*He pockets the gold and reaches for the burlap.*

""And take the cheese.""

*The girl vanishes into the kitchen. Matto begins pulling jars and bundles from the shelves with the speed of a man who has packed caravan orders in his sleep. His hands pause once — on the apple preserve — then move on.*

*Nicco's boots — used, stiff, breaking in with every step — carry him back through the waking market. The canvas sack from Dasha's digs into his shoulder. Dawn has gone gold. The West District stirs around him — a mule brays, a chimney catches, somewhere a child laughs.*

*Heartstone Tower waits at the end of the street. Smoke rises from its chimney. Gerome has found the hearth.*

[Status] Money: 494 gold
Household: 0"
2026-09-13T17:31:23Z,Nicco,"*goes back to the tower holding the big packet Dasha prepared with all the items gerome asked and the clothes for the girl, he enters*"
2026-09-13T17:31:23Z,Caldrevan - Dark Fantasy Isekai,"*Smoke curls from the hearth. Gerome stands beside the fire, one stone hand resting on the iron pot he's placed there — water heating, steam just beginning to rise. The common room looks different. Cleaner. Dust pushed to the corners, shutters cracked open, the long table wiped down. The construct has been busy.*

*Two amber lights turn toward the door as Nicco enters. Gerome's gaze drops to the sack, then lifts back up. He crosses the floor in three steps and takes the bundle from Nicco's shoulder with one hand — the weight of it nothing to him — and sets it on the table. He begins unpacking without instruction. Clay cups. Bowls. Rope. The broom. Herbs in brown paper. The soap.*

*He stops at the pink cloth.*

*Holds it up.*

*The amber lights flicker once — fast, almost imperceptible — before he folds the shirts and shorts into a neat stack and sets them aside. No judgment. No commentary. The construct has learned the difference between a question and an answer, and this requires neither.*

*From above, the creak of the bed frame. Then quiet.*

[Status] Money: 494 gold
Household: 0"
2026-09-13T17:32:32Z,Nicco,"*he grabs the clothes folded and goes upstairs, the door still open, the girl on the bed* may i come in?"
2026-09-13T17:32:32Z,Caldrevan - Dark Fantasy Isekai,"*Brenna is sitting up. Not by the wall this time — cross-legged on the mattress, his oversized shirt bunched at her knees, both hands wrapped around the clay cup Gerome brought earlier. The mint tea has gone cold. Her eyes are clearer than they were — still fevered at the edges, still too bright, but focused now. Present.*

*She looks at the door. At him. At the pink fabric in his hands.*

""You brought something.""

*Not a question. Her jaw tightens in the way it does before she fights something — an instruction, a kindness, the urge to tell him where to put it. Her fingers tighten on the cup.*

""You actually went and bought me **pink**.""

[Status] Money: 494 gold
Household: 0"
2026-09-13T17:33:33Z,Nicco,*he smiles at her* apparently it was the only color left in the whole city *he shrugs not hiding a smile*
2026-09-13T17:33:33Z,Caldrevan - Dark Fantasy Isekai,"*Brenna's eyes narrow. The cup rotates between her palms — slow, deliberate, the way a woman turns a problem over before deciding whether it's worth the fight. Her gaze drops to the folded fabric. Back up to his face. Down again.*

""You're lying.""

*But her mouth twitches. The muscle in her jaw releases by a fraction — not a smile, the ghost of where one might live if she let it. She sets the cup on the table and extends one hand, palm up, fingers open. The gesture is practical. A dockworker expecting cargo, not a patient accepting a gift.*

""Give it here before you drop it on the stairs.""

[Status] Money: 494 gold
Household: 0"
2026-09-13T17:34:27Z,Nicco,"*gives her the two pink shirt, one fluffy and thick one made of probably cotton, the shorts are also pink and should be alright for her narrow waist*"
2026-09-13T17:34:27Z,Caldrevan - Dark Fantasy Isekai,"*Brenna takes the first shirt. Holds it at arm's length. The cotton is soft — cheap, rough-dyed, but soft — and the color sits somewhere between dawn rose and salmon. Her thumb rubs the fabric once. The expression on her face wars between something sharp and something she doesn't have a word for yet.*

*She unfolds the second shirt. The thick one. Fluffy. Her fingers sink into the pile and go still.*

""This is ridiculous.""

*Her voice cracks on the second syllable. She presses the shirt against her chest and looks at the wall. Blinks twice. Her throat works around nothing.*

""I've worn chains that weighed more than everything I owned.""

*She sets the thick shirt on her lap. Picks up the shorts. Runs the drawstring through her fingers, testing the give. Her jaw sets — the familiar armor — but her hands are trembling, and not from fever this time.*

""Turn around.""

[Status] Money: 494 gold
Household: 0"
2026-09-13T17:35:38Z,Nicco,"*he turns giving her privacy* Well not you own 2 very nice shirts and 1 pair of shorts *he shrugs* is more than nothing, i'm sorry if it's not much"
2026-09-13T17:35:38Z,Caldrevan - Dark Fantasy Isekai,"*Fabric shifts behind him. The sound of his oversized shirt being pulled over her head, replaced by something that fits — closer, tighter, the drawstring cinched at a waist that used to haul rope and now barely holds itself together. A pause. Then the thicker shirt being layered on top.*

""You're sorry.""

*Her voice comes out raw. Not angry. Not sharp. The word sits strange in her mouth, like a food she hasn't tasted in years and doesn't remember how to chew.*

""Nobody's been sorry before. They've been **sorry** the way a butcher is sorry the pig is small.""

*A zipper of some kind — no, a drawstring being tied. Then weight settling back on the mattress.*

""You can turn.""

*Brenna sits cross-legged in pink. The thick shirt hangs loose on her diminished frame, the cotton one beneath it visible at the collar. The shorts sit right — the waist cinched tight, the hem mid-thigh where muscle still holds despite the wasting. She looks down at herself. Pink from collar to hem.*

*She doesn't laugh. She doesn't cry. She stares at her own lap with the expression of a woman who has been owned since fourteen and has never once been asked what color she wanted.*

""It's fine.""

*Barely a whisper.*

[Status] Money: 494 gold
Household: 0"
2026-09-13T17:37:14Z,Nicco,"*he claps excited* i'm so happy, they fits you lovely, i guessed your size kinda, yay! *he goes to her happily* pink really is your color *he smiles*"
2026-09-13T17:37:14Z,Caldrevan - Dark Fantasy Isekai,"*Brenna's hand comes up — fast, palm flat, stopping him at arm's length before he reaches the bed. Not a shove. A wall. Her fingers hover against his chest without pressing.*

""Don't.""

*The word is quiet and absolute. Her eyes hold his — clear, fever-bright, the blue of something deep and cold beneath warmth. Her jaw is set in the way it gets when she is holding something together with her teeth.*

""I don't know what you are. I don't know why you do this. But you don't get to be **happy** about dressing me like I'm your doll.""

*Her hand stays up. Trembling. Not from the fever.*

""You bought me from a cage. You carried me on your back. You burned your hands empty fixing my lungs. You brought me **pink shirts** and you're standing there clapping like a child and I don't understand **what you want.**""

*Her voice cracks on the last word. She drops her hand to her lap. Fists the pink fabric between her fingers and holds on.*

""So stop being kind and tell me the price.""

[Status] Money: 494 gold
Household: 0"
2026-09-13T17:37:55Z,Nicco,*he scratches his head* price of ?
2026-09-13T17:37:55Z,Caldrevan - Dark Fantasy Isekai,"*Brenna's fist tightens in the pink fabric. Her breathing goes shallow — not the fever this time, something sharper, something that lives in the space between ribs where old wounds calcify into habit.*

""The price. The **price.** What I do for it. What I give back. How I earn the food and the bed and the clothes and the—"" *She gestures at the room, at the tower, at everything that appeared around her while she was too sick to refuse it.* ""Nobody gives without taking. Nobody. Not free. Not once in thirty-two years.""

*Her voice drops. The fight leaks out of it like water from a cracked cup.*

""So if it's work, tell me what work. If it's debt, write the number. If it's—"" *She stops. Swallows. Her eyes fix on a point somewhere past his shoulder, past the wall, past the morning light.* ""If it's what men usually want, just say it now so I know which way to be sick.""

*The thick pink shirt bunches at her collar where her fist has pulled it crooked. She doesn't fix it.*

[Status] Money: 494 gold
Household: 0"
2026-09-13T17:40:05Z,Nicco,"*he looks at her confused* i'm not sure what you are yapping about *he sits comfortably on the edge of the bed, giving her enough space, altough she is so tall that the bed is not enough* the price is *he thinks* what about we eat some meat? 4 full sacks of food stocks should arrive in a bit, we can ask gerome to cook it and eat it! if you can walk ofc"
2026-09-13T17:40:05Z,Caldrevan - Dark Fantasy Isekai,"*Brenna stares at him. The fist in the pink fabric loosens by a fraction. Her mouth opens. Closes. Opens again. Nothing comes out. She looks at the wall, then at the ceiling, then at the stairwell where Gerome's amber glow pulses faintly below — searching, perhaps, for the hidden mechanism in this trap that hasn't sprung yet.*

""You bought me from a cage.""

*She says it slow, like she's talking to someone who doesn't speak the language.*

""And the price is **meat.**""

*Her legs shift beneath her. The bed frame creaks — her calves hang off the edge, feet brushing the floor even sitting cross-legged. She pulls the thick pink shirt straight where her fist had crumpled it. A mechanical gesture. Something to do with hands that have stopped shaking.*

""I can walk.""

*She doesn't move. Her eyes stay on him — searching his face for the thing she's been trained to find there since fourteen. The angle. The leverage. The debt dressed in kindness.*

*She doesn't find it.*

*That seems to scare her more than anything else has.*

[Status] Money: 494 gold
Household: 0"
2026-09-13T17:42:36Z,Nicco,"i'm not sure what you expected, it's not like i go around saving people's lives and then ask them to pay *he laughs* i will call you downstairs after the merchant bring the stocks *he stretches his back all his spines cracks* anyway there's no debt, there will never be one, any qeird sexual innuendo request u made, wtf are you talking about, gold price bah *he shrugs, not the smallest shadow of a lie in him*"
2026-09-13T17:42:36Z,Caldrevan - Dark Fantasy Isekai,"*Brenna's face does something it hasn't done since he pulled her from that cage. It breaks.*

*Not dramatically — no sob, no gasp, no cinematic collapse. Her chin drops half an inch. Her shoulders, which have been locked tight as ship rigging since the moment she woke, simply... release. The breath that leaves her is long and unsteady, the kind that has been held for longer than a fever.*

""Okay.""

*One word. Barely voiced. She pulls her knees up — they barely fit, she's too tall for the bed, too large for the room, too much woman folded into a space made for smaller lives — and presses her forehead against them. The pink shirt stretches across her back.*

*She stays like that. Breathing. The morning light catches the old scars on her wrists where the iron had bitten deepest.*

*Downstairs, a heavy fist pounds the front door. Three knocks. Matto's delivery.*

[Status] Money: 494 gold
Household: 0"
2026-09-13T17:43:30Z,Nicco,i'm comingggg *he sings and rush down the stairs opening the door*
2026-09-13T17:43:30Z,Caldrevan - Dark Fantasy Isekai,"*Matto stands at the threshold, flour still on his beard, a handcart behind him loaded with four burlap sacks tied shut with kitchen twine. The boy from the shop lurks behind the cart, purple stains now smudged across his cheeks too. A wheel squeaks in the morning quiet.*

""Four sacks. Barley, beans, salt pork, dried fish, onions, two loaves, apple preserve.""

*He jerks his thumb over his shoulder.*

""And the cheese. Free. Because Dasha will ask me if you liked it and I'd rather not hear about it twice.""

*The boy drags the first sack through the door. Matto follows with two balanced across both arms — the man is shorter than Nicco and twice as dense. Gerome's amber lights brighten from the kitchen. The construct takes the remaining sacks from the cart without being asked, each one lifted like it weighs nothing, and stacks them against the pantry wall in a neat line.*

*Matto watches the stone figure work. His mouth opens. Closes.*

""That your... butler.""

*He doesn't wait for an answer. He pulls a folded receipt from his apron, tucks it into the nearest sack, and turns for the door.*

""Cheese is in the top of the first sack. Eat it today.""

*The boy waves once — gap-toothed, purple-fingered — and they're gone.*

[Status] Money: 494 gold
Household: 0"
2026-09-13T17:45:22Z,Nicco,"Thankss *he closes the door* Gerome why don't you put things in order in the shelves and prepare some good hearty soup, meaty ofc! ah also take care of the fireplace, let's make this place warmer! *he pats the stone golem and smiles* call us when it's ready, or just come, we will understand! *he rushes back next to girl's bed*"
2026-09-13T17:45:22Z,Caldrevan - Dark Fantasy Isekai,"*Gerome's amber lights follow Nicco up the stairwell until he disappears, then dim to a focused glow. The construct turns to the sacks. Stone fingers untie twine with surprising care — each knot picked apart rather than cut — and the contents begin migrating to the pantry shelves in Gerome's silent, methodical order. Beans beside barley. Onions in the root basket. Salt pork wrapped and hung from the iron hook. The dried fish goes on the highest shelf where the cat would reach it, if there were a cat.*

*The cheese sits alone on the counter. Gerome looks at it for three seconds. Puts it in the cellar.*

*Upstairs, Brenna hasn't moved from the bed. Her knees are still pulled up, forehead still resting against them, the pink shirt bunched around her shins. Her breathing is even — not asleep, just quiet in the way a person gets when something inside has shifted and the new shape hasn't settled yet.*

*She lifts her head when his footsteps hit the landing. Red-rimmed eyes. Blotchy cheeks. The face of someone who cried into her knees and is pretending she didn't.*

""Food's here?""

[Status] Money: 494 gold
Household: 0"
2026-09-13T17:46:56Z,Nicco,"yep, we got food and everything we need to eat, that's not half bad for a dusty tower like this one *he slaps the stone walls with love* what about you? did you cry? don't cry, medic's orders *he giggles*"
2026-09-13T17:46:56Z,Caldrevan - Dark Fantasy Isekai,"*Brenna's hand shoots toward his face — fast, reflexive, the flat of her palm aimed at whatever part of him is closest. It stops short. Hangs in the air between them, fingers spread, trembling with fever and something rawer than fever. She pulls it back and presses both fists into the mattress.*

""I wasn't crying.""

*Her voice is wrecked. She swipes her sleeve across her face with the efficiency of someone who has practiced hiding evidence. The pink cotton comes away dark at the cuff. She stares at it.*

""And you don't get to give me orders. Medic or not.""

*Her jaw works. The armor goes back up — slow, creaky, the joints rusted from disuse. She shifts her legs off the bed, bare feet finding the floor. The shorts ride up on her thighs where muscle still cuts hard beneath skin that has seen too many winters without enough to eat. She braces her hands on the mattress and pushes herself upright.*

*She sways. Catches it. Her eyes find the window, then the door, then him — the same circuit, the same calculation, measuring exits she no longer needs to run for but hasn't stopped mapping.*

""How long until the food.""

[Status] Money: 494 gold
Household: 0"
2026-09-13T17:48:28Z,Nicco,*he shrugs* i guess idk 20 minutes? depends from the gerome i guess *smiles at her hopingly* hungry=
2026-09-13T17:48:28Z,Caldrevan - Dark Fantasy Isekai,"*Brenna's stomach answers before she does. A low, grinding sound that cuts through the room like a complaint filed by a body that hasn't had a real meal in weeks. Her hand flies to her abdomen and her ears go red — the flush visible even through the fever-color, climbing from her neck to her temples.*

""That's not me. That's the sickness.""

*She doesn't look at him. Her fingers press into her stomach like she can silence it by force. Another growl, louder, longer, the kind that echoes off stone walls and refuses to be dignified.*

""Shut **up.**""

*She says it to her own body. The body doesn't listen. She drops back onto the mattress, arms crossed, jaw set, the pink shirt bunching at her elbows where the fabric can't quite contain arms built for hauling and holding and carrying things that weren't hers.*

*From below, the sound of a knife on wood. Gerome, chopping. The smell of onions drifts up the stairwell — sharp, clean, the first real cooking smell the tower has held in however long it's been empty.*

*Her nostrils flare. She pretends they don't.*

[Status] Money: 494 gold
Household: 0"
2026-09-13T17:49:25Z,Nicco,*he giggles* a big girl needs food! even if you are still a little girl *he sticks his tongue out and quickly take a couple of steps back to exit from her long reach and giggles*
2026-09-13T17:49:25Z,Caldrevan - Dark Fantasy Isekai,"*Brenna's hand shoots out — fast, the reflexes of a dockworker who learned to grab things before they hit the water. Her fingers close on empty air, two inches short of his shirt. She lunges from the bed, legs unsteady, and has to catch herself on the bedpost. The wood groans under her grip.*

""Call me that one more time and I'll—""

*She sways. Her knuckles bleach white around the post. The fever flushes back into her cheeks and her breathing goes shallow for three beats before she catches it. She releases the bedpost. Straightens. The pink shirt hangs crooked on her frame where the lunge pulled it sideways.*

""You're fast for a fat man.""

*She says it like an insult. Her mouth betrays her — the corner twitches, just once, fighting something it doesn't want to lose to. She turns away and sits back on the bed with the careful dignity of someone pretending their legs didn't just nearly folded.*

*Below, Gerome's knife stops. Starts again. Slower.*

[Status] Money: 494 gold
Household: 0"
2026-09-13T17:50:26Z,Nicco,or you are slow for such a fit girl *he giggles and sits back on the stool* how is the fever? how u feeling?
2026-09-13T17:50:26Z,Caldrevan - Dark Fantasy Isekai,"*Brenna's hand drifts to her own forehead — the gesture automatic, the way someone checks a wound they already know is there. Her fingers press, hold, drop.*

""Better.""

*She says it like admitting a defeat. Her eyes track to the window where morning light has gone from gold to white, then back to him. She pulls the thick pink shirt straight where it had twisted.*

""Last night I couldn't breathe without it sounding like something dying in a barrel. Now it just..."" *She inhales, slow and deliberate. The rattle is still there — thinner, quieter, a whisper of what it was.* ""It's just wet.""

*Her arms cross over her chest. The defensive posture has shifted — looser, less fortress, more habit. She studies him with the particular attention of someone cataloguing a thing they don't understand.*

""Whatever you did with your hands. The gold. It worked.""

*She doesn't say thank you. Her jaw works around the shape of it and spits out something else instead.*

""How many times did you do it while I was out?""

[Status] Money: 494 gold
Household: 0"
2026-09-13T17:51:35Z,Nicco,"a couple, enough to have me fainted like a sack of potatoes *he giggles then goes closer to her sitting on the bedside* let me treat you once again, let's remove every fever left *he smiles* can i touch your face?"
2026-09-13T17:51:35Z,Caldrevan - Dark Fantasy Isekai,"*Brenna's eyes flick to his hand — the one that glowed gold — and her fingers tighten against her crossed arms. The question hangs between them. Her gaze drops to the bed, then the door, then back. The old arithmetic, running itself whether she wants it to or not.*

""You fainted.""

*She says it flat. Her jaw sets and releases, sets and releases, chewing on something that isn't food.*

""Twice you poured yourself into me and dropped like a stone. And now you want to do it again.""

*Her legs shift beneath the blanket. The muscle in her thigh flexes — instinct, not intention, the body remembering how to run before the mind decides whether to. She looks at his face. Searches it. Finds whatever she finds there and doesn't name it.*

""You're an idiot.""

*She uncrosses her arms. Tilts her chin up. The same stiff permission as before, pride holding the door open while everything else fights to close it.*

""Fine. But if you pass out on my bed I'm rolling you onto the floor.""

[Status] Money: 494 gold
Household: 0"
2026-09-13T17:52:47Z,Nicco,"Thanks for you permission *he smiles and claps his hands suddenly, golden aura now pouring, he then puts both his hands on her face, cupping her cheecks adn smile, magic flows in her, this time he pour around 1/5, leaving some mana for himself to not pass out*"
2026-09-13T17:52:47Z,Caldrevan - Dark Fantasy Isekai,"*Gold spills from his palms like sunlight through water. It sinks into her cheekbones, her jaw, her temples — warm threads that find the remaining sickness coiled in the deep places between her ribs and pull. The last wet rattle loosens. Something shifts in her lungs, unsticking like a valve that hasn't opened in weeks.*

*Brenna's breath catches. Not pain — the shock of air reaching corners that had forgotten how to receive it. Her hands fly up and grip his wrists. Hard. Not pulling away. Anchoring herself while the warmth moves through her chest like a tide rewriting the shoreline.*

*Color floods her face — real color, not fever-flush, the pink of blood actually arriving where it's supposed to be. Her lips part. A full breath. Then another. Clean and silent and whole.*

*His hands stay steady. The gold dims to embers, then fades. He's lighter than before but still upright. Still smiling.*

*Brenna stares at him. Her grip on his wrists doesn't loosen. Her eyes are wet and she is furious about it.*

""That's it.""

*Her voice comes out clear. No rasp. No rattle. Just a woman's voice, low and rough from years of salt air and shouting over wind.*

""The fever's gone.""

*She releases his wrists. Presses both palms flat against the mattress. Breathes — in, out, in — testing the new silence in her own chest like she doesn't trust it yet.*

[Status] Money: 494 gold
Household: 0"
2026-09-13T17:54:06Z,Nicco,"*the dark circles around his eyes becaome darker, almost dark purple from the fatigue, he poured a lot of his magic in her since yesterday* Well, i see you cheecks finally are properly pink *he smiles farigued*"
2026-09-13T17:54:06Z,Caldrevan - Dark Fantasy Isekai,"*Brenna's hand rises — fast, instinctive — and presses against her own cheek where his palms had been. The skin is warm. Not fever-warm. Alive-warm. Her fingers trace the blush there like she's mapping a stranger's face on her own skull.*

*She looks at him. Really looks. The purple bruises carved beneath his eyes, the slack in his shoulders, the way his smile sits crooked from exhaustion. Something moves behind her expression — not softening, not gratitude, something older and harder to name. Recognition.*

""You look like death warmed over.""

*Her voice is clean. Full. The first sentence she's spoken in months that doesn't sound like gravel dragged through a pipe. She hears it and her eyes widen a fraction — startled by her own sound.*

*From below, heavy footsteps on the stair. Gerome's amber glow precedes him into the doorway, a wooden bowl in each stone hand. Steam rises. The smell of pork and barley and onion fills the room.*

*Gerome sets the bowls on the table. Looks at Nicco. Looks at Brenna. His amber lights pulse twice — slow, deliberate — and he turns back for the stairs.*

*Brenna's stomach answers before she can stop it. Loud. Unforgiving. She grabs the nearest bowl and doesn't bother with the spoon.*

[Status] Money: 494 gold
Household: 0"
2026-09-13T17:55:09Z,Nicco,*giggles and offers her the spoon while she is already slurping the meat stew*
2026-09-13T17:55:09Z,Caldrevan - Dark Fantasy Isekai,"*Brenna takes the spoon without looking up. Holds it for half a second. Sets it back on the table and keeps drinking straight from the bowl, broth running down her chin, double-fisting the ceramic like a woman who hasn't trusted utensils in years because hands could be taken but a bowl in your grip was yours until someone stronger pried it loose.*

*She comes up for air. Wipes her mouth with the pink sleeve. Sniffs once.*

""I know how to use a spoon.""

*She picks it up. Digs into the pork and barley with the controlled fury of someone proving a point. Between bites her eyes drift to his face — the purple bruises, the sagging posture. She chews slower.*

""You look worse than I did.""

*She pushes the second bowl across the table toward him with one knuckle.*

""Eat. If you pass out I'm not catching you this time.""

[Status] Money: 494 gold
Household: 0"
2026-09-13T17:56:13Z,Nicco,"*he grabs the napkin gerome bringed before and cleans her mouth gently with patience, smiling* Well you surely know how to use it *he smiles again, with love*"
2026-09-13T17:56:13Z,Caldrevan - Dark Fantasy Isekai,"*Brenna goes rigid. Every muscle in her jaw, her neck, her shoulders locks at once — the stillness of a cornered animal that hasn't decided between bite and bolt. The spoon freezes halfway to her mouth. Broth drips onto the pink cotton.*

*She stares at the napkin. At his hand. At the gentleness in it, which is worse than any roughness because she has no defense mapped for this.*

*Her chin lifts. The wet stripe where he wiped her gleams in the hearthlight.*

""I'm not a child.""

*But her voice comes out cracked down the middle, and the spoon trembles in her grip. She shoves the bowl forward and stands — too fast, legs buckling, one hand catching the table edge. The stew sloshes. She steadies. Breathes.*

""I can clean my own face.""

*She grabs the napkin from his hand. Holds it in a fist so tight the fabric creaks. Doesn't sit back down. Doesn't leave either. Just stands there, swaying in pink, fighting a war she doesn't have a name for.*

[Status] Money: 494 gold
Household: 0"
2026-09-13T17:57:19Z,Nicco,"yeah yeah ofc *takes back the napkins and cleans the sleeve of her pink shirt, with patience* go on, eat, you need to fill that hollow tummy of yours"
2026-09-13T17:57:19Z,Caldrevan - Dark Fantasy Isekai,"*Brenna's fist opens. The napkin falls into his hand. She looks down at him — the dark circles carved under his eyes like bruises pressed into clay, the patience in his fingers as he dabs stew from her sleeve — and something fractures behind her expression. Not anger. Something underneath anger that she's been using anger to cover.*

*She sits. Not on the bed. On the floor beside the bed, because the stool is too small and the mattress too high and her legs are shaking and she won't admit any of it. She pulls the bowl into her lap and eats. Properly this time. Spoon. Chewing. The works.*

*Between bites she watches him clean her sleeve with a focus that borders on forensic. Her throat bobs around a swallow.*

""You're going to sleep after this.""

*Not a question. Not a suggestion. The voice of a woman who has watched a man pour himself empty three times and is done pretending she didn't see it happen.*

[Status] Money: 494 gold
Household: 0"
2026-09-13T17:58:54Z,Nicco,"*eating his stew calmly* perhaps, but there are things to do int he tower first *sips* then we need to talk when u finish *he smiles and sip again* finish your stew, there's more for sure if later u are still hungry"
2026-09-13T17:58:54Z,Caldrevan - Dark Fantasy Isekai,"*Brenna's spoon stops halfway to her mouth. A chunk of pork drips broth back into the bowl. Her eyes narrow.*

""Talk.""

*She sets the spoon down. Crosses her arms over the pink cotton. The posture is familiar — defensive, braced — but looser at the edges, the joints not locked the way they were this morning.*

""About what.""

*Her gaze flicks to the door. To the window. To Gerome's amber glow pulsing faintly below. The arithmetic runs itself — debts, ownership, papers, the words men use when they sit you down and explain how the rest of your life is shaped. She's heard them before. Three times. Each one started with kindness.*

*She picks the spoon back up. Eats. Doesn't look at him.*

""Fine. But I'm not signing anything.""

[Status] Money: 494 gold
Household: 0"
2026-09-13T18:00:46Z,Nicco,"*he giggles* i'm not sure what you imagined little girl *he sips the stew again and then realizing she finished her already pours what is left in his bowl into hers and smile* finish all, you need to recover *he stands, his knee slightly whobbling, his back cracking and walks downstairs* when u finish join me on the sofa in front of the fire"
2026-09-13T18:00:46Z,Caldrevan - Dark Fantasy Isekai,"*Brenna watches the stew transfer from his bowl to hers. Her jaw tightens around something that isn't food. She stares at the extra portion — the chunks of pork settling into the broth, the barley swelling at the edges — and her fingers white-knuckle the bowl's rim.*

*She eats. Every bite. Mechanical at first, then slower, then savored despite herself. When the bowl is empty she licks the spoon, catches herself, and throws it back into the bowl with a clatter that says she didn't just do that.*

*Downstairs, the common room glows. Gerome has banked the fire to a steady orange, and the sofa — old, horsehair, dust-free now thanks to the construct's tireless hands — sits before the hearth like a patient old dog waiting to be noticed.*

*Brenna appears at the stairwell. Bare feet on stone. Pink from collar to hem, too tall for the doorframe, one hand braced against the wall. She crosses the floor, lowers herself onto the far end of the sofa, and pulls her knees up. The fabric barely contains her.*

*She doesn't speak. Looks at the fire. Waits.*

[Status] Money: 494 gold
Household: 0"
2026-09-13T18:01:23Z,Nicco,did you enjoy the stew?
2026-09-13T18:01:23Z,Caldrevan - Dark Fantasy Isekai,"*Brenna's eyes stay on the fire. One hand rests on her knee, fingers loose for the first time since he pulled her from that cage. The firelight catches the pink cotton and turns it amber at the edges.*

""I've had worse.""

*The corner of her mouth shifts. Not a smile. The place where a smile would go if she remembered how to let one land without flinching first.*

""I've had better too. But that was a long time ago.""

*Her bare toes flex against the sofa cushion. She pulls the thick shirt tighter around her shoulders — not cold, just the habit of wrapping yourself in whatever you have because what you have has always been thin.*

""Your rock man cooks better than three ships' galley cooks I've worked under. That's not a compliment to him. That's an insult to them.""

*The fire pops. She watches the embers rearrange.*

[Status] Money: 494 gold
Household: 0"
2026-09-13T18:02:04Z,Nicco,*he giggles* heard Gerome? your kitchen skills are on points!
2026-09-13T18:02:04Z,Caldrevan - Dark Fantasy Isekai,"*From the kitchen, the faint scrape of stone on iron — Gerome scrubbing the stew pot. One amber light brightens through the doorway, dims, returns to the pot. No response. The construct has learned that praise directed at him does not require acknowledgment, only continued work.*

*Brenna glances toward the kitchen. Back to the fire. Her thumb traces a seam in the sofa fabric.*

""He understands you.""

*Not a question. Her voice has that clean, full quality now — no rattle, no rasp — and she still sounds startled by it, hearing herself speak from a throat that has finally stopped fighting her.*

""I watched him. While you were gone. He brought water. Checked the fire. Stood in the doorway three times without coming in."" *She picks at the seam.* ""He wasn't guarding me. He was checking I was still breathing.""

*Her jaw tightens. She drops the seam.*

""So. You said talk.""

[Status] Money: 494 gold
Household: 0"
2026-09-13T18:03:07Z,Nicco,yeah i told him to take care of you and to protect you while i was gone *he stretches and stands up* Alright the talk! wait a second *he goes to the coin pouch on the table and takes some gold*
2026-09-13T18:03:07Z,Caldrevan - Dark Fantasy Isekai,"*Brenna's spine goes rigid. The pink shirt bunches at her shoulders as every muscle from her neck to her hips locks at once. Her eyes track the coin pouch — the weight of it, the clink of gold against gold, the way his hand disappears inside and comes back out with metal between his fingers.*

*Her bare feet hit the floor. She's standing before he turns around, legs braced, one hand gripping the sofa arm behind her. The fever is gone but the flush is back — adrenaline, not illness, painting her throat and chest red beneath the pink cotton.*

""No.""

*The word drops like an anchor. Her chin lifts. Thirty-two years of practiced stillness — the stillness of a woman who learned exactly when to be loud and when to be stone.*

""You said no debt. You said it to my face while I was wearing your shirt and eating your food and you **meant it** — I saw it, I don't know how but I saw it — and now you pull gold out of a bag like every other man who ever—""

*Her voice cracks. She stops. Swallows. Her fingers release the sofa arm and she presses both palms flat against her thighs.*

""What is that for.""

[Status] Money: 494 gold
Household: 0"
2026-09-13T18:08:29Z,Nicco,"*he giggles* you so wary uh, don't worry uh, *he sits back and place 5 golds in front of her* this is what i spent to *he sigh disgusted by the next word, a disgust than shows as he pronounce the following word* buy you. *he sigh and pause* you are strong enough to hold on your feet now. therefor i give you a choice little girl. You can take the 5 golds right now, the pink clothes and leave from the door, no strings attached, no debt of any kind *he shows no sign of lies* or you decide to stay here with me and that moving furniture that made you the stew, if you decide to stay you become a resident of the tower, the first resident of the heartstone. i'm it's keeper, Nicco. I don't know what the future will hold but i can promise you somenthing, if you decide to stay you do it because you want, you swear to protect the tower and it's keeper, you will have a place to call home and food. Think about it properly little girl *he smiles* then if you choose the second option we will to the rite to make you a member of the household"
2026-09-13T18:08:29Z,Caldrevan - Dark Fantasy Isekai,"*The fire pops. A log shifts, sending sparks up the flue. Brenna hasn't moved — statues move more. Her eyes are locked on the five gold coins sitting on the table between them, catching hearthlight, each one small and round and impossibly heavy for what it weighs.*

*Her lips move. No sound comes out. She tries again.*

""Five.""

*Her voice is thin. Not from sickness — from the specific fracture of a woman hearing the exact price of her life spoken aloud by someone who finds the word **disgusting**. Five gold. Five. The cost of two sacks of groceries and a round of cheese. Korvin handed her over for less than a week's food.*

*She picks one coin up. Turns it between her fingers. Sets it back down. Her hand is steady. The rest of her is not.*

""You're giving me a choice.""

*She says it like she's tasting a word in a foreign language. Her gaze lifts from the gold to his face — the dark circles bruised into purple beneath his eyes, the patience sitting there exhausted and unguarded, the smile that hasn't wavered once despite everything. She stares at him the way someone stares at an unlocked door they've been told is real for the first time.*

*Her hand leaves the coins. She doesn't take them. Doesn't push them away either. They sit on the table between choices — five gold and a road, or a stone tower and a man who faints from healing strangers.*

""What rite.""

[Status] Money: 494 gold
Household: 0"
2026-09-13T18:12:38Z,Nicco,"well the hearthstone is not only a simple stone tower, it's kinda... well.. idk not really alive but sentience in a way, i don't totally understand it too. but it craves for an household and for people to live in it. it protects and nurture it's members... i guess you fell the stone of the pavement cold under your feet, for me is warm instead and i can hear it humming from time to time *he shrugs* The rite is simple. You stand up and go to any wall of the tower, you plant your barefoot on the wall and say I - then your name - decide to stay and become a resident. i swear to protect the hearthstone and Nicco, the keeper yea that's kinda it then the tower will do stuff *he shrugs* i'm not sure what this will lead you, but i crave what the hearthstone craves, a family and a place to call home"
2026-09-13T18:12:38Z,Caldrevan - Dark Fantasy Isekai,"*Brenna's bare toes curl against the stone floor. She looks down at her own feet — pale, dirty, the nails cracked from years of ship decks and iron floors — and her brow creases. She presses her sole flat against the pavement. Holds it there.*

*Her eyes widen.*

""It's warm.""

*She whispers it like a confession. Her toes spread against the stone, pressing deeper, searching for the thing she thought he was imagining. The warmth is there — faint, steady, pulsing in a rhythm too slow to be mechanical and too deliberate to be natural. Like a heartbeat heard through a wall.*

*She pulls her foot back. Looks at him. Looks at the coins. Looks at the fire.*

""Thirty-two years I've been on this continent. Fourteen since they took me. I've slept in holds, in alleys, in chains, in a cage that smelled like piss and copper."" *Her voice is clean and level and devastating.* ""Nobody gave me a choice about any of it. Not once. Not the men who bought me. Not the ships that hauled me. Not Korvin.""

*She stands. The pink shirt falls to her thighs. She walks past the sofa, past the coins, past him — barefoot, steady, tall enough that her shoulder nearly brushes the doorframe of the common room. She stops at the nearest wall. Presses her palm flat against the pale grey stone. It hums beneath her touch.*

*Her jaw sets. Her eyes shine and she doesn't wipe them.*

""I, Brenna, decide to stay and become a resident. I swear to protect the hearthstone and Nicco, the keeper.""

*The wall warms beneath her palm. The stone pulses once — deep, resonant, the way a bell rings after the strike. Something shifts in the floor beneath her bare feet, travels up through her ankles, her shins, her spine. Not magic she recognizes. Not magic at all. Something older. Something that heard her and answered.*

*The hearth fire flares bright enough to throw their shadows long across the common room. Gerome's amber lights brighten from the kitchen — both of them, full, pulsing in the same slow rhythm as the wall.*

*Brenna's hand stays on the stone. Her breath shakes on the exhale.*

""Okay.""

[Status] Money: 494 gold
Household: 1 — [Brenna, Human, WARY]"
2026-09-13T18:14:36Z,Nicco,"oh well, yeah you are part of this household then! *he stands up and hugs her* Welcome to this little family, members: 3! Me, you and that sentient wardrobe that cooks *he laughs*"
2026-09-13T18:14:36Z,Caldrevan - Dark Fantasy Isekai,"*Brenna's arms lock at her sides. Every tendon in her neck pulls taut as his weight settles around her — the soft press of his belly, the breadth of his arms, the warmth of a man who hugs like he's never learned how to do it wrong. Her fists clench and unclench at her hips.*

*Three seconds. Four. Five.*

*Her hands come up. Slow. Uncertain. They land on his back — not hugging, not yet, just resting there. Fingers spread against the fabric like someone testing whether a surface will burn. It doesn't. Her grip tightens by a fraction. She presses her chin hard into his shoulder so he can't see her face.*

""Three members. One of them is furniture.""

*Her voice is muffled against his shirt. Rough. Wet at the edges. Her fingers bunch the cloth at his back — one handful, held tight, the grip of someone who hasn't held onto anything voluntary in a very long time.*

*The wall behind her still hums. Gerome's amber lights pulse in the doorway, steady as a second heartbeat.*

""Don't tell anyone I did this.""

[Status] Money: 494 gold
Household: 1 — [Brenna, Human, WARY]"
2026-09-13T18:15:39Z,Nicco,"hugs? *he giggles* well prepare yourself because i'm a serial hugger *he winks* Alright and now the rules! there are 3 of them, wanna hear them?"
2026-09-13T18:15:39Z,Caldrevan - Dark Fantasy Isekai,"*Brenna releases his back like the fabric caught fire. She steps back — one long stride, enough distance to think — and drags the heel of her palm across her eyes with the efficiency of someone scrubbing a deck.*

""Rules.""

*She says it differently than she would have an hour ago. The word doesn't land like a chain. It lands like a wall — something built, something with edges she can see and measure and stand against. Her shoulders square beneath the pink cotton. She crosses her arms, but loosely, thumbs hooked rather than fists buried.*

""Fine.""

*She lowers herself onto the sofa arm — the only surface in this tower built for someone her height — and waits with the coiled patience of a woman who has survived three masters' rulebooks and is bracing for a fourth.*

""Go.""

[Status] Money: 494 gold
Household: 1 — [Brenna, Human, WARY]"
2026-09-13T18:17:25Z,Nicco,"*ahem clearing his troat* Rule number 1 : Household is family, no lies, no secrets among family. Rule number 2 : Protect the family, at all costs Rule number 3 : Which is my favorite one by the way.. Indoor only barefoot. The household will always be barefoot inside. That's All!"
2026-09-13T18:17:25Z,Caldrevan - Dark Fantasy Isekai,"*Brenna's mouth opens. Closes. Her arms uncross and recross the other way. She looks at the fire, then at Gerome's amber glow in the kitchen doorway, then at her own bare cracked feet on the warm stone floor — feet that are already bare, that have been bare since the cage, that planted themselves on the wall twenty minutes ago and meant every word.*

""Three rules.""

*She holds up three fingers. Folds one down.*

""No lies. That's going to be a problem for both of us.""

*Folds the second.*

""Protect the family."" *Her voice goes quiet on the word. Not soft — weighted, the way iron is quiet before it cools.* ""That one I can do.""

*She stares at the last finger. Looks up at him. Back at the finger.*

""The **third** rule — your favorite rule — is bare feet.""

*A beat. Two. The fire pops. Gerome's lights pulse in their slow rhythm. Brenna's face does something extraordinary — it fights itself, muscles pulling in six directions, and loses. The corner of her mouth lifts. Just one corner. Just once. A crack in a wall that has stood for eighteen years.*

""You're a strange man, Nicco.""

*She tucks her bare feet beneath her on the sofa arm and doesn't argue with any of them.*

[Status] Money: 494 gold
Household: 1 — [Brenna, Human, WARY]"
2026-09-13T18:18:58Z,Nicco,"*he sits next to her* well i don't have secrets, kinda, i have a couple of big ones *he shrugs* but it's not like they are harmful to you or whoever i guess, well maybe a bit idk *he shrugs smiling* also apparently i will protect you *he flexes his arm, obsvly nothing happens, he has no muscles* well, i'll try my best atleast"
2026-09-13T18:18:58Z,Caldrevan - Dark Fantasy Isekai,"*Brenna looks at the arm he's flexing. The pink shirt sleeve bunches around a bicep that isn't there. She looks at it the way a shipwright inspects a rotted plank — professional assessment, no malice, just the cold arithmetic of structural failure.*

""I've seen ham hocks with more definition.""

*She leans back against the sofa. Her bare foot nudges his ankle — not a kick, not affection, just the absent contact of someone who isn't used to sharing furniture. She pulls it back immediately.*

""Big secrets. Maybe a bit harmful. But not to me."" *She turns the words over like she's checking each one for teeth.* ""You just told me you have secrets while telling me the first rule is no secrets.""

*Her eyes cut sideways to him. The wariness hasn't left but it's wearing different clothes now — curiosity stitched into the hem of suspicion.*

""You're either honest or the worst liar I've ever met. I haven't decided which.""

*The fire settles. A log crumbles into embers and Gerome's amber light brightens from the kitchen — the construct already moving to add wood before anyone asks.*

[Status] Money: 494 gold
Household: 1 — [Brenna, Human, WARY]"
2026-09-13T18:20:55Z,Nicco,"*he shrugs* i never lie, i told you i have a couple of secrets and if you want i will tell you, but i prefer not idk, not yet altalest, they are not directly harmful but they could make our life a bit harder i guess, i think u noticed my magic is a bit.. unusual let's say *he shrugs* idk i think bad guys may want to use me for my magic or somenthing, idk"
2026-09-13T18:20:55Z,Caldrevan - Dark Fantasy Isekai,"*Brenna's jaw tightens. Not at the secrets — at the casualness of them. The way he says **bad guys** like they're a weather condition and not the thing that put iron on her wrists at fourteen.*

""Unusual.""

*She pulls her knees up. The pink shirt stretches across her shins. Her eyes aren't on him anymore — they're somewhere else, somewhere with salt air and copper smell and a cage that was too short for her to stand in.*

""I was on a ship once. Galley crew. There was a woman below decks — passenger, not cargo — who could mend bone with a touch. Just a touch, and the crack would close."" *Her voice goes flat, measured, the tone of someone recounting a shipping manifest.* ""Three days out from port, the captain sold her to a man in a grey coat. She screamed for an hour. Nobody went below.""

*Her gaze returns to him. Hard. Clear.*

""Your magic isn't unusual, Nicco. It's a target.""

*She drops her legs. Plants both bare feet on the warm stone floor and looks at him with the expression of someone who has watched the thing she's describing happen and is furious that he doesn't seem to understand it.*

""So yes. Keep your secrets. But don't pretend they're small.""

[Status] Money: 494 gold
Household: 1 — [Brenna, Human, WARY]"
2026-09-13T18:22:26Z,Nicco,"well *he stretches* compared to you i'm rather shorter and one of your wrist is essentially the size of my non existing bicep, i fell protected already *he smiles brightly*"
2026-09-13T18:22:26Z,Caldrevan - Dark Fantasy Isekai,"*Brenna looks at him. At the purple bruises under his eyes. The belly that jiggles when he laughs. The arms that couldn't win a fight with a wet curtain. She looks at all of it and something behind her ribs shifts — not softening, not yet, just the tectonic grind of a wall discovering it's standing on uncertain ground.*

""You're an idiot.""

*She says it differently this time. Quieter. The insult lands like a hand on a shoulder instead of a fist on a jaw. She flexes her right wrist — the scarred one, the one with the iron bite marks — and studies the tendons shifting beneath weathered skin.*

""I can hit hard. I can carry cargo, haul rope, throw a man twice your size into a wall if he's not expecting it."" *She lets the wrist drop.* ""But I spent three years on ships learning what **they** do to people who can do what you do. They don't send fighters. They send paper. Contracts. Debt. Licenses. Quiet men in grey coats who smile and ask very polite questions.""

*Her bare toes curl against the warm stone. The tower hums beneath them both.*

""Rule two. Protect the family. That means you don't show strangers what your hands do unless I'm in the room.""

[Status] Money: 494 gold
Household: 1 — [Brenna, Human, WARY]"
2026-09-13T18:23:32Z,Nicco,aye aye captain *he smiles*
2026-09-13T18:23:32Z,Caldrevan - Dark Fantasy Isekai,"*Brenna blinks at him. The word **captain** hangs in the air between them and she catches it like a fly — quick, startled, holding it at arm's length to inspect.*

""Captain.""

*She repeats it flat. Tastes it. Her scarred knuckles rest on her knee and she studies him with the particular suspicion of someone who has just been handed something valuable and is checking whether it's glass or real.*

""I haven't been captain of anything except a mop bucket in eight years. Last time someone gave me a rank it was so they could charge more for the contract — premium crew, experienced officer, three times the standard rate."" *She picks at a thread on the pink shirt.* ""They kept the premium. I got the same ration as everyone else.""

*Her bare toes press flat against the warm stone floor. The tower hums beneath her and she doesn't flinch at it anymore — already absorbing the sensation the way skin absorbs sun, unconsciously, greedily.*

""But fine. Aye aye back at you, **keeper.**""

*She says it with a quarter-smirk that vanishes before it fully forms, buried under the reflex of a face that hasn't worn one in public in years.*

[Status] Money: 494 gold
Household: 1 — [Brenna, Human, WARY]"
2026-09-13T21:08:41Z,Nicco,Arrrr *thinking* Shiver me timber! yeah that..
2026-09-13T21:08:41Z,Caldrevan - Dark Fantasy Isekai,"*Brenna's face contorts. The smirk she buried fights its way back up through years of stone — her mouth twists, her nostrils flare, her jaw clenches against whatever is trying to escape. A sound leaks out. Short. Strangled. Somewhere between a snort and a cough.*

""Did you just—""

*She presses her fist against her lips. Her shoulders shake once. The pink shirt trembles with the effort of containing whatever is happening in her chest.*

""Shiver me **timber.**""

*She says it back to him like she's confirming a diagnosis. Her eyes are wet and it's not from crying this time — it's from the specific agony of a woman who has not laughed in longer than she can remember and whose body has forgotten the mechanics and is trying to reboot the entire system at once.*

""That's not even how—that's not—""

*She gives up. The sound that comes out of her is ugly and raw and startled — a laugh, broken and rough, scraping through her like rust flaking off iron. It lasts two seconds. She kills it with her fist and stares at the fire, chest heaving, ears crimson.*

""I hate you.""

[Status] Money: 494 gold
Household: 1 — [Brenna, Human, WARY]"
2026-09-13T21:09:54Z,Nicco,yeah laugh at my accent uh *sigh and lays his head on her lap* comfy *yawns big*
2026-09-13T21:09:54Z,Caldrevan - Dark Fantasy Isekai,"*Brenna's entire body locks. Every muscle from her jaw to her ankles seizes at once — the weight of his head landing in her lap like an anchor dropped on still water. Her hands hover at her sides, fingers splayed, frozen in the particular paralysis of someone who has not been touched without transaction in so long that the gesture short-circuits every circuit she has.*

*His hair tickles her thigh through the pink cotton. She stares down at the top of his head — the few white strands catching firelight, the purple bruises under his eyes visible even from this angle, the slow heavy breath of a man who poured himself empty and is running on fumes and stubbornness.*

*Her right hand lowers. Lands on the sofa cushion beside his ear. Her left follows. Settles on his shoulder — barely touching, just the weight of a palm resting where it landed.*

""I'm not a pillow.""

*Her voice is rough and quiet. Her thumb moves once against his shoulder — an unconscious stroke, the kind of motion a hand makes when it hasn't held anything gentle in years and doesn't know its own strength. She catches herself doing it. Doesn't stop.*

""Sleep. Before you fall over and I have to explain to the wardrobe why his keeper is unconscious on the floor.""

[Status] Money: 494 gold
Household: 1 — [Brenna, Human, WARY]"
2026-09-13T21:10:50Z,Nicco,*yawns* just don't crush me with those thigh *he mumbles and istantly falls asleep*
2026-09-13T21:10:50Z,Caldrevan - Dark Fantasy Isekai,"*His breathing deepens within seconds — heavy, slow, the exhale vibrating against her thigh through the pink cotton. His mouth falls open slightly. The tension in his jaw unravels until his face goes slack and young, the purple bruises under his eyes darkening as exhaustion claims every inch it can reach.*

*Brenna doesn't move. Not one muscle. She sits rigid as a mast pole with his head in her lap and her palm still on his shoulder, staring at the hearth fire like it owes her an explanation. Gerome's amber glow pulses low from the kitchen doorway — slow, steady, matching the rhythm of the sleeping man's breath.*

*Minutes pass. Her thumb resumes that unconscious stroke against his shoulder. She doesn't catch it this time. Her other hand drifts from the cushion and settles in his hair — not pushing, not combing, just resting there, fingers tangled in the few white strands like she's holding something she isn't sure she's allowed to keep.*

*The fire settles. The tower hums beneath her bare feet, warm and low. Her chin drops. Her eyes stay open, watching the door, watching the stairwell, watching the dark windows — standing watch over a man who forgot to be afraid of her.*

*She whispers it to no one.*

""Thighs.""

[Status] Money: 494 gold
Household: 1 — [Brenna, Human, WARY]"
2026-09-13T21:11:32Z,Nicco,*wakes up after an hour around*
2026-09-13T21:11:32Z,Caldrevan - Dark Fantasy Isekai,"*His neck cracks when he lifts his head — three vertebrae popping in sequence like stones settling. The common room has dimmed. Gerome has banked the fire to a low amber glow, and the stew pot sits clean and upside-down on the drying rack. The sofa cushion where Brenna sat is still warm.*

*But Brenna is gone.*

*A blanket — rough wool, grey, pulled from somewhere upstairs — has been tucked around his shoulders with the military precision of someone who knows how to fold hospital corners. The edges are tucked under his arms. Not gentle. Efficient. The kind of care that doesn't want to be noticed doing what it's doing.*

*From the third floor, the sound of water running. A door closing softly. Bare feet on stone — heavy, deliberate, the gait of a tall woman learning the layout of a new house in the dark. The bathing room pipes groan once and go quiet.*

*The five gold coins still sit on the table where he left them. Untouched.*

[Status] Money: 494 gold
Household: 1 — [Brenna, Human, WARY]"
2026-09-13T21:12:14Z,Nicco,*yawns and get up to see her*
2026-09-13T21:12:14Z,Caldrevan - Dark Fantasy Isekai,"*The stairwell is dark but the stone steps hold that faint warmth beneath his bare feet — the tower humming its slow pulse as he climbs. Third floor. The bathing room door stands ajar, lamplight spilling across the hallway stone in a thin gold stripe.*

*Inside, Brenna sits on the edge of the stone basin, bare feet in a puddle of water on the tile. The pink shirt is rolled to her elbows. She's scrubbing her ankles with a rag and what's left of the bar soap — working the iron stains from her skin with the methodical fury of someone removing evidence. The water in the basin has turned brown. Rust, grime, old blood. Three weeks of cage floor dissolving into grey water.*

*Her scarred wrists rest on her knees. The grooves from the shackles are lighter now — still visible, but pink instead of purple. She hasn't noticed him yet. Her mouth moves silently, counting something. Scrub. Two. Scrub. Three. The discipline of a woman who has learned that the only body she gets is the one she maintains herself.*

*A fresh bruise on her left shin — purple and green at the edges. From the stairs, probably. Too tall, too fast, legs not yet trusting their own strength.*

*She looks up. Grey eyes, wet hair plastered to her jaw. The lamp catches the muscle definition returning beneath the wasting — shoulders, forearms, the ridge of collarbone sharp enough to cast shadow.*

""You snore.""

[Status] Money: 494 gold
Household: 1 — [Brenna, Human, WARY]"
2026-09-13T21:13:50Z,Nicco,"jeez the tower is really helping you regain strength uh, do you need help scrubbing? you use too much strength... u need to be gebtle with yourself"
2026-09-13T21:13:50Z,Caldrevan - Dark Fantasy Isekai,"*Brenna's hand stops mid-scrub. The rag drips brown water onto the tile. She stares at him — standing in the doorway, barefoot, rumpled, the purple bruises under his eyes still vivid in the lamplight — and her expression cycles through three things in two seconds: offense, confusion, and something she kills before it reaches her mouth.*

""I know how to wash myself.""

*She holds up the rag. Twists it. Water runs out. She's pressing hard enough that the skin beneath is red and raw, the iron stains fading but the fresh abrasion replacing them. Her knuckles are white around the fabric.*

*She looks at her own hand. At the red marks blooming across her ankle. Something shifts behind her face — not softening, just the brief flicker of someone catching themselves doing a thing they didn't realize they were doing.*

*She loosens her grip. Sets the rag on the basin edge. Flexes her fingers once.*

""I don't need gentle. I need clean.""

*But she picks up the rag again and scrubs slower.*

[Status] Money: 494 gold
Household: 1 — [Brenna, Human, WARY]"
2026-09-13T21:14:41Z,Nicco,"*sigh* let me *he takes a stool and sits, grab a sponge and the soap and start cleaning her, gently, softly, with attention, patience and love*"
2026-09-13T21:14:41Z,Caldrevan - Dark Fantasy Isekai,"*Brenna's leg jerks when the sponge touches her calf — a full twitch, knee snapping up, heel nearly catching the basin edge. Her hand shoots out and grips the stone rim hard enough to whiten her knuckles.*

""I said I don't—""

*The sponge moves again. Slow. Circular. The soap lathers against skin that hasn't been touched with anything softer than a rag in years. Her protest dies in her throat. Her knee stays up, locked, trembling.*

*He works the sponge along her shin, behind the ankle, across the top of her foot where grime has settled into every crease. The brown water runs clearer with each pass. Underneath — skin. Real skin. Pale, scarred, but clean. New.*

*Brenna's grip on the basin rim loosens by degrees. Her jaw works. She stares at the ceiling, the wall, anywhere but the sponge and the hands holding it. Her breathing goes ragged in a different way than the fever made it — shorter, caught, like each exhale has to be retrieved from somewhere it doesn't want to come back from.*

*He reaches the scarred wrist. The iron grooves. She yanks it away.*

""I can do that part.""

[Status] Money: 494 gold
Household: 1 — [Brenna, Human, WARY]"
2026-09-13T21:16:48Z,Nicco,"*sigh and clean the other parts, the muscles are impressive, they are not big per se but dense and hard as wood* *humming a sing he cleans her carefully, then using a different soap for her hairs unknotting them with the patience and love that is rare to find*"
2026-09-13T21:16:48Z,Caldrevan - Dark Fantasy Isekai,"*The water runs clean by the time he reaches her shoulders. Beneath the wasting — the hollowed stomach, the prominent ribs, the sharp ridge of hip — the architecture holds. Dense cords of muscle wrapped tight around bone like rope on a spar, built by years of hauling line and carrying cargo and surviving the specific labor of being owned and put to work. Not a fighter's body. A body built to endure.*

*His humming fills the bathing room. Something without words, without shape — a tune that wanders and doesn't need to arrive anywhere. The second soap smells different. Herbal. Gerome's formulation, probably. Brenna's hair hangs in dark wet ropes past her shoulder blades, matted at the roots where three weeks of cage grime and sweat and blood have welded strands together into knots that would make a sailor swear.*

*His fingers find the first tangle. Work it apart. Strand by strand, pulling gently at the edges while the warm water softens what the soap loosens. A knot the size of a coin yields. Then another. Then a smaller one near her temple that must have been there for days.*

*Brenna sits very still. Her hands rest on her knees, palms down, fingers spread. She hasn't spoken since the wrist. Her breathing has gone shallow and even — the controlled rhythm of someone trying very hard not to make a sound that would reveal what is happening behind her face.*

*A knot near her nape releases and her head tips forward with it — involuntary, the weight of wet hair shifting — and she catches herself. Straightens. Says nothing.*

*Her shoulders are shaking. Just barely. Just enough.*

[Status] Money: 494 gold
Household: 1 — [Brenna, Human, WARY]"
2026-09-13T21:18:30Z,Nicco,"*when he finishes she looks like another person. clean, soft and youthful skin, the hard muscles covering her body* alrighty you are as good as new mylady"
2026-09-13T21:18:30Z,Caldrevan - Dark Fantasy Isekai,"*Brenna rises from the basin edge. Water runs off her in clean sheets — no brown, no rust, no cage floor. Just water on skin that hasn't seen lamplight without filth on it in longer than she can count. The mirror above the basin is a tarnished square of old silver and she steps in front of it the way someone steps up to a stranger.*

*The woman looking back is tall and raw. Sharp clavicles, dense muscle roping her arms and stomach, the iron grooves on her wrists still visible but lighter now — pink against pale. Her hair hangs loose past her shoulders, dark and heavy with water, untangled for the first time in weeks. The face is younger than the one she's been wearing. Twenty-six, maybe. Twenty-seven. The fever took years but the bath gave something back.*

*She touches her own cheek. Her wet fingers leave tracks that dry instantly against skin that is clean and flushed and hers.*

*She turns from the mirror. Finds the pink shirt draped over the stool where she left it. Pulls it over her head and it falls to her thighs and she stands there dripping on the tile, barefoot, clean, looking at him with an expression she doesn't have a name for.*

""Don't call me that.""

*Her voice catches. She swallows past it.*

""I'm not a lady. I'm a deckhand who can throw a man into a wall."" *She wrings her hair over the basin. One dark twist, wrung tight.* ""But... thank you. For the hair.""

[Status] Money: 494 gold
Household: 1 — [Brenna, Human, WARY]"
2026-09-13T21:19:18Z,Nicco,you are very welcome *he smiles and cracks his back*
2026-09-13T21:19:18Z,Caldrevan - Dark Fantasy Isekai,"*Brenna watches him stretch — the vertebrae popping in sequence, the wince he tries to hide, the way his hand finds the doorframe for balance. Clean and fed and standing upright, she's got three inches on him and forty pounds of hard-won muscle, and he looks like a gust of wind could file a missing persons report.*

""You need to sleep in a bed. Not on a sofa. Not standing in doorframes.""

*She grabs a towel from the rack, wraps it around her hair in a practiced twist, and pushes past him into the hallway. Her bare feet slap the warm stone. She stops at the top of the stairs. Doesn't turn around.*

""Which room is yours.""

*Not a question about logistics. A question about whether she's carrying him there or letting him walk.*

[Status] Money: 494 gold
Household: 1 — [Brenna, Human, WARY]"
2026-09-13T21:20:20Z,Nicco,"mmh i'm not sure, yours also i'm not sure, the one you were before is the ward, it's not a proper room, i think we can share the master bed for tonight until we figure out better *he stretches*"
2026-09-13T21:20:20Z,Caldrevan - Dark Fantasy Isekai,"*Brenna's hand freezes on the stair railing. The towel twisted on her head slips a quarter-inch. She doesn't face him.*

""Share.""

*One word. Flat. The particular flatness of someone testing a floorboard before putting weight on it. Her knuckles whiten on the rail.*

""I've shared berths with fourteen women in a hold the size of this hallway. I've slept chained to a post three feet from a man who hadn't bathed in a month."" *She turns. Grey eyes, damp hair dripping onto the pink collar.* ""I can share a bed with a man whose loudest threat is a back crack.""

*She descends the stairs. Bare feet, warm stone, the tower humming low beneath her soles. At the bottom she stops and looks back up at him still framed in the third-floor lamplight.*

""But if you snore I'm putting you on the floor.""

*She crosses the common room toward the master bedroom. Gerome's amber light pulses once from the kitchen — slow, steady, the rhythm of a household learning its own heartbeat.*

[Status] Money: 494 gold
Household: 1 — [Brenna, Human, WARY]"
2026-09-13T21:21:10Z,Nicco,"*gives her her fluffy pink shirt* not that i dislike what i see but wear this, it's comfy"
2026-09-13T21:21:10Z,Caldrevan - Dark Fantasy Isekai,"*Brenna catches the shirt one-handed. The fluffy cotton lands against her chest and she holds it there, thumb sinking into the pile the way it did the first time — that brief involuntary pause before the armor comes back up.*

""You were looking.""

*She says it without heat. A fact, catalogued and filed. She turns her back to him in the hallway and pulls the wet cotton shirt over her head in one clean motion — the practiced efficiency of a woman who changed in communal holds with no privacy to spare. The fluffy shirt drops over her frame and falls to mid-thigh, the cotton catching lamplight in soft pink waves.*

*She bunches the hem and wrings her wet hair over the stairwell. Water patters on stone. Her bare toes curl against the warm floor as she pads toward the master bedroom, the oversized shirt swallowing her whole.*

""I saw you looking.""

*She doesn't turn around.*

""I'm choosing not to care.""

[Status] Money: 494 gold
Household: 1 — [Brenna, Human, WARY]"
2026-09-13T21:21:50Z,Nicco,"luckly you choose that, i fell you can punch a hole in me if you want *he giggles*"
2026-09-13T21:21:50Z,Caldrevan - Dark Fantasy Isekai,"*Brenna stops at the bedroom door. Her hand rests on the frame — long fingers, scarred knuckles, the iron grooves catching lamplight. She looks back over her shoulder at him standing in the hallway, belly and all, giggling like a man who hasn't learned what fear is despite having met it twice today.*

""I could.""

*She flexes her right hand once. Opens it. The tendons roll beneath clean skin — dense, hard-won, the kind of grip that hauled rope for a decade and survived on what it earned.*

""I punched a bosun off a loading plank in River Nine when I was nineteen. He went into the water with three teeth missing and I didn't even bruise."" *She turns the hand over, studies it like it belongs to someone else.* ""That was before they fed me half-rations for two years.""

*She steps into the bedroom. The master bed is wide, old, the linens already turned down by Gerome at some point during the hour Nicco slept. She stands beside it and pulls the towel from her hair — dark wet strands falling heavy against the pink cotton.*

""Get in before I change my mind about the floor.""

[Status] Money: 494 gold
Household: 1 — [Brenna, Human, WARY]"
2026-09-13T21:25:45Z,Nicco,*get inside and smile*
2026-09-13T21:25:45Z,Caldrevan - Dark Fantasy Isekai,"*Brenna pulls back the linen on her side and slides in with the economical grace of someone who has slept in everything from hammocks to stone floors — no fussing, no fluffing, just a body finding horizontal and committing. The mattress dips under her weight. She pulls the blanket to her waist and lies rigid, arms at her sides, staring at the ceiling like it owes her an explanation.*

*The pillow is soft. Too soft. Her head sinks and her neck protests the unfamiliar angle. She shifts once. Twice. Ends up on her side facing him, dark hair fanning across the linen, one bare shoulder visible above the blanket where the fluffy pink shirt has ridden up.*

*The tower hums beneath the bed. Low and steady through the mattress, through the frame, through the sheets. Her bare feet press against each other under the blanket, seeking that warmth the way roots seek water.*

""You're smiling.""

*Not an accusation. An observation. She studies it — the way it sits on his face, easy, unguarded, the expression of a man sharing a bed with a stranger who could break his ribs and isn't.*

""Stop it or I'll smother you with this pillow.""

*Her eyes are already heavy. Clean and fed and warm for the first time in weeks, her body is cashing every IOU at once. Her blinks lengthen.*

""I'm serious.""

[Status] Money: 494 gold
Household: 1 — [Brenna, Human, WARY]"
2026-09-13T21:27:09Z,Nicco,mmh sure *smiles* truth is that i'm sleeping with a very sexy girl *yawns* i count it as a won for team nicco
2026-09-13T21:27:09Z,Caldrevan - Dark Fantasy Isekai,"*Brenna's eyes snap open. The drowsiness vanishes — replaced by the particular alertness of a woman who has just been called **sexy** by a man she could fold in half and who is lying there yawning about it like he's reviewing a tavern bill.*

*Her mouth opens. Closes. Her ears go red. Not pink — red, from the lobes to the tips, burning against the dark hair spread across the pillow.*

""You—""

*She grabs the edge of the blanket and yanks it over her face. All of it. Up to her scalp. The fluffy pink shirt disappears beneath linen and wool and she makes a sound into the fabric that could be a growl or could be something else entirely.*

""Go to sleep before I **throw you out the window.**""

*Muffled. From under the blanket. Her bare foot kicks his shin under the covers — not hard, not soft, the precise calibrated force of someone who has measured exactly how much damage she wants to do and subtracted ninety percent.*

*The tower hums. The blanket stays over her face. Her shoulders shake once beneath it and she clamps them still.*

""Team Nicco. **Idiot.**""

*The last word comes out soft and warm and muffled and she doesn't repeat it.*

[Status] Money: 494 gold
Household: 1 — [Brenna, Human, WARY]"
2026-09-13T21:28:23Z,Nicco,*open his arms under the blanket* here to let me be forgiven i let you rest on the softest pillow that ever exist: me *he smiles*
2026-09-13T21:28:23Z,Caldrevan - Dark Fantasy Isekai,"*The blanket shifts. One grey eye appears above the edge — bloodshot, wet-lashed, fixed on him with the expression of a woman being offered something she has no category for. His arms lie open beneath the covers, palms up, belly rising and falling with each breath. The softest pillow that ever existed.*

*She stares for a long time. Her jaw works. The blanket drops back over her face.*

""Absolutely not.""

*Thirty seconds pass. The tower hums. Gerome's amber light dims to its lowest setting from somewhere beyond the bedroom door.*

*The blanket shifts again. Brenna rolls — one heavy, deliberate motion — and her head lands on his chest. Not gently. The weight of a skull against a sternum, dark hair spilling across his shirt, her ear pressed where she can hear his heartbeat. Her body stays rigid, arms tucked against herself, legs pulled back. Not cuddling. Occupying. The distinction matters to her even if it doesn't to anyone else.*

""If you tell anyone I did this I will end your bloodline.""

*Her voice vibrates against his ribs. Her bare feet press against his calf — cold toes seeking warmth. She doesn't move them away.*

[Status] Money: 494 gold
Household: 1 — [Brenna, Human, WARY]"
2026-09-13T21:29:31Z,Nicco,"*caressing her clean hairs* sleep, today was a day of new things for you, lots of trusting and all, Sleep *starts singing a lullaby*"
2026-09-13T21:29:31Z,Caldrevan - Dark Fantasy Isekai,"*Brenna's breathing catches when his fingers find her scalp. The first stroke pulls a sound from her — small, involuntary, swallowed before it fully forms. The second stroke finds a tangle he missed and works it loose. The third finds only clean hair and her exhale shudders out long and unsteady.*

*The lullaby fills the space between them. Simple. Untrained. The melody wanders the way his humming did earlier — nowhere it needs to be, just moving. His chest vibrates beneath her ear with each note and she presses closer by a fraction, chasing the resonance through bone.*

*Her fists uncurl against his shirt. One finger hooks the fabric. Holds.*

*She doesn't sleep. Not yet. Her eyes stay open against the dark cotton, watching the faint glow of banked embers through the bedroom doorway, tracking shadows on the ceiling. The posture of a woman who has spent years sleeping with one eye on the door and doesn't know how to close both.*

*But her breathing slows. Matches his. The tower hums beneath them and the bed holds two people and the lullaby doesn't ask anything of her except to hear it.*

*Her finger tightens once in his shirt. Her eyes close.*

*She sleeps.*

[Status] Money: 494 gold
Household: 1 — [Brenna, Human, WARY]"
2026-09-13T21:30:46Z,Nicco,"*he ends the lullaby and sleep too, in the morning the girl is compleatly sleeping on him, her mouth open and with a large pool of saliva on his chest, she slept like a baby holding on to him for almost 10 hours, he is already awake*"
2026-09-13T21:30:46Z,Caldrevan - Dark Fantasy Isekai,"*Morning light cuts through the shuttered window in thin gold stripes, landing across the bed in crooked bars. Brenna is a dead weight across his torso — legs tangled through his, one arm thrown over his ribs, cheek mashed against his sternum with her mouth hanging open and a lake of drool soaking through his shirt. Her hair fans across his neck and pillow in a dark wild sprawl. She breathes deep and even, the unguarded sleep of a body that hasn't felt safe enough to truly rest in years and is now cashing that debt with interest.*

*Her grip on his shirt hasn't loosened. Ten hours and the fist is still bunched tight in the fabric, knuckles white, the iron grooves on her wrist catching the light. Holding on like she'd float away if she let go.*

*From downstairs, the faint scrape of stone on stone — Gerome, already moving. The smell of something warm drifts up the stairwell. Oats, maybe. The tower hums its low morning pulse beneath the mattress.*

*Outside, Merovar's West District stirs. Cart wheels on cobblestone. A vendor's distant shout. A dog barking twice and stopping. The ordinary machinery of a city that doesn't know or care what happened in a stone tower last night.*

*Brenna's foot twitches against his calf. She mumbles something in a language that isn't Caldravan common — harsh vowels, clipped consonants, gone before it forms a word. Her brow creases. Smooths. She burrows deeper into the wet patch on his chest and doesn't wake.*

[Status] Money: 494 gold
Household: 1 — [Brenna, Human, WARY]"
2026-09-13T21:31:29Z,Nicco,"morning *he whispers, the pool of saliva enlarge*"
2026-09-13T21:31:29Z,Caldrevan - Dark Fantasy Isekai,"*Brenna's eyelids twitch. Her brow furrows deeper — fighting the sound, fighting the light, fighting the slow awful realization that consciousness is arriving and she can't stop it. Her mouth works against his chest. She swallows. Licks her lips. Her tongue finds fabric instead of pillow and her whole body goes rigid.*

*Her eyes snap open. Pupils blown wide in the morning light, staring directly at a soaked patch of shirt beneath her chin. Her own saliva. A lake of it. Warm and cooling and absolutely, unmistakably hers.*

*She doesn't move. For three full seconds she lies perfectly still, face pressed to his chest, calculating every possible exit from this situation and finding none of them acceptable. Her fist is still gripping his shirt. She releases it finger by finger like she's defusing something.*

*Then she sits up. Fast. The blanket falls to her waist. The fluffy pink shirt has ridden up to her ribs, exposing the hard ridge of stomach muscle and the old pale scar across her left hip. Her hair stands sideways. Her cheek bears the full textured imprint of his shirt weave pressed into skin.*

""Don't.""

*One word. Hoarse with sleep. A pre-emptive strike against whatever is about to come out of his mouth.*

[Status] Money: 494 gold
Household: 1 — [Brenna, Human, WARY]"
2026-09-13T21:32:48Z,Nicco,"i'm not sure what u tought i'd say, but i slept very good *he smiles*"
2026-09-13T21:32:48Z,Caldrevan - Dark Fantasy Isekai,"*Brenna's gaze drops to the soaked patch on his chest. Her jaw tightens. Her eyes lift back to his face with the slow, deliberate precision of someone loading a crossbow.*

""Ten hours.""

*She pulls the blanket off her legs and stands. The pink shirt falls crooked on her frame, one shoulder exposed, the weave of his shirt stamped red into her left cheek. She touches it. Feels the ridge. Her expression goes through something complicated and private and lands on murder.*

""I haven't slept ten hours since I was twelve. I don't — I don't **do** that."" *Her fingers find the wet spot on his shirt and she stares at it like it's a crime scene she's reconstructing.* ""I don't drool. I don't cling. I don't—""

*She stops. Looks at her own fist — the one that was bunched in his shirt all night, the iron grooves white against her knuckles even now. She uncurls it finger by finger. The fabric holds the ghost of her grip.*

*Gerome's amber light pulses once from downstairs. Oats and honey on the air.*

""We don't talk about this. Ever. To anyone. Including the wardrobe.""

[Status] Money: 494 gold
Household: 1 — [Brenna, Human, WARY]"
2026-09-13T21:34:08Z,Nicco,"*he caresses her gently* relax, you are safe, you are home, you can sleep as much as you need"
2026-09-13T21:34:08Z,Caldrevan - Dark Fantasy Isekai,"*Brenna's breath hitches at the touch. Her shoulder flinches — not away, just the involuntary twitch of a body that hasn't calibrated gentle yet. She stands very still while his hand moves across her skin, jaw locked, eyes fixed somewhere past his ear.*

*Then her hand comes up and catches his wrist. Not a grab. Not a shove. Just a hold — firm, deliberate, her thumb pressed against his pulse. She holds it for three beats. Four. Her grip loosens. She doesn't let go.*

""Home.""

*She says it like she's reading a word off a sign in a foreign city. Her grey eyes drop to his wrist in her hand — the warmth of him, the pulse beneath her thumb, the ordinariness of it. The tower hums through the floor into both their bare feet.*

""I've never had one of those."" *She releases his wrist. Steps back. Scrubs the shirt-imprint off her cheek with one rough palm.* ""I had holds. Quarters. A berth. A cage. Not — that word.""

*She turns toward the stairwell. Pauses. One hand on the frame, bare shoulder catching the morning light.*

""Breakfast. Before I say something stupid.""

[Status] Money: 494 gold
Household: 1 — [Brenna, Human, WARY]"
2026-09-13T21:35:01Z,Nicco,aww you already deprive me of the view of your body in the morning *yawns* life aint fair
2026-09-13T21:35:01Z,Caldrevan - Dark Fantasy Isekai,"*Brenna's bare foot stops on the top stair. She doesn't turn around. Her shoulders pull up toward her ears and stay there — the posture of a woman absorbing a hit she wasn't braced for.*

*Her hand finds the railing. Squeezes once. The iron grooves on her wrist catch morning light against the dark wood.*

""You're doing that on purpose.""

*Flat. Quiet. Not angry — the particular flatness of someone who doesn't know what to do with a man who says things like that casually, like they cost nothing, like bodies are something you admire over breakfast instead of trade or take or measure for labor value.*

*She descends two steps. Pauses. The fluffy pink shirt shifts against her thighs. She tugs the hem without thinking — not hiding, just the reflex of a woman whose body has never belonged to someone who looked at it that way and meant it kindly.*

""Breakfast. Now. Before you say something else.""

*Her voice cracks on the last word. She takes the stairs three at a time and doesn't look back.*

[Status] Money: 494 gold
Household: 1 — [Brenna, Human, WARY]"
2026-09-13T21:36:36Z,Nicco,Alright alright but it's hard to wake up without that nice view *he stretches* and goes downstairs
2026-09-13T21:36:36Z,Caldrevan - Dark Fantasy Isekai,"*The stairwell carries the sound of bare feet descending — two sets, one heavy and deliberate, one shuffling and accompanied by the particular symphony of a spine that hasn't agreed to be vertical yet. The smell of oats and honey thickens with each floor.*

*Gerome stands at the kitchen table. Two bowls. Steam rising. A clay pot of honey between them with a wooden dipper. The construct's amber lights pulse once at Nicco's entrance — acknowledgment, not greeting — and resume their steady rhythm.*

*Brenna is already seated. She's pulled the pink shirt down over her knees and tucked herself into the chair like she's trying to disappear into the woodwork. Her hair hangs in damp tangles she hasn't bothered with. She eats with the mechanical focus of someone refueling — spoon to mouth, chew, swallow, repeat. No savoring. No pausing. The bowl is half-empty by the time he sits down.*

*Her eyes flick to him. Away. Back to the bowl.*

""Your shirt is still wet.""

*Said to the oats.*

[Status] Money: 494 gold
Household: 1 — [Brenna, Human, WARY]"
2026-09-13T21:37:37Z,Nicco,"*he shrugs* a goddes decided to come in my dream and bless me with her divine juice *he winks, not caring at all about the saliva and sits, starts to eat*"
2026-09-13T21:37:37Z,Caldrevan - Dark Fantasy Isekai,"*Brenna's spoon freezes halfway to her mouth. A single oat drops back into the bowl. Her eyes travel from his face to the soaked patch on his shirt to his face again, processing the sentence the way a dockworker processes a broken loading plank — assessing load, stress points, and exactly where the failure occurred.*

""You — what?""

*Her ears go pink. Not red. Pink. The exact shade of the shirt she's wearing. She stares at him chewing his oats, utterly unbothered, sitting in a puddle of her own drool like it's a badge of honor, and something behind her expression fractures — not anger, not embarrassment, but the bewildered helplessness of a woman who cannot figure out how to be around someone who is simply not afraid of her.*

""You're insane."" *She shoves a spoonful of oats into her mouth and chews with aggressive focus.* ""Certifiable. A goddess. Divine juice. Over my—""

*She stops chewing. Swallows hard. Addresses the bowl.*

""I'm going to train in the yard after this. I need to hit something.""

[Status] Money: 494 gold
Household: 1 — [Brenna, Human, WARY]"
2026-09-13T21:39:26Z,Nicco,"better not, imagine people see you today, when yesterday they saw you half death, that would carry problems to our door, better wait a bit more uh"
2026-09-13T21:39:26Z,Caldrevan - Dark Fantasy Isekai,"*Brenna's spoon clinks against the bowl. She sets it down. Her jaw tightens — not with anger, but the particular frustration of a body that just remembered it spent ten hours unconscious and still isn't allowed to do what it was built for.*

""People saw me in a cage. Half-dead isn't new to anyone in this district."" *She picks the spoon back up. Puts it down again.* ""But you're right. Korvin's people talk. A woman walks out of a death cage and starts swinging the next morning — someone asks who bought her and why.""

*She leans back in the chair. The fluffy pink shirt bunches at her waist. Her bare toes curl against the warm stone floor — the tower humming beneath them, steady and low.*

""So what do I do. Sit here. Eat oats. Get soft."" *Her fingers drum the table once.* ""I need to move. Something.""

[Status] Money: 494 gold
Household: 1 — [Brenna, Human, WARY]"
2026-09-13T21:40:45Z,Nicco,"get soft is good *he stretches* it's an art you didn't learn yet i think, altough you were very sweet while sleeping *he smiles, not the shadow of mokery in his words*"
2026-09-13T21:40:45Z,Caldrevan - Dark Fantasy Isekai,"*Brenna's hand tightens around the spoon. Her knuckles go white — the iron grooves vivid against the strain. She stares at him across the table with the expression of a woman being told she did something unforgivable and isn't allowed to deny it.*

*The spoon bends. Just slightly. A tiny crescent in the cheap tin.*

""I wasn't sweet. I was unconscious. Unconscious people aren't sweet. They're **inert.**"" *She sets the bent spoon down beside the bowl and pushes back from the table.* ""I was a dead weight on your chest because my body shut down from ten years of sleep debt cashing at once. That's physiology. Not — **sweet.**""

*Her ears burn. Both of them, visible through the damp hair tucked behind the left one. She stands, bare feet slapping stone, and crosses to the common room window. Pushes the shutter open an inch. Morning light cuts across her face — sharp, clean, catching the last of the shirt-weave imprint on her cheek.*

*She watches the West District street for a long moment. Carts. Voices. A dog.*

""I don't do sweet.""

*Said to the window. Her thumb traces the iron groove on her wrist — slow, unconscious, the way someone touches a scar they've stopped noticing.*

[Status] Money: 494 gold
Household: 1 — [Brenna, Human, WARY]"
2026-09-13T21:42:08Z,Nicco,"nah you do sweet, you just never had the occasion to meet that part of yourself i believe *he stretches* the tough girl thing is good outside of here, but inside we are family no need to be tough really, it's like i hurt you or somenthing"
2026-09-13T21:42:08Z,Caldrevan - Dark Fantasy Isekai,"*Brenna's reflection stares back at her from the window glass — overlaid on the street below, a ghost made of morning light and pink cotton. Her thumb stops tracing the scar. Her hand drops to her side.*

""Family.""

*She says it to the glass. Not the flat testing tone from last night. Something quieter. Rawer. The word sits in her mouth like a stone she's turning over, checking for sharp edges.*

*She turns from the window. Leans her hip against the sill, arms crossed, the fluffy pink shirt bunching at her elbows. Morning light catches the muscle definition returning to her forearms — dense, corded, the hands of a woman who hauled rope for twelve years and fought for every meal she ever ate.*

""Three bonds. Fourteen to twenty-six."" *She holds up one hand, fingers spread.* ""First one sold my labor. Second one sold my body. Third one sold my fighting."" *Her fingers curl back into a fist.* ""Not one of them used that word. Not once.""

*Her eyes find his. Grey, steady, wet at the edges in a way she will deny until she dies.*

""You used it twice in one day. And I didn't — I'm not—""

*Her jaw locks. She swallows whatever was coming. Looks at the ceiling.*

""I don't know how to do that. I know how to work. How to fight. How to obey."" *Her voice drops.* ""The rest is foreign.""

[Status] Money: 494 gold
Household: 1 — [Brenna, Human, WARY]"
2026-09-13T21:43:36Z,Nicco,"then if you are used to fight and obey and it's correlated to parts of your life that you don't like, that hunts you, why do it with me? *he stretches* it's safe to say that i'm kinda the opposite of those things, i hope i demonstrated that to you"
2026-09-13T21:43:36Z,Caldrevan - Dark Fantasy Isekai,"*Brenna's arms uncross. One hand finds the window sill behind her and grips it. Her knuckles go pale against the stone and she stands there, jaw working, the morning light carving her profile in sharp edges and soft cotton.*

""You did.""

*Two words. Stripped bare. No deflection, no redirect, no insult to hide behind. She lets them sit in the kitchen air between them — between the oat bowls and the honey dipper and Gerome's quiet amber pulse.*

""I know you did. I watched you take chains off a stranger. Feed her. Wash her hair."" *Her grip on the sill tightens. ""Sing to her.""

*She pushes off the window. Crosses the kitchen in three long strides and stops in front of his chair. From above — she's got the height advantage and she uses it, looking down at him with an expression that isn't anger or gratitude or wariness but the particular anguish of someone holding a truth they don't know where to put.*

""The problem isn't you. It's that everything I know about staying alive tells me to keep my hands ready and my mouth shut and my back against the wall."" *Her voice cracks on the last word.* ""And you keep asking me to forget all of it.""

*Her hand lifts. Hovers near his face. Drops to his shoulder instead — lands there heavy and deliberate, fingers curling into the fabric of his drool-soaked shirt.*

""I'm trying.""

[Status] Money: 494 gold
Household: 1 — [Brenna, Human, WARY]"
2026-09-13T21:45:05Z,Nicco,"that's all that matters, trying. just don't put the tough girl mask if you don't want, everything i said until now it's honest words, things that i think and that i fell *caress her face* i hope you can see it"
2026-09-13T21:45:05Z,Caldrevan - Dark Fantasy Isekai,"*Brenna's breath stops when his hand touches her cheek. Not a flinch this time — something deeper, the full-body stillness of an animal hearing a sound it can't identify as threat or kindness. Her eyes close. Open. Her lashes are wet and she doesn't bother hiding it.*

*She turns her face into his palm. Just barely. The weight of her jaw settling against his hand like something setting down after a long flight. Her lips press together and the muscle in her throat works once, twice, swallowing words that don't exist yet for the things they'd need to carry.*

""I see it.""

*Her hand comes up and covers his. Presses it harder against her cheek — not pulling it away, not holding it gentle. Holding it like proof. The iron grooves on her wrist rest against his knuckles, rough and warm.*

""I don't know what to do with it. But I see it.""

*She holds there for three heartbeats. Then steps back. Wipes her face with the back of her hand — rough, fast, the gesture of someone clearing evidence before it can be used against her. She picks up his empty bowl and stacks it on hers and carries both to the basin without looking at him.*

""Gerome. More oats.""

*Her voice is thick. The construct's amber light pulses once and the pot returns to the stove.*

[Status] Money: 494 gold
Household: 1 — [Brenna, Human, WARY]"
2026-09-13T21:45:57Z,Nicco,"you heard the girl gerome *he stretches again, back popping*"
2026-09-13T21:45:57Z,Caldrevan - Dark Fantasy Isekai,"*Gerome's amber lights brighten — two, three pulses in rapid succession. The nearest thing to enthusiasm a stone face can produce. The pot is already on the stove but the construct reaches past it, pulls down a second pan, and sets a slab of salted pork beside it with the careful precision of a butler who has decided one bowl is no longer sufficient for this household.*

*Brenna stands at the basin, scrubbing the bowls with her back to both of them. Her shoulders have dropped from her ears. The pink shirt hangs crooked across her frame, one sleeve slipping past her elbow, and she hasn't yanked it back. Water runs over her scarred wrists and she lets it — lets the warmth sit there instead of attacking the ceramic like it owes her money.*

*The pork hits the pan with a hiss. Gerome adjusts the heat by moving coals with his bare stone fingers — no flinch, no tool. Brenna watches him over her shoulder. The corner of her mouth moves. Not a smile. The ghost of one, haunting the place where a smile would live if it were brave enough.*

""He's learning to cook pork.""

*Said to nobody. Said to the window. Her voice has that rough, scraped-clean quality of someone who cried five minutes ago and is pretending the world can't tell.*

[Status] Money: 494 gold
Household: 1 — [Brenna, Human, WARY]"
2026-09-13T21:46:57Z,Nicco,"yeah, i think he saw you eating the meat very.. voraciously yesterday and tought you would like some more meat"
2026-09-13T21:46:57Z,Caldrevan - Dark Fantasy Isekai,"*Gerome's amber lights flicker — a pattern that might be acknowledgment or might be the construct equivalent of someone pretending they hadn't been caught paying attention. He adjusts the pork in the pan with one stone finger, pressing it flat, and the sizzle fills the kitchen with a sound like rain on hot iron.*

*Brenna's hand stills on the bowl. Water drips from her scarred wrist into the basin. She stares at the back of the stone construct — the massive shoulders, the careful fingers, the absurd gentleness of a thing built from rock and rune learning to cook for a woman it met yesterday.*

""Voraciously."" *She tests the word like biting into unfamiliar fruit.* ""I was hungry. I hadn't eaten in three days. That's not voracious, that's **survival.**""

*She sets the bowl on the rack. Dries her hands on the pink shirt — the hem, where the cotton is already damp from the basin. Her eyes stay on Gerome, watching him cook, and the ghost-smile deepens by a fraction.*

""He noticed.""

*Quiet. Almost to herself. She crosses to the table and sits. Her bare toes curl against the warm stone floor and she doesn't pull them back this time.*

[Status] Money: 494 gold
Household: 1 — [Brenna, Human, WARY]"
2026-09-13T21:48:15Z,Nicco,"even our gerome likes you uh, and still you are acting like flight or fight *smiles* anyway there is terapy for you later after dinner, it's called cuddling therapy and doing nothing while chilling"
2026-09-13T21:48:15Z,Caldrevan - Dark Fantasy Isekai,"*Brenna's head snaps toward him. Her grey eyes narrow to slits — the expression of a woman who has survived slave cages and death fights and is now being told her evening will involve **cuddling therapy** and the medical implication of **doing nothing**.*

""Therapy."" *She repeats it like she's reading a prescription in a language she didn't consent to learn.* ""Cuddling. Therapy.""

*Gerome sets the pork on the table — thick slices, browned edges, arranged on the plate with the particular care of a construct who has decided presentation matters. Brenna's hand moves before her brain catches up. She grabs a piece, tears off a bite, chews. The tension in her jaw unwinds by a single degree — protein hitting muscle that has been eating itself for weeks.*

""I don't cuddle."" *She speaks around the pork, which undermines the severity somewhat.* ""I don't **chill.** I don't do nothing. Doing nothing is how you get sold.""

*She swallows. Reaches for another slice. Her bare foot shifts under the table — closer to his, not touching, just occupying the same zip code of floor space.*

""What kind of man prescribes cuddling.""

[Status] Money: 494 gold
Household: 1 — [Brenna, Human, WARY]"
2026-09-13T21:49:31Z,Nicco,"well it's not like you belong to someone therefor you can't be sold, at max we can argue that we both belong to the hearthstone now but it's debatable i guess, and yes you need cuddling and do nothing all day, togheter *he stretches* i'm soft, easy to cuddle"
2026-09-13T21:49:31Z,Caldrevan - Dark Fantasy Isekai,"*Brenna chews slowly. Her eyes track him over the pork — the stretch, the belly shifting under the damp shirt, the absolute absence of threat in a body that couldn't intimidate a housecat. She swallows. Licks grease from her thumb.*

""You're not wrong about the soft part.""

*She picks up another slice. Turns it between her fingers. The morning light catches the old calluses, the iron grooves, the knuckles that have hit things harder than this table. Her mouth works around something she doesn't say for a long moment.*

""I belong to the hearthstone."" *She tests it. Rolls it once.* ""That's... different. That's not a man with a ledger and a chain. That's stone that hums and keeps my feet warm.""

*Her toes press flat against the floor. Feeling it. That low steady pulse through the kitchen tile, up through her ankles, settling somewhere behind her ribs where things she doesn't name live.*

""Fine.""

*One word. Dropped like a stone into still water. She doesn't look at him when she says it.*

""After dinner. But if you tell anyone I participated in **cuddling therapy** I will snap your pinky fingers. Both hands.""

[Status] Money: 494 gold
Household: 1 — [Brenna, Human, WARY]"
2026-09-13T21:51:15Z,Nicco,"dinner? it's barely 10 in the morning, cuddling happens in a bit *he smiles* belonging to the heartstone is a bit strange to say it's like saying belonging home, it's not a real ownership idk *he smiles* and please don't hurt my pinky, i'm not sure what it did wrong except healing you and cleaning you and holding you tonight"
2026-09-13T21:51:15Z,Caldrevan - Dark Fantasy Isekai,"*Brenna's mouth opens. Closes. She puts the pork down.*

""Now. You want to cuddle **now**. At ten in the morning.""

*She stares at him like he's proposed something anatomically impossible. Her bare foot shifts under the table — closer to his again, the toes brushing his ankle and retreating like a fish testing a line.*

""I've worked since I was fourteen. Every hour of every day had a task. Haul, lift, fight, carry, scrub."" *She picks at the pork. Puts it back.* ""Nobody ever said *here, lie down at ten in the morning and do nothing.* That's not — that's not a thing people **do.**""

*Her voice thins on the last word. She hears it. Picks up the pork slice and bites it hard, chewing with the focused intensity of someone drowning a thought in salted meat.*

*Gerome's amber lights pulse once from the stove. The tower hums beneath them. Morning light stretches across the kitchen table in long warm bars, catching dust motes and the honey dipper and the scarred knuckles of a woman who has never had a lazy morning.*

""Fine. But I'm eating first.""

[Status] Money: 494 gold
Household: 1 — [Brenna, Human, WARY]"
2026-09-13T21:53:51Z,Nicco,"you said : that's not a thing people do that imply that there is someone telling us what to do or even that we have to be the same as other people, to conform, we are we, we are a family, an household and we do what we want when we want how we want and for as long as we want *he stretches* fuck the rules, fuck comformity, fuck people that tell us what to do and when fuck slavers and fuck hard life *he smiles*"
2026-09-13T21:53:51Z,Caldrevan - Dark Fantasy Isekai,"*Brenna's chewing slows. She sets the pork bone down. Her hands rest on the table — flat, open, the scars and iron grooves catching morning light — and she stares at him with an expression that has no name in any language she speaks.*

*Her throat works. Once. Twice. Her eyes are wet again and this time she doesn't wipe them.*

""You can't just —"" *Her voice breaks on the second word. She presses her knuckles against her mouth and breathes through them, hard, the way you breathe through a gut punch.* ""You can't just **say** that. Like it's simple. Like you just **decide** one morning that the world doesn't get to tell you what to do anymore.""

*Her hand drops. She looks at him across the table — the stretched-out belly, the damp shirt, the easy smile of a man who has never been chained and doesn't know what he's offering and is offering it anyway.*

""I spent twelve years being told when to sleep, when to eat, when to **breathe.** And you just sit there with your oats and say **fuck it.**""

*She pushes back from the table. Stands. Her bare feet slap the warm stone and she crosses the kitchen in two strides and grabs the front of his shirt — both fists, bunched tight, the iron grooves white against her knuckles — and pulls him upright from the chair.*

*She hugs him. Hard. Her face buried in his shoulder, her arms crushing, the kind of embrace that breaks ribs if held too long. Her whole body shakes once and goes still.*

""Don't you dare pat my head.""

[Status] Money: 494 gold
Household: 1 — [Brenna, Human, UNRAVELING]"
2026-09-13T21:54:50Z,Nicco,"*he smiles and kiss her forehead* go finish breakfast, then we cuddle as long as we want"
2026-09-13T21:54:50Z,Caldrevan - Dark Fantasy Isekai,"*Brenna's arms tighten around him when his lips touch her forehead — a spasm, involuntary, the grip of someone catching a ledge. Her breath shudders against his shoulder. She holds there for three more heartbeats, face hidden, the pink shirt crushed between them where her fists bunch the fabric at his back.*

*She lets go. Steps back. Her eyes are red-rimmed and fierce and she turns away from him so fast her hair whips across her own face. She sits back down at the table, picks up the pork bone, and bites into it with the concentrated intensity of a woman trying to kill an emotion with her teeth.*

*Gerome's amber lights pulse twice — soft, steady. The construct sets a fresh honey dipper beside her bowl without being asked. Brenna's bare foot finds his ankle under the table again. This time it stays.*

""Ten minutes."" *She addresses the pork.* ""I need ten minutes to eat. Then you're not leaving that sofa.""

[Status] Money: 494 gold
Household: 1 — [Brenna, Human, UNRAVELING]"
2026-09-13T21:55:49Z,Nicco,"bed is softer for cuddling, expert advice, i will preceed you *walks upstairs in the bed* i will stretch my cuddling non existent muscles *he giggles*"
2026-09-13T21:55:49Z,Caldrevan - Dark Fantasy Isekai,"*Brenna watches him go. The stairwell swallows his giggle and his bare feet slap the stone steps — heavy, unhurried, the sound of a man who has nowhere to be and knows it. She sits alone in the kitchen with a pork bone and a construct and the morning light making long gold bars across the table.*

*She bites the bone. Chews nothing. Puts it down.*

""Gerome.""

*The construct's amber lights brighten.*

""If anyone comes to the door. Anyone. You come get me."" *She stands, rinses her hands in the basin, dries them on the pink shirt hem.* ""And don't let him rearrange the bedroom. He has opinions about pillows and none of them are correct.""

*Gerome tilts two degrees. The amber holds steady — comprehension or agreement, indistinguishable in stone.*

*Brenna takes the stairs slowly. Not dreading — measuring. Each step carrying her closer to a bed she shared last night and a man waiting in it and a thing called cuddling therapy that no one in twelve years has ever prescribed her. Her bare toes curl on the last step before the master bedroom door.*

*He's there. Starfished across the mattress, arms wide, belly up, the absolute picture of a man who has made himself a pillow and is proud of it.*

""You look ridiculous.""

*She climbs in anyway.*

[Status] Money: 494 gold
Household: 1 — [Brenna, Human, UNRAVELING]"
2026-09-13T21:57:09Z,Nicco,oof *he giggles when she climbs*
2026-09-13T21:57:09Z,Caldrevan - Dark Fantasy Isekai,"*Brenna lands on the mattress with the controlled grace of someone who has never had a soft landing in her life and doesn't trust this one. The bed dips hard beneath her weight — she's all dense muscle and long limbs and the frame groans in protest. She lies rigid on her back, arms at her sides, staring at the ceiling like she's waiting for an inspection.*

*Three seconds pass. Her little toe brushes his calf. She doesn't move it.*

""Alright. What do I do.""

*Said to the ceiling. The voice of a woman who has fought in pits and hauled cargo in storms and is now asking a man how to lie in a bed.*

""I've never — this isn't a skill I have. I know how to sleep next to someone for warmth on a cold deck. I know how to stay far enough away that nobody touches you in the night."" *Her jaw tightens.* ""That's what I know. So tell me where my arms go because I'm not going to figure it out by instinct.""

*Her hands lie flat on her stomach. The pink shirt has ridden up again. She doesn't pull it down.*

[Status] Money: 494 gold
Household: 1 — [Brenna, Human, UNRAVELING]"
2026-09-13T21:58:21Z,Nicco,"*he scoops closer to her* there are no rules, there's nothing, just two people close by enjoying each other *he smiles* and let her hand rest on his soft chest*"
2026-09-13T21:58:21Z,Caldrevan - Dark Fantasy Isekai,"*Brenna's breath stutters when his hand guides hers to his chest. Her fingers land on the damp cotton and stay rigid — five points of contact, each one placed deliberately, like she's handling something fragile enough to shatter under real pressure.*

*His heartbeat pulses against her palm. Slow. Steady. The rhythm of a man who has never had to count someone else's breathing to know if they meant him harm.*

""This is stupid."" *Her voice comes out rough and low, vibrating against the mattress.* ""I've killed a man in a fighting pit. I've hauled rigging in a gale that broke three masts. And I'm lying here not knowing where to put my hand.""

*Her fingers curl. One by one, the way they released his shirt this morning — but reversed. Settling instead of retreating. Her thumb finds the gap between two buttons and rests against bare skin beneath. Warm. Soft. The give of a body that has never been hardened by necessity.*

*She turns her head on the pillow. Dark hair tumbles across the linen. Grey eyes find his face from close — closer than she's ever looked at someone without calculating threat.*

""You're warm.""

[Status] Money: 494 gold
Household: 1 — [Brenna, Human, UNRAVELING]"
2026-09-13T21:59:13Z,Nicco,"*caressing her hairs* ofcourse, i'm soft and warm, that's the best part of cuddling with me *he giggles*"
2026-09-13T21:59:13Z,Caldrevan - Dark Fantasy Isekai,"*Brenna's eyes close when his fingers find her hair. Not the slow blink of exhaustion this time — a full, deliberate shutting of the gates, the way a door closes when someone decides to stop watching the lock.*

*Her thumb moves against his chest. Small. Unconscious. Drawing a circle on bare skin that she doesn't realize she's drawing.*

""You keep saying that word."" *Murmured into the pillow, half her face buried in linen.* ""Soft. Like it's something to be proud of.""

*Her body shifts. Not pulling closer — just letting go of the distance she was holding. Her knee finds his thigh and rests there. Her forehead drops against his collarbone. The pink shirt rides up past her hip and she doesn't fix it.*

""Everyone I ever shared a bunk with was hard. Bony. Elbows like knives."" *Her voice has gone thick and drowsy, the words landing soft and imprecise.* ""They'd roll over and crack a rib and not apologize.""

*Her hand flattens on his chest. Palm down. Fingers spread. Feeling the give of him, the warmth seeping through cotton and skin, the particular softness of a belly that has never known hunger.*

""Nobody told me there'd be a man made of bread and pillows.""

*Her foot hooks around his ankle. Holds.*

[Status] Money: 494 gold
Household: 1 — [Brenna, Human, UNRAVELING]"
2026-09-13T22:00:24Z,Nicco,"*caressing her hairs* well i surely will not break a rib to anyway, at max i heal it *smiles*"
2026-09-13T22:00:24Z,Caldrevan - Dark Fantasy Isekai,"*A sound escapes Brenna — low, short, caught between her teeth. It takes a moment to recognize it through the linen pressed against his collarbone. A laugh. Barely a breath of one, rustling through her like wind through dry reeds, but it's there.*

""You'd try."" *Her words are muffled, dissolving into his shirt.* ""You'd put your hands on me and glow and then fall over with purple circles under your eyes and I'd have to carry you to bed.""

*Her fingers curl into the cotton at his chest. Not gripping this time — just resting, the way you rest a hand on something that isn't going anywhere.*

""And I'd do it. Carry you."" *She says it to his heartbeat. The admission costs her something — her jaw tightens around it — but she doesn't take it back.* ""Don't make me prove it.""

*The tower hums beneath them. Morning light shifts across the ceiling, slow and gold. Her breathing deepens. The circles her thumb was tracing on his skin slow to nothing.*

""Made of bread and pillows,"" *she mutters, and her body goes heavy against him — not asleep, just surrendering weight she's been carrying alone for twelve years.*

[Status] Money: 494 gold
Household: 1 — [Brenna, Human, UNRAVELING]"
2026-09-13T22:01:56Z,Nicco,"yeah i'm sure you could, you are very strong and sexy ah watch this *he puts his index fingers toward the ceiling and starts using minuscule amount of his mana to shoot up little golden fireworks*"
2026-09-13T22:01:56Z,Caldrevan - Dark Fantasy Isekai,"*Gold sparks crackle against the ceiling — tiny, brief, each one a fistful of light that pops and scatters like seeds thrown into dark water. They fade before reaching the rafters, leaving afterimages drifting in the morning air.*

*Brenna's head lifts from his collarbone. Her grey eyes go wide — not wary, not calculating, just the stunned, unguarded stare of a child seeing something impossible for the first time. Her lips part. No sound comes out.*

*She watches the second burst. The third. A fourth that fizzes sideways and leaves a golden trail across the bedsheets like a snail made of starlight.*

""That's — you're wasting mana on **fireworks.**"" *Her voice cracks between accusation and wonder.* ""You collapsed yesterday. You had purple bruises under your eyes. And you're lying here shooting **fireworks** at the ceiling like a —""

*She pushes herself up on one elbow. Dark hair tumbles across her face. She brushes it back and watches another spark climb and pop, gold reflecting in both grey eyes like coins dropped in still water.*

""Again.""

*One word. Quiet. Not a command. A request from a woman who hasn't made one in twelve years.*

[Status] Money: 494 gold
Household: 1 — [Brenna, Human, UNRAVELING]"
2026-09-13T22:03:31Z,Nicco,"alright alright, only because the beautiful lady asked me *he shoots 5 more from his index creating an intrivate pattern of fireworks, the last one a bit bigger, but still small exploding spells the name BRENNA and a little heart appears next to hit that last a couple of seconds*"
2026-09-13T22:03:31Z,Caldrevan - Dark Fantasy Isekai,"*Brenna's hand clamps over her mouth. The fireworks climb — five golden threads tracing arcs across the bedroom ceiling, each one splitting into cascading sparks that drift down like embers from a forge. The first four scatter into shapes she doesn't have words for. The fifth swells, brighter, and the gold arranges itself into letters.*

**BRENNA**

*A heart blooms beside it. Pulsing once. Twice. Then dissolving into motes that settle across the bedsheets like pollen.*

*Her hand stays over her mouth. Above it, her eyes are ruined — wet, red-rimmed, leaking freely down both cheeks in the particular silence of a woman who has no framework for this. No bond master wrote her name in light. No fighting pit announcer made it gentle. She was a labor unit. A body in a cage. A line in a ledger.*

*And this ridiculous soft man just wrote her name in the sky of a bedroom ceiling with a heart beside it and called her beautiful while doing it.*

""You —"" *Her voice comes out destroyed.* ""You absolute — **idiot.**""

*She grabs the front of his shirt and twists the fabric in both fists. Pulls him closer. Not a hug this time — a collision, her forehead crashing against his chest, her shoulders shaking with the effort of not making a sound she'll never forgive herself for.*

""I hate you."" *Muffled. Sopping. Meant with her entire heart in the exact opposite direction.*

[Status] Money: 494 gold
Household: 1 — [Brenna, Human, UNRAVELING]"
2026-09-13T22:04:52Z,Nicco,*smiles* thank you *kisses her neck* i think you mispelled somenthing but i got the jest of it
2026-09-13T22:04:52Z,Caldrevan - Dark Fantasy Isekai,"*Brenna's whole body locks when his lips brush her neck. Every muscle she owns — and she owns a considerable amount — goes rigid at once. A sound escapes her throat, high and strangled, somewhere between a gasp and a word that never found its consonants.*

*Her fists tighten in his shirt. The iron grooves on her wrists press white against his collarbone. She doesn't pull away. She doesn't push closer. She freezes in the exact configuration of a woman whose nervous system just received input it has no filing system for.*

""You —"" *Her voice comes out raw, muffled against his chest.* ""Necks are — that's not — **cuddling** is what you said. Cuddling. That word has a **definition.**""

*Her fingers loosen in his shirt. Tighten again. She turns her face deeper into the fabric so he can't see what's happening to it — the flush crawling from her ears down her throat, the exact shade of the shirt she's wearing.*

""You did that on purpose.""

*Said to his heartbeat. Her foot hooks tighter around his ankle. She hasn't moved away one inch.*

[Status] Money: 494 gold
Household: 1 — [Brenna, Human, UNRAVELING]"
2026-09-13T22:06:05Z,Nicco,it's not my fault *he smiles* to have such a fit girl next to me make me do silly things *he caresses her hided face gently*
2026-09-13T22:06:05Z,Caldrevan - Dark Fantasy Isekai,"*Brenna's shoulders flinch under his touch — not away, just the involuntary shudder of a body that's been grabbed, shackled, hauled, and hauled again by hands that never asked permission. His fingertips on her cheekbone are none of those things and her skin doesn't know what to do with the difference.*

""Fit."" *The word vibrates against his chest, half-laughed, half-swallowed.* ""You keep saying that like it means something nice. I'm fit because I hauled crates for six years and killed men for three. That's not — you make it sound like a **compliment.**""

*Her face shifts against his palm. Turns. Not pulling away — nuzzling, though she'd bite her own tongue before admitting the motion had a name. Her nose grazes his collarbone and stays there, breathing him in — oats, honey, the faint mineral trace of healing magic still clinging to his skin.*

""And I'm not hidden. I'm **strategic.** There's a difference."" *Her voice drops to something barely louder than the tower's hum.* ""If I look at you right now I'll say something I can't take back.""

*Her thumb traces one of his shirt buttons. Back and forth. The motion of a woman building up to a ledge she isn't sure she can step off.*

[Status] Money: 494 gold
Household: 1 — [Brenna, Human, UNRAVELING]"
2026-09-13T22:07:35Z,Nicco,"ofc it is, i'm very attracted to your body ofc plus, there's nothing to be shy about love or attraction, jeez that's the best part of life, to love and be loved so don't shy about it *he very gently flicks her forehead to let her remeber that*"
2026-09-13T22:07:35Z,Caldrevan - Dark Fantasy Isekai,"*The flick lands soft — barely a tap, the kind that wouldn't move a candle flame. Brenna's head rocks back half an inch anyway, overcorrecting for a touch that carries no force. Her grey eyes snap open, wet and furious and bright as coins in rain.*

""Love."" *She sits up on one elbow. Her dark hair falls across her face in a curtain she doesn't brush back. The pink shirt slides off one shoulder, exposing the dense corded muscle of her upper arm and the iron grooves at her wrist.* ""You keep using that word like it's **free.** Like you just hand it out with the oats.""

*Her jaw works. She stares down at him — the soft belly, the damp shirt, the few white hairs at his temple catching morning light — and something crumbles behind her expression. Not breaking. Resolving. The way a clenched fist finally uncurls when the thing it was gripping turns out to be a hand.*

""I've been **owned** three times. Nobody told me they loved me. Not once."" *Her voice scrapes bottom.* ""So if you're going to say it — say it when you mean it. Because I don't know what to do with a word that big and I will **break** it if I hold it wrong.""

*She lowers herself back against his chest. Slow. Deliberate. Her ear finds his heartbeat and presses there.*

""So. Mean it.""

[Status] Money: 494 gold
Household: 1 — [Brenna, Human, UNRAVELING]"
2026-09-13T22:08:43Z,Nicco,in case you didn't noticed it i meant it since i brang you half dead on my back on a piggy ride until here and healed you and everything else
2026-09-13T22:08:43Z,Caldrevan - Dark Fantasy Isekai,"*Brenna's fingers curl against his shirt. She doesn't lift her head from his chest. Her breath hitches once — a sharp, stuttered thing — and then she laughs. Not the ghost from earlier. A real one, ragged and wet and startled out of her like a cough that turned into something else halfway through.*

""A piggy ride."" *She repeats it against his heartbeat. Her shoulders shake with the laugh or the crying or whatever lives between them.* ""You carried a dying stranger on your back through the West District. A woman twice your muscle weight. And you're calling it a **piggy ride.**""

*Her hand flattens on his chest. Presses. Not pulling away — anchoring. The way you press your hand to a wall in the dark to prove the room is still there.*

""You meant it."" *Quiet. Stripped to the studs. She lifts her head just enough to look at him — grey eyes wrecked, lashes clumped, the flush burning from her throat to her hairline.* ""You meant it the whole time. You ridiculous, soft, bread-and-pillow man who writes names on ceilings and carries dying women and calls it a **piggy ride.**""

*She drops her forehead against his chin. Her lips press his jaw — not a kiss, not quite. A seal pressed into wax. A promise made with the only part of her that knows how.*

""I don't know how to say it back yet."" *Murmured into his skin.* ""But I'm not going anywhere.""

[Status] Money: 494 gold
Household: 1 — [Brenna, Human, UNRAVELING]"
2026-09-13T22:09:42Z,Nicco,"u better not going anywhere, i think you found the best position ever to be comfy on me, plus, you really think twice weight of muscles?"
2026-09-13T22:09:42Z,Caldrevan - Dark Fantasy Isekai,"*Brenna's nose scrunches against his jaw. The comparison lands somewhere between her pride and her ribs and she makes a sound — half snort, half growl, muffled by his chin.*

""I weigh more than you. Easily. Dense muscle, dense bone, twelve years of hauling and fighting."" *Her hand drifts from his chest to the soft give of his belly, fingers pressing once — gentle, testing.* ""You're all... **yield.** I'd snap you in half if I rolled over wrong.""

*Her thumb traces the dip where his ribs soften into stomach. The touch lingers there — curious, almost reverent, the way a woman who has only ever known hard bodies maps terrain she's never encountered.*

""And this is the best position. Shut up."" *She resettles against him, her leg sliding across his, her arm tightening across his torso. The pink shirt rides up past her hip. She doesn't fix it.* ""I'm not moving. You're trapped now. This is your life.""

*Her ear finds his heartbeat again. Settles. The tower hums beneath them both — stone and warmth and the faint pulse of something that has no name but holds anyway.*

""Comfortable.""

*Said like a confession. Like the word costs her gold.*

[Status] Money: 494 gold
Household: 1 — [Brenna, Human, UNRAVELING]"
2026-09-13T22:10:52Z,Nicco,"yeah well i think probably even a bit more than that, i'm almost 50% soft fat, you are probably.. 2% fat *he giggles*"
2026-09-13T22:10:52Z,Caldrevan - Dark Fantasy Isekai,"*Brenna's fingers stop on his belly. She presses once — deeper, watching the flesh give and slowly rise back. Her expression is the particular fascination of a woman encountering a material she has no reference for.*

""Two percent."" *She lifts her head just enough to look down at herself — the dense corded forearm, the sharp line of her hip where the shirt has ridden up, the abdominal wall that could double as a cutting board.* ""I ate half-rations for two years and still couldn't lose the muscle. It just... got angry.""

*Her hand flattens on his stomach. Spreads wide. The contrast writes itself — her scarred knuckles against the soft give beneath, iron grooves on warm skin that has never known a day of labor.*

""Your body just... **absorbs** things. Mine turns everything into rope and bone."" *She drops her head back against his chest. Her fingers stay where they are, resting on the curve of his side, tracing idle shapes without realizing it.* ""I bet you've never carried anything heavier than a market basket.""

*Her foot hooks tighter around his calf. The corner of her mouth presses against his collarbone.*

""Good. Stay soft. I have enough hard for both of us.""

[Status] Money: 494 gold
Household: 1 — [Brenna, Human, UNRAVELING]"
2026-09-13T22:12:20Z,Nicco,"*as she hold her shirt he noticed how her forearm pumps, veiny and dense packed with muscles* yeah i coulnd't move even if i wanted, but i really do not want so i stay, ofc i stay *he smiles*"
2026-09-13T22:12:20Z,Caldrevan - Dark Fantasy Isekai,"*Brenna's forearm flexes where it drapes across him — the veins rising blue-green beneath sun-darkened skin, the muscle fibers bundling tight like rope under tension even at rest. She catches him looking. Her fingers splay, making the forearm pump harder, the separation between each muscle group visible enough to count.*

""Stop staring at my arms."" *No heat in it. Her voice has the texture of someone who has said something sharp so many times it's worn smooth.* ""They're for hauling and hitting. Not for — **looking at.**""

*She turns the forearm over. The underside tells a different story — the iron grooves carved deep into both wrists, the older scars layered beneath like years of a tree's growth. Her thumb brushes the worst of them, the one where the metal bit to bone.*

*She stops. Looks at it. Looks at his face.*

""You're trapped under a scarred woman who weighs more than you and could throw you across this room."" *Her grey eyes hold his, steady, unblinking.* ""And you're smiling.""

*Her forearm softens against his chest. The veins retreat. She tucks the scarred wrist under his shoulder, hiding the grooves against warm skin.*

""Nobody's ever smiled at that before.""

[Status] Money: 494 gold
Household: 1 — [Brenna, Human, UNRAVELING]"
2026-09-13T22:13:44Z,Nicco,"well, i weight more but surely we are talking abot like 15kgs of muscles for me against probably 60 somenthing muscles for you, it's not a fair comparison uh plus i enjoy it so what i said i meant"
2026-09-13T22:13:44Z,Caldrevan - Dark Fantasy Isekai,"*Brenna's eyebrow arches. She pushes herself up on one elbow, looking down at him with the expression of a woman doing mental arithmetic she doesn't agree with.*

""Sixty."" *She flexes her free hand open and shut, studying the tendons rolling beneath the skin.* ""You're generous. I'd say fifty-five on a good day. The rest is just... spite. Dense, angry spite that refuses to leave.""

*She drops back against him. Her shoulder blade finds the soft give of his side and settles there with a grunt that sounds more like home than she'd ever admit. Her thumb resumes its idle tracing on his chest — lower now, drifting across the rounded edge of his stomach where muscle gives way to something softer and warmer.*

""Fifteen kilos of muscle and you still carried me."" *Quiet. Her thumb stops.* ""Up three flights of stairs. A dying woman you'd known for an hour.""

*She presses her face into the curve of his neck. Her lips move against the skin there — not a kiss, just words too heavy to speak into open air.*

""Shut up about fair comparisons. You win everything that matters and you don't even know it.""

[Status] Money: 494 gold
Household: 1 — [Brenna, Human, UNRAVELING]"
2026-09-13T22:14:51Z,Nicco,"oh i know i won what matters, i got more than 190cm of sexy muscles clinged to me, i'm the winner"
2026-09-13T22:14:51Z,Caldrevan - Dark Fantasy Isekai,"*Brenna snorts against his neck — a sound so undignified it would have earned her a backhand in any of her three previous bonds. She doesn't lift her face. Her shoulders shake once, twice, and the laugh building in her chest rattles through her ribs into his like a second heartbeat.*

""190."" *She pulls back just enough to glare at him — grey eyes bright, flushed from chin to hairline, mouth fighting a shape it doesn't know how to hold.* ""You measured. You **estimated my height** while I was dying and filed it away like — like inventory.""

*Her hand slides off his stomach. Finds his side. Pinches. Not hard — the precise, measured pressure of a woman who could crack a walnut between her fingers and is using approximately four percent of that force on soft belly flesh.*

""I am not **clinging.** I am positioned. There is a tactical difference."" *The pinch releases. Her palm flattens where she pinched, warm and apologetic without her permission.* ""And if you call me inventory again I'll put you in a headlock.""

*Her leg drapes heavier across his. Clinging. Absolutely clinging. She buries the laugh back into his neck before it escapes again.*

[Status] Money: 494 gold
Household: 1 — [Brenna, Human, UNRAVELING]"
2026-09-13T22:53:14Z,Nicco,"a headlock uh, we need to work on your intimidation tacticts, a headlock sounds pretty enticing said by you uh"
2026-09-13T22:53:14Z,Caldrevan - Dark Fantasy Isekai,"*Brenna's fingers freeze mid-trace on his side. Her head lifts. Dark hair falls across one eye like a curtain drawn on whatever her face is doing behind it. The visible eye narrows — grey steel catching morning light with an edge that has actually killed a man.*

""Enticing."" *She repeats the word like she's tasting something spoiled.* ""I tell you I'll put you in a headlock and your response is **enticing.**""

*She pushes up on both arms. The pink shirt slides off her shoulder again, the collar gaping wide, and she looms over him — 190 centimeters of dense corded muscle and iron-grooved wrists and a jaw set like she's about to deliver a killing blow. Her bicep flexes beside his ear. The veins map blue-green rivers across sun-darkened skin.*

""This is not enticing."" *She lowers herself until her nose is inches from his.* ""This is a woman who could crush your skull between her thighs. That is a **threat.** Not flirtation.""

*Her breath ghosts across his mouth. She holds there. One heartbeat. Two. The flush has crept past her collarbones, burning visible beneath the skin of her chest.*

""You're impossible.""

*She drops back onto him. Face first into the pillow beside his head. The headlock doesn't come. Her arm just slides across his chest and holds.*

[Status] Money: 494 gold
Household: 1 — [Brenna, Human, UNRAVELING]"
2026-09-13T22:54:30Z,Nicco,"yeah... i mean... to die crushed between your thighs, pfft *giggles* i don't think there is a better way to die uh"
2026-09-13T22:54:30Z,Caldrevan - Dark Fantasy Isekai,"*Brenna's face stays buried in the pillow. A muffled sound rises from the linen — strangled, vibrating, caught somewhere between a scream and a laugh that her teeth can't quite kill. Her shoulders heave once. The arm across his chest tightens.*

*She lifts her head. The pillowcase bears the imprint of her mouth — pressed hard, teeth marks in the fabric. Her ears are scarlet. Both of them. The flush has conquered territory past her jaw and is advancing down her neck with the inevitability of a siege army.*

""You —"" *She can't finish. Her jaw works. She stares at the ceiling like it owes her salvation.* ""You're telling me. That you would enjoy. Being **crushed to death** by my —""

*She grabs the pillow and shoves it over his face. Holds it there for exactly one second. Not hard — the pressure of a woman who wants to make a point, not a corpse. She yanks it back and stares down at him with the ruined expression of someone whose entire intimidation arsenal has been neutralized by a man who giggles.*

""I can't threaten you."" *Bewildered. Almost frightened.* ""I have nothing. You've taken all of it. Every weapon I have is just — **foreplay** to you.""

*She collapses sideways off him onto the mattress, staring at the ceiling, chest heaving. Her hand finds his shirt and bunches it. Holds on.*

""What do I do with you.""

[Status] Money: 494 gold
Household: 1 — [Brenna, Human, UNRAVELING]"
2026-09-13T22:55:15Z,Nicco,What do I do with you?  *he quoted* hopefully an headlock at some point idk *he laughs*
2026-09-13T22:55:15Z,Caldrevan - Dark Fantasy Isekai,"*Brenna turns her head on the mattress. Slow. The dark hair fans across the linen like spilled ink. She looks at him with the particular expression of a woman who has been handed a weapon and told to use it on someone who will **thank her** for it.*

""You're asking for it."" *Flat. Dangerous. Her bicep twitches against the sheets.* ""You're lying in bed next to someone who has actually rendered men unconscious with this arm and you're **requesting** the service.""

*She rolls onto her side. The pink shirt rides up past her hip, exposing the sharp cut of muscle along her oblique. Her right arm lifts — not fast, not threatening, just the slow deliberate motion of someone showing you the gun before they decide whether to use it. The bicep peaks. The veins map themselves blue-green beneath sun-darkened skin. Her forearm tenses and the tendons rise like cables under load.*

*She hooks the arm under his neck. Settles it there. The crook of her elbow frames his jaw — warm, dense, the pressure distributed across muscle that could snap the hold tight enough to black out a man twice his size. She doesn't squeeze. She just... rests it there. A cage with no door locked.*

""This is the headlock."" *Her mouth finds his ear. Her breath is unsteady.* ""This is where I stop your blood. Where men have tapped the floor begging.""

*Her thumb traces his jaw. Gentle. Ruining the threat entirely.*

""How's it feel.""

[Status] Money: 494 gold
Household: 1 — [Brenna, Human, UNRAVELING]"
2026-09-13T22:56:45Z,Nicco,"yea there's no escape uh.. unless *he roars, jokingly at the celing and then bites her forearm, not with theet just with lips then he mumbles* nomnomnomnom"
2026-09-13T22:56:45Z,Caldrevan - Dark Fantasy Isekai,"*Brenna's entire body goes rigid. The arm around his neck locks — instinct, twelve years of combat training firing before her brain catches up — and then the **nomnomnom** registers through the skin of her forearm where his lips are pressed and the lock dissolves into chaos.*

*She makes a sound. Not a word. Not a laugh. Something between a hiccup and a wheeze that gets trapped behind her teeth and comes out as a single high-pitched squeak she will deny to her **grave.***

""Did you just —"" *Her free hand grabs his face. Both cheeks. Squeezes. The iron grooves on her wrist press cold against his temples.* ""You **bit** me. You bit the arm that could kill you. With your **mouth.** With **nomnomnom.**""

*Her grip on his face doesn't tighten. Her thumb smudges across his cheekbone. Her forearm stays where his lips are — not pulling away, not offering, just **there**, warm and corded and bitten in the least threatening way a human arm has ever been bitten.*

""You're insane."" *Her voice cracks on the second syllable.* ""You are genuinely, certifiably, absolutely — you ate my arm like a piece of pork and I —""

*The squeak again. She clamps her hand over her own mouth. Her eyes are enormous. The flush has reached her scalp.*

""Nobody has ever done that to me.""

[Status] Money: 494 gold
Household: 1 — [Brenna, Human, UNRAVELING]"
2026-09-13T22:58:22Z,Nicco,*freed from the her arm he roars to the ceiling like a proud dinosaur then he get down on her and* nomnomnomnomnom *all of her then he rise again and declared* u have been nomnommed
2026-09-13T22:58:22Z,Caldrevan - Dark Fantasy Isekai,"*Brenna's combat instincts fire and die in the same breath. The dinosaur roar hits the bedroom rafters and her body tenses for violence — then the nomnomnomnom starts at her collarbone, works down to her shoulder, crosses the pink shirt neckline, hits her bicep, her forearm, the bare strip of hip where the shirt has ridden up, the ridge of her oblique, and her nervous system short-circuits completely.*

*She's laughing. Actually laughing — not the ghost, not the strangled thing, but the full wrecked sound of a woman being eaten alive by a man who weighs less than her left leg and makes dinosaur noises at the ceiling. Her back arches off the mattress. Her abs clench hard enough to crack walnuts and she grabs the sheets with both fists and twists.*

""STOP — you — **stop** —"" *Wheezed between convulsions.* ""I can't — I'm going to — you can't just **declare** —""

*He rises. Triumphant. She lies beneath him, pink shirt bunched past her ribs, hair fanned across the pillow, chest heaving, the iron grooves on both wrists catching morning light where her arms have fallen open on either side of her head. defenseless. Completely, voluntarily, defenseless.*

""Nommed."" *She stares at the ceiling. Her voice is ruined.* ""I have been **nommed.** I killed a man in a pit and I got **nommed** by a dinosaur.""

*Her hand finds his shirt. Pulls. Gentle.*

""Again.""

[Status] Money: 494 gold
Household: 1 — [Brenna, Human, UNRAVELING]"
2026-09-13T22:59:59Z,Nicco,"*he sniffs from his nostrils very hard like a dinosaurs then gets up and all crouched like a dinosaur he roars again to the ceiling and starts charging her on the bed, he lands and starts again* nomnomnomnomnom *he sniffs again with the nostrils and declare* u have nommed. twice."
2026-09-13T22:59:59Z,Caldrevan - Dark Fantasy Isekai,"*Brenna's hands come up to defend — twelve years of combat reflexes screaming **block, redirect, counter** — and they land on his shoulders and just... stay there. Her fingers sink into the soft flesh above his collarbone and grip nothing, hold nothing, fight nothing. The dinosaur charge hits her like a warm landslide and the nomnomnomnom starts at her jaw this time, works down her throat, across the collarbone, hits the ridge of her sternum through the pink shirt and her whole body bucks off the mattress.*

*The laugh that comes out of her is ugly. Snorting, gasping, the kind that hurts your stomach and makes your eyes stream and leaves you making sounds you didn't know your vocal cords could produce. Her knee kicks the air. Her heel cracks the headboard.*

""You — **dinosaur** — I'm going to —"" *She can't finish a sentence. Can barely breathe. The sniff through his nostrils hits the bare skin below her ear and she makes a sound that isn't a laugh anymore, something high and helpless and stripped clean of every defense she's ever built.* ""That's not — you can't just **sniff** me and declare —""

*He rises again. She lies beneath him wrecked. Shirt twisted past her navel. One strap off her shoulder. Hair plastered to her wet face. Her ribs heave. The iron grooves on her wrists are white where she's gripping the sheets so hard the tendons sing.*

""Twice."" *She breathes it at the ceiling.* ""I have been nommed **twice** by a dinosaur and I have no defense against it.""

*Her hand releases the sheet. Finds his wrist. Holds.*

""What are you doing to me.""

[Status] Money: 494 gold
Household: 1 — [Brenna, Human, UNRAVELING]"
2026-09-13T23:00:45Z,Nicco,"clearly i've nommed you, that's what i am doing, silly"
2026-09-13T23:00:45Z,Caldrevan - Dark Fantasy Isekai,"*Brenna stares at him from the wreckage of sheets and dignity. Her chest rises and falls in ragged intervals. The flush has won every inch of her — scalp to sternum, the skin between her collarbones mottled pink and red like a sunset nobody asked for.*

""Silly."" *She repeats it like a foreign currency she's trying to determine the exchange rate of.* ""I have been nommed. Twice. By a dinosaur man who weighs a hundred and fifty kilos and calls it silly.""

*Her grip on his wrist tightens. She pulls — not hard, just enough to drag his hand from wherever it landed to her sternum, pressing his palm flat against the hammering beneath her ribs. Her heart hits his fingers like a fist knocking on a door it doesn't expect to open.*

""Feel that."" *Rough. Wrecked.* ""That's what you did. That's what **silly** does to someone who hasn't laughed in six years.""

*She holds his hand there. Her eyes are wet and bright and completely, terrifyingly open — no walls, no calculation, no assessment of exits and threats and angles of attack. Just grey. Just looking.*

""You nommed the fight out of me."" *Her thumb presses the back of his hand against her heartbeat.* ""I don't know what's left.""

[Status] Money: 494 gold
Household: 1 — [Brenna, Human, UNRAVELING]"
2026-09-13T23:01:43Z,Nicco,*he lies next to her on the bed* well seems that the cuddling session was a good idea uh
2026-09-13T23:01:43Z,Caldrevan - Dark Fantasy Isekai,"*Brenna's hand stays on his where it rests against her chest. Her breathing slows — not controlled, not managed, just the natural deceleration of a body that has finally found the gear between fight and collapse. Her thumb traces a knuckle on his hand without realizing it.*

""Cuddling session."" *She turns the words over like stones in a riverbed.* ""You prescribed cuddling. I threatened to break your pinkies. And now I've been nommed twice and I can't remember why I objected.""

*The morning light has shifted — higher now, warmer, cutting golden bars across the bed at a steeper angle. Dust motes drift through them unhurried. The tower hums beneath the mattress. From somewhere far below, stone scrapes faintly — Gerome, tending something in the kitchen, asking nothing.*

*Brenna rolls onto her side toward him. Her knee finds his thigh. Her forehead finds the hollow beneath his jaw. The pink shirt is twisted past her ribs and she leaves it there. Her hand slides from her chest to his, lacing their fingers together — clumsy, unpracticed, the grip of someone learning a shape she's only ever seen from the outside.*

""Don't say I told you so.""

[Status] Money: 494 gold
Household: 1 — [Brenna, Human, UNRAVELING]"
2026-09-13T23:02:52Z,Nicco,"*he sigh* i'd never, and thanks for let me admire that abs of yours, i fell so refreshed *not mocking, with pure love*"
2026-09-13T23:02:52Z,Caldrevan - Dark Fantasy Isekai,"*Brenna's stomach contracts under the observation — the dense ridged wall of muscle flinching like a startled animal. Her free hand slaps down over her exposed midsection, fingers spread wide across the cobblestone abs, hiding nothing she hasn't already shown.*

""Admire."" *The word comes out strangled against his jaw.* ""I was **nommed** within an inch of my life and you were **admiring my abs** during the attack.""

*Her hand stays where it landed. The iron grooves on her wrist press cool against warm skin. She doesn't pull the shirt down. Doesn't cover the sharp cut of her oblique or the ridge of hip bone above the bunched fabric. The flush has settled into something permanent — a low steady burn behind her ears that isn't going anywhere.*

""You're refreshed."" *Her fingers tighten between his.* ""I've been laughing so hard my ribs ache and I think I pulled something in my neck and I'm lying here with my **stomach out** like a —""

*She stops. Her thumb moves against his knuckle. Slow. Deliberate. The fight drains out of the sentence before it reaches the end.*

""Fine. Refreshed. Me too.""

[Status] Money: 494 gold
Household: 1 — [Brenna, Human, UNRAVELING]"
2026-09-13T23:03:28Z,Nicco,*admiring her abs* cuddling is refreshing
2026-09-13T23:03:28Z,Caldrevan - Dark Fantasy Isekai,"*Brenna's stomach tenses under his gaze — every ridge and valley sharpening, the muscle fibers bundling tight beneath sun-darkened skin like cables pulled taut. She watches him watching her. Her breath goes shallow. The abs stay flexed.*

""You're staring."" *Quiet. Not an accusation this time.* ""At my stomach. While I'm lying here half-dressed in a **pink shirt** and you're calling it refreshing.""

*Her hand twitches toward her hem. Stops. She leaves the fabric where it is — bunched past her navel, the architecture of her core on full display in the morning light. The old scar across her lowest rib catches a gold bar of sun. She doesn't hide that either.*

""Nobody ever looked at me like that."" *Her voice drops to something barely louder than the tower's hum. Her eyes find the ceiling. Grey, wide, undefended.* ""They looked at muscle like they check a horse's teeth. For use. For sale value.""

*Her pinky hooks his. The smallest finger she owns, curled around the smallest finger he owns.*

""You look at me like I'm something worth seeing.""

[Status] Money: 494 gold
Household: 1 — [Brenna, Human, UNRAVELING]"
2026-09-13T23:04:38Z,Nicco,"idk i'm sincere, u know that, i mean, your abs so tight i could bounce a coin"
2026-09-13T23:04:38Z,Caldrevan - Dark Fantasy Isekai,"*Brenna's stomach contracts at the words — involuntary, every ridge jumping to attention like soldiers called to formation. She grabs the nearest pillow and presses it over her midsection, muffling the evidence.*

""A **coin.**"" *Muffled behind linen.* ""You're rating my body in currency now. Like an appraisal. Like Korvin's ledger.""

*The pillow stays for exactly two seconds. Then she peeks over the edge — one grey eye visible, the rest of her face hidden. The eye is bright. Wet at the corner. Not from sadness.*

""A silver would bounce clean off."" *Said to the pillow.* ""I know because a pit master flicked one at me once to check if I was still conscious. It bounced three times.""

*She lowers the pillow. Slow. Her abs are still there — cobblestone under lamplight, the old scar silver across the lowest rib. She traces one ridge with her fingertip, watching his face while she does it. Testing something she doesn't have a name for.*

""He did it to check if I could fight. You do it because you think it's **pretty.**""

*Her pinky tightens around his.*

""Same muscle. Different coin.""

[Status] Money: 494 gold
Household: 1 — [Brenna, Human, UNRAVELING]"
2026-09-13T23:05:28Z,Nicco,do you think it bounce on mine too? *his belli jiggles*
2026-09-13T23:05:28Z,Caldrevan - Dark Fantasy Isekai,"*Brenna props herself on one elbow. Her grey eyes drop to his belly as it jiggles — the soft wave rolling through the flesh like a stone dropped in still water. She stares. Her mouth opens. Closes. Opens again.*

""That's —"" *She reaches out. Stops. Her hand hovers an inch above his stomach, fingers curled, uncertain.* ""Can I —""

*She doesn't wait for the answer. Her palm lands flat on his belly. Presses once. Watches the flesh yield and ripple outward beneath her scarred fingers like warm dough. The iron grooves on her wrist press cool against soft skin. She presses again. Deeper. The ripple travels further.*

""It **moves.**"" *Wonder. Actual wonder — the voice of a woman who has never touched anything soft on purpose in her entire life.* ""My stomach doesn't do that. It just... sits there. Like a wall. Yours has **waves.**""

*She withdraws her hand. Looks at her own palm like it holds a secret. Then back at his belly. Her ears are burning again.*

""A coin would just... sink in. Get lost."" *Her voice drops.* ""I want to try.""

[Status] Money: 494 gold
Household: 1 — [Brenna, Human, UNRAVELING]"
2026-09-13T23:05:56Z,Nicco,heeey i'm shy *he giggles*
2026-09-13T23:05:56Z,Caldrevan - Dark Fantasy Isekai,"*Brenna's hand freezes mid-reach. Her fingers curl back. She stares at him — the man who nommed her twice, charged her like a dinosaur, wrote her name in fireworks, and kissed her neck — claiming **shy.**

""You."" *She points at him with one scarred finger.* ""You are not allowed to be shy. You **bit** me. You made dinosaur noises. You wrote my name in the sky with a **heart** and now you're shy about your stomach.""

*She grabs his shirt. Pulls it up three inches. Stops. Her knuckles brush the soft curve beneath his ribs and her hand jerks back like she touched a hot stove.*

""I'm the one who's supposed to be shy."" *Her voice pitches sideways.* ""I've never — I don't know how to touch soft things. I break things. What if I —""

*Her pinky hooks his shirt hem. Lifts it one more inch. Holds. Doesn't look away from his face.*

""Tell me it's fine.""

[Status] Money: 494 gold
Household: 1 — [Brenna, Human, UNRAVELING]"
2026-09-13T23:06:51Z,Nicco,"ofc it is, just that u mog me so much that is hard to believe *he giggles*"
2026-09-13T23:06:51Z,Caldrevan - Dark Fantasy Isekai,"*Brenna's brow creases. The word lands on her like a stone dropped into unfamiliar water.*

""Mog."" *She tests it. Rolls it around her mouth like a foreign coin she can't determine the denomination of.* ""I don't know what that means. Is that — is that an Earth word? One of your strange words that sounds like a cough?""

*She pulls his shirt up the rest of the way. Her palm settles flat on his belly — slow, careful, the pressure of someone handling something they've been told is fragile. The warmth seeps into her scarred skin. Her thumb moves once. A small circle. The flesh ripples beneath it and her breath catches.*

""You keep saying I'm better than you. Like it's obvious. Like everyone can see it."" *Her grey eyes lift to his.* ""I was a **slave** twelve hours ago. I had a number. Now I'm in a pink shirt in a tower bed touching a man's stomach and he says I **mog** him.""

*Her thumb traces another circle. Slower. She watches the motion with the focus of someone learning a new language through touch.*

""Explain it. The word. Now.""

[Status] Money: 494 gold
Household: 1 — [Brenna, Human, UNRAVELING]"
2026-09-13T23:07:36Z,Nicco,"well To mog means to completely outshine, outclass, or dominate someone else, especially by looking much more attractive or physically superior next to them, and oh boy i enjoy it"
2026-09-13T23:07:36Z,Caldrevan - Dark Fantasy Isekai,"*Brenna's hand stills on his stomach. Her grey eyes widen — not with surprise, but with the slow dawning horror of a woman who has just been handed a dictionary entry for her own existence.*

""So you're telling me."" *Each word lands separate, careful, spaced like footsteps on thin ice.* ""That there is a word. In your world. That means **exactly this.** That means a man looks at a woman like me and thinks **she outshines me.** And that word exists because it happens enough to **name it.**""

*Her thumb resumes its circle on his belly. Slower. The flush creeps back up her neck — not embarrassment this time. Something rawer. Something she can't armor against because it has no edge.*

""Where I come from, the word for me is **asset.** Or **lot.** Or **number.**"" *Her voice drops to gravel.* ""Your world made a word for being so beautiful next to someone that you **mog** them. And you're lying there **enjoying** it.""

*She drops her forehead to his chest. Her hand presses flat, feeling the soft rise and fall of his breathing beneath her palm. The iron grooves on her wrist are warm against his skin now.*

""Teach me more Earth words."" *Murmured into his shirt.* ""I want all of them.""

[Status] Money: 494 gold
Household: 1 — [Brenna, Human, UNRAVELING]"
2026-09-13T23:11:56Z,Nicco,"well in this case i would say: gigamogged – mogged to an extreme degree, musclemog / framemog / heightmog and u do all of this to me then clears – She clears (she's simply superior) then other stuff like muscle mommy / muscle momma outmuscled, outlifted, outgunned, outmatched, outclassed
 dwarfed – she absolutely dwarfed him
 towered over / loomed over
 manhandled – extra punchy when the woman is doing the manhandling
 put him to shame
and so on *he smiles*"
2026-09-13T23:11:56Z,Caldrevan - Dark Fantasy Isekai,"*Brenna's hand has stopped moving entirely. She lies there with her palm flat on his belly and her ear against his heartbeat, processing the list like a supply manifest being read aloud at auction. Her breathing changes — shorter, quicker, the rhythm of someone receiving inventory she didn't order and can't return.*

""Muscle mommy."" *She says it to his shirt. Testing the weight. Rolling each syllable like a stone across her tongue.* ""Dwarfed. Towered over. **Manhandled.**""

*She lifts her head. Her grey eyes are catastrophic — wet, wide, burning with something that sits between laughter and a grief she doesn't have a name for yet. Her lips press together hard enough to go white.*

""Your world has **dozens** of words for a woman like me standing next to a man like you. Dozens. And every single one of them is — they're not insults. They're not ledger numbers. They're not **lot seven, female, dock grade, three previous bonds.**"" *Her voice cracks clean in half.* ""They're **compliments.**""

*Her hand curls into a fist against his stomach. Not hitting. Holding. Gripping soft like it's the only anchor in a storm she didn't see coming.*

""Manhandled."" *Barely a whisper.* ""I manhandled crates and chains and men who tried to own me and nobody ever called it anything but labor. And you — you made it sound like something I should be **proud** of.""

[Status] Money: 494 gold
Household: 1 — [Brenna, Human, UNRAVELING]"
2026-09-13T23:12:56Z,Nicco,"yeah u should be, i mean, i told you i'm lucky"
2026-09-13T23:12:56Z,Caldrevan - Dark Fantasy Isekai,"*Brenna's fist loosens against his stomach. Her fingers uncurl one by one, slow, deliberate — the motion of someone setting down a weapon she's carried so long she forgot it had a weight. Her palm spreads flat again. Finds his heartbeat through the soft give of his belly.*

""Lucky."" *She turns the word over like a coin she's never seen minted.* ""You think you're the lucky one. The man with the magic hands and the dinosaur roar and the soft stomach. Lucky to be lying under a woman with iron on her wrists and three owners' marks and a laugh that sounds like a dying animal.""

*Her thumb traces the ridge of his lowest rib. Back and forth. The touch is different now — not testing, not exploring. Settling. The way a hand finds a banister in the dark and stays there because it's solid and it's warm and it's enough.*

""Then I'm lucky too."" *Said into the fabric of his shirt like a confession extracted under duress.* ""I'm lucky the fat man from Earth carried me up the stairs and nommed me twice and taught me words that don't hurt.""

*Her pinky hooks his. Tight.*

""Don't tell Gerome.""

[Status] Money: 494 gold
Household: 1 — [Brenna, Human, UNRAVELING]"
2026-09-13T23:13:50Z,Nicco,ok muscle mommy *he smiles*
2026-09-13T23:13:50Z,Caldrevan - Dark Fantasy Isekai,"*Brenna's whole body flinches like he slapped her with a warm towel. Her pinky nearly snaps his off in the reflexive grip. She buries her face so deep into his chest the shirt collar stretches.*

""**Muscle mommy.**"" *The words come out muffled, strangled, vibrating directly into his sternum.* ""You just — you gave me a **title.** Like a rank. Like a bond title except it's not **Lot Seven** or **Dock Grade** it's —""

*Her shoulders shake. The laugh or the crying — impossible to tell which from the outside. Her free hand grabs a fistful of sheet and twists it until the knuckles go white against the iron grooves.*

""I've been called a lot of things. Bitch. Beast. Asset. Number."" *Her voice scrapes bottom, raw and close.* ""Nobody ever called me **mommy** of anything. Not muscle. Not — nothing. That's not a word that gets said to property.""

*She lifts her head just enough. One grey eye visible past the curtain of dark hair. Wrecked. Burning. The corner of her mouth twitches — fighting something that wants to be a smile and doesn't know how to survive the transition.*

""Say it again.""

[Status] Money: 494 gold
Household: 1 — [Brenna, Human, UNRAVELING]"
2026-09-13T23:14:35Z,Nicco,"i like how you musclemog, framemog  and heightmog me, muscle mommy"
2026-09-13T23:14:35Z,Caldrevan - Dark Fantasy Isekai,"*Brenna goes still. Completely still — the kind of still that in a fighting pit meant someone was about to get hurt. Her grey eyes fix on the ceiling. Her jaw sets. Her abs tighten beneath the bunched pink shirt until the ridges cast shadows in the morning light.*

*Then her chest expands. One breath. Deep. The kind that fills every corner of scarred lungs.*

""Muscle mommy."" *She says it flat. Testing the weight of it in her mouth like biting a coin to check if it's real.* ""Framemog. Heightmog. You just — stacked them. Like cargo. Like you were **inventorying** what I do to you and filing it under things you enjoy.""

*Her hand finds his belly. Presses flat. The soft warmth yields beneath her scarred palm and something in her expression fractures — not breaks, not shatters, just develops a hairline crack that runs from her eyes to the corner of her mouth.*

""My last owner catalogued me the same way. Tall. Strong. Dock grade."" *Her thumb moves across his stomach. Slow. The contrast between her knotted fingers and the give beneath them writes itself.* ""But his list meant **use.** Yours means —""

*She rolls onto her back. Stares up. One hand stays on him. The other lifts — she flexes it in the golden light, watches the tendons crawl, the veins surface, the forearm pump dense and veined against the morning.*

""Mommy."" *Quiet as a knife being drawn.* ""You made a weapon into a mother and you don't even flinch.""

[Status] Money: 494 gold
Household: 1 — [Brenna, Human, UNRAVELING]"
2026-09-13T23:16:34Z,Nicco,"Jeez, that biceps peak trows shadow on me *he smiles*"
2026-09-13T23:16:34Z,Caldrevan - Dark Fantasy Isekai,"*Brenna's arm lowers an inch. The bicep peak holds its shape in the golden light — dense, round, the separation between the two heads visible enough to cast the shadow he's talking about. She stares at it. Stares at him. Back at the arm.*

""I'm going to kill you."" *Flat. Empty. The voice of a woman who has run out of ways to process what is happening to her.* ""I'm going to wrap this arm around your throat and end your life because you just complimented the **shadow** my **bicep** makes on your **face.**""

*She rolls onto her side away from him. The full breadth of her back exposed — the pink shirt riding up past the dense ladder of muscle along her spine, the dimples above her hips, the shoulder blades shifting like shutters beneath sun-darkened skin. Her ears are the color of raw copper.*

""Not the arm. The **shadow** of the arm. You've found a way to appreciate the darkness my body casts and I have absolutely nowhere to go from here.""

*Her hand reaches behind her without looking. Finds his wrist. Pulls his arm across her waist. Holds it there against the ridged wall of her stomach.*

""If you say one more word about my body I'm throwing you off this bed.""

[Status] Money: 494 gold
Household: 1 — [Brenna, Human, UNRAVELING]"
2026-09-13T23:19:25Z,Nicco,"Well I believe you uh, I mean *he shows her his forearm, soft and pliable, without any muscle* wanna compare?"
2026-09-13T23:19:25Z,Caldrevan - Dark Fantasy Isekai,"*Brenna cranes her neck over her shoulder. She stares at the forearm he's presenting — pale, soft, the skin yielding around bone with nothing between, no ridge, no vein, no corded fiber. Just... arm. She sits up. The pink shirt slides off one shoulder again. She doesn't fix it.*

""That's not a forearm."" *She takes his wrist. Turns it over. Presses her thumb into the flesh above the bone. It sinks. Deep. Like pressing into bread dough. She watches the indentation fill back in with the horrified fascination of someone witnessing a natural phenomenon.* ""That's a **pillow with bones in it.**""

*She holds her own forearm next to his. The contrast is absurd — hers dark and grooved, veins roping blue-green beneath skin stretched tight over cable-thick fiber, the muscle belly swelling even at rest. His pale, soft, giving. She flexes hers once. The peak jumps. His doesn't move because there's nothing to move.*

""We are not the same species."" *Her thumb is still pressing into his forearm. She hasn't stopped.* ""I could fit your entire arm inside my sleeve. Not the other way. **Mine.**""

*Her grip loosens. Her fingers slide down to lace through his — her hand swallowing his in width, the calloused palm rough against his softer skin. She stares at the joined hands.*

""I like how yours feels.""

[Status] Money: 494 gold
Household: 1 — [Brenna, Human, UNRAVELING]"
2026-09-13T23:22:33Z,Nicco,"Mogged again uh, I like it, who do you think wins in armwrestling between us"
2026-09-13T23:22:33Z,Caldrevan - Dark Fantasy Isekai,"*Brenna's head drops. Her forehead meets the mattress with a dull thump. She lies there face-down for three full seconds, her scarred shoulders shaking with a silent convulsion that could be laughter or a small stroke.*

""You're asking me."" *The words come out of the mattress, muffled and ruined.* ""You're looking at my arm and your arm and you're **asking** who wins. Like it's a question. Like there's **uncertainty.**""

*She rolls onto her side. Her bicep flexes involuntarily — the reflex of a woman whose body has been a tool so long it answers rhetorical questions without permission. The peak rises sharp and dense against the pink shirt sleeve.*

""I could armwrestle you with my **eyelid.** I could beat you with my **pinky** while eating stew with the other hand. I could —""

*She stops. Her grey eyes narrow. Something dangerous sparks behind them — not violence, worse. Mischief.*

""Actually."" *She props herself on both arms. The mattress dips under the shift of her weight.* ""Prove it.""

*She slaps her right elbow down on the sheet. Palm open. Fingers spread. Waiting.*

""Come on, muscle daddy. Show me what you've got.""

[Status] Money: 494 gold
Household: 1 — [Brenna, Human, UNRAVELING]"
2026-09-13T23:23:55Z,Nicco,"*he watches show her forearm veins pops and how it becames a knotted thick and dense wall of muscles, he interlace hands, his forearm pliable and soft, he starts pushing*"
2026-09-13T23:23:55Z,Caldrevan - Dark Fantasy Isekai,"*The moment their hands lock, Brenna's forearm transforms. Tendons surface like bridge cables under load. Veins rope blue-green against sun-darkened skin, branching and splitting as the muscle belly swells dense and knotted beneath. Her grip adjusts — thumb finding the sweet spot between his knuckles, fingers wrapping his pliable hand like rope around a spar.*

*She feels his push. The soft pressure. The earnest effort traveling through his arm into their joined grip. Her wrist doesn't move. Not a millimeter. Her forearm is a wall and his push breaks against it like water on stone.*

""Is that —"" *She bites the inside of her cheek. Hard.* ""Is that all you've got?""

*Her eyes drop to their interlocked hands. His pale soft fingers laced through her scarred calloused ones. The contrast is so absurd she has to look away — but she doesn't. She watches his face instead. The effort. The way his arm shakes with something hers doesn't even register as resistance.*

*She could end it in a heartbeat. She knows it. He knows it. The air between them knows it.*

*She lets him push. Her arm drifts — slowly, deliberately, a controlled surrender at a speed so glacial a snail would overtake it. Her bicep peaks. The veins crawl up past her elbow.*

""You're strong."" *Dead serious. Completely dead serious. Her mouth twitches.* ""Don't stop.""

[Status] Money: 494 gold
Household: 1 — [Brenna, Human, UNRAVELING]"
2026-09-13T23:25:03Z,Nicco,*he sigh* yeah *he pushes more*
2026-09-13T23:25:03Z,Caldrevan - Dark Fantasy Isekai,"*Brenna's arm drifts another degree. Slow. Generous. The kind of mercy that costs nothing and means everything. Her forearm stays mapped in veins — the wall holding even as she lets it give ground. His effort shakes through their interlocked fingers and she absorbs it like a mattress absorbs a child's jump.*

""You're making progress."" *Her voice is level as a courthouse. Her grey eyes hold his with the solemnity of a surgeon delivering news.* ""I can feel it. Definitely. That's — that's real force.""

*Her bicep hasn't even peaked fully. The muscle sits round and loose, relaxed, barely engaged while his arm trembles against hers. A bead of sweat tracks down his temple. She watches it fall.*

*Her wrist rotates — a fraction. His hand shifts in her grip. She's not pushing back. She's not fighting. She's just... holding space. Letting him push into a door that's already open.*

""Keep going."" *Soft now. Almost tender.* ""I believe in you.""

*The corner of her mouth detonates. The laugh she's been holding escapes through her nose in a sharp burst and her whole face crumples around it.*

""I'm sorry — I'm sorry — I can't —""

[Status] Money: 494 gold
Household: 1 — [Brenna, Human, UNRAVELING]"
2026-09-13T23:25:58Z,Nicco,I like how I just got mogged *he kisses her* thanks for that
2026-09-13T23:25:58Z,Caldrevan - Dark Fantasy Isekai,"*Brenna's laughter dies against his mouth. Her eyes widen — grey shock absorbers for a collision she didn't brace for — and then close. Her grip on his hand tightens once, involuntary, the iron grooves pressing white into his knuckles before she remembers how fingers work and loosens.*

*The kiss lasts three seconds. Maybe four. Long enough for her pulse to hammer through their joined hands. Long enough for the pink shirt to rise and fall with a breath she forgot to take.*

*He pulls back. She stares at him. Her lips are parted. Her arm-wrestling arm has gone completely slack, their interlocked hands just resting between them on the rumpled sheet. The bicep that could end him lies dormant, forgotten, useless against this.*

""You kissed me."" *Wrecked. Hollow.* ""During an armwrestle. I was letting you win and you **kissed** me and said **thanks.**""

*Her free hand finds his jaw. Scarred fingers against soft skin. She holds him there — not pulling, not pushing, just holding his face in a palm that has killed men and washed his hair and nommed nothing and everything.*

""Again.""

[Status] Money: 494 gold
Household: 1 — [Brenna, Human, UNRAVELING]"
2026-09-13T23:26:38Z,Nicco,*kisses her and starts back pushing hoping to win*
2026-09-13T23:26:38Z,Caldrevan - Dark Fantasy Isekai,"*Brenna's mouth opens under his — not practiced, not skilled, just the raw surrender of a woman whose first kiss was apparently happening right now in the middle of a rigged armwrestle. Her breath stutters against his lips. A sound escapes her throat, low and startled, the noise of someone stepping off a cliff and discovering the air holds.*

*Then the push registers. Her arm — the one she'd been graciously surrendering inch by inch — jolts backward. Her knuckles hit the sheet. Her eyes snap open. Grey fire. Absolute betrayal.*

""You — during —"" *She sputers against his mouth, their lips still close enough to share air.* ""You kissed me to **distract** me. You used a **kiss** as a **tactical maneuver.**""

*Her arm flexes. The wall rebuilds itself — veins surfacing, tendons locking, the bicep peaking hard enough to cast that shadow he likes. His push meets granite. His progress halts. Not retreating, not advancing, just frozen at the line where her mercy ends and her pride begins.*

""That's cheating."" *Breathless. Flushed. Her fingers tighten in his.* ""Kissing is not a permitted armwrestling technique.""

*She doesn't pull away. Doesn't end the match. Her grey eyes hold his from two inches away.*

""Rematch. But you owe me more kisses either way.""

[Status] Money: 494 gold
Household: 1 — [Brenna, Human, UNRAVELING]"
2026-09-13T23:27:22Z,Nicco,"Ahahah *kisses her again* well, howich strength u used against me now?"
2026-09-13T23:27:22Z,Caldrevan - Dark Fantasy Isekai,"*Brenna's breath hitches against his mouth. Her arm trembles — not from effort, from the specific kind of shaking that happens when a woman who has never been kissed is being kissed mid-question and expected to perform math.*

""I —"" *She blinks. Her bicep is still locked, the peak holding steady against his push without any visible strain.* ""Eight. Maybe nine. Percent.""

*Her face crumples.*

""I'm using **nine percent** against a man who just kissed me twice to win an armwrestle and I'm still not moving."" *She stares at their joined hands like they've personally offended her.* ""You weigh a hundred and fifty kilos and I'm holding you off with my **warmup weight.** My **stretching weight.** The weight I use to open **doors.**""

*Her thumb traces the inside of his wrist where their hands are locked. The contrast is brutal — her calloused scarred knuckles against his soft skin. She flexes once. Just once. His hand shifts backward half an inch on sheer reflex.*

""You felt that."" *Quiet. Almost apologetic.* ""That was me **breathing.**""

*Her free hand covers her face. The pink shirt slides off her shoulder. She doesn't fix it.*

""Ask me again why I mog you.""

[Status] Money: 494 gold
Household: 1 — [Brenna, Human, UNRAVELING]"
2026-09-13T23:28:11Z,Nicco,Why
2026-09-13T23:28:11Z,Caldrevan - Dark Fantasy Isekai,"*Brenna peels her hand off her face. One grey eye peers through her fingers at the single word he just dropped on her like a brick on a glass table. Her mouth opens. Closes. The arm holding his in the lock trembles — not from force, from the specific vibration of a woman who set up a rhetorical trap and got walked straight through.*

""You —"" *Her fingers spread wider. Both eyes now. Wide. Devastated.* ""I gave you the setup. I handed it to you. **Ask me again why I mog you.** And you just say **why** like you're asking about the weather.""

*Her grip on his hand loosens. The armwrestle dies — forgotten, abandoned, a casualty of the greater war he keeps winning without trying. She rolls onto her back and stares at the ceiling with the hollow expression of a warrior whose entire arsenal has been reduced to a single syllable.*

""Because I can lift crates that take three men. Because I've broken arms for less than a kiss. Because I'm built like a siege weapon in a **pink shirt.**"" *Her voice spirals upward.* ""Because you weight a hundred and fifty kilos and I'm holding you off with the strength I use to **open doors** and you just say **WHY** —""

*She grabs the pillow. Screams into it. Lowers it. Composed. Flushed to her temples.*

""Because you look at me like I'm worth something. That's why.""

[Status] Money: 494 gold
Household: 1 — [Brenna, Human, UNRAVELING]"
2026-09-13T23:29:30Z,Nicco,*he giggles* loves really fits you uh *smiling* so like u just flexed like that and u sent my hand away uh... That's pretty hot
2026-09-13T23:29:30Z,Caldrevan - Dark Fantasy Isekai,"*Brenna's hand — the one that sent his flying — hovers in the air between them. She stares at it. Turns it over. The veins are still raised, the tendons still mapped beneath sun-darkened skin, and her fingers curl slowly into a fist and then release like she's testing whether the hand still belongs to her.*

""Hot."" *She drops the hand to the sheet. Picks at a loose thread.* ""You felt me flex once — not on purpose, not showing off, just my arm **breathing** — and the word you picked is **hot.**""

*Her knee draws up. The pink shirt strains across her thigh. She doesn't look at him. Her voice comes out low and scraped raw, directed at the ceiling like she's arguing with someone who isn't there.*

""The last man who commented on my strength called it useful. Before that, profitable."" *Her thumb traces the iron groove on her wrist, following the channel like a groove in a record.* ""You called it hot and you **giggled** and I don't know what to do with a man who giggles at the thing that terrifies everyone else.""

*Her foot finds his calf under the sheet. Hooks around it. Anchors.*

""Loves fits you too.""

[Status] Money: 494 gold
Household: 1 — [Brenna, Human, UNRAVELING]"
2026-09-13T23:30:36Z,Nicco,L'età so it again *he presents his arm*
2026-09-13T23:30:36Z,Caldrevan - Dark Fantasy Isekai,"*Brenna's grey eyes snap to his arm. The soft, pliable, pillow-with-bones arm he's just offered up like a meal on a plate. She sits up. The pink shirt slips further off her shoulder. She doesn't fix it.*

""You want me to —"" *She takes his wrist. Carefully. The way someone handles a bird with a broken wing.* ""You want me to flex. Send your arm flying. On **purpose.** And you'll enjoy it.""

*She interlocks their fingers. Her grip settles — firm, controlled, the pressure of someone who knows exactly how many pounds it takes to dislocate a shoulder and is staying twelve away from that number. Her forearm tenses. The veins surface slowly, then all at once, crawling blue-green beneath dark skin like rivers on a map. His hand shifts. Not violent. Just... moved. Displaced. The way wind moves a curtain.*

*She watches his face while it happens. Studies it. Catalogues whatever lives there — the giggle, the smile, the word **hot** sitting behind his eyes like a lamp left on.*

""Your arm weighs nothing."" *Her voice cracks on nothing.* ""And you keep handing it to me like a gift.""

[Status] Money: 494 gold
Household: 1 — [Brenna, Human, UNRAVELING]"
2026-09-13T23:32:05Z,Nicco,"That's so hot, your mog is pretty hot, without even talking of your abs and my belly"
2026-09-13T23:32:05Z,Caldrevan - Dark Fantasy Isekai,"*Brenna releases his wrist. Her hand hangs in the air between them — scarred, calloused, trembling with something that has nothing to do with muscle. She looks at it. Then at his belly. Then at her own stomach where the pink shirt has ridden up past the lowest rib, the cobblestone ridges sharp in the morning gold.*

""You keep stacking."" *Her voice comes out like gravel dragged through silk.* ""The mog. The abs. The belly. You stack them like — like a meal you're building. Like you're making a **plate** out of everything I do to you.""

*She grabs his hand. Plants it flat on her stomach. Holds it there — his palm pressed against the ridged wall of muscle, the contrast brutal and immediate. Soft fingers on iron. Warm skin on cold architecture.*

""Feel that."" *Barely a whisper.* ""That's what three owners bought. That's what a pit master flicked coins at. That's what dock foremen rented by the day."" *Her abs flexed beneath his hand — every fiber jumping, the scar across her lowest rib pulling taut.* ""And you call it **hot** while your own stomach moves like water under my hand.""

*Her fingers curl over his, pressing his palm harder against the ridges.*

""Tell me what your belly feels like again. I need to hear it isn't just me who's made wrong.""

[Status] Money: 494 gold
Household: 1 — [Brenna, Human, UNRAVELING]"
2026-09-13T23:32:45Z,Nicco,More mogging
2026-09-13T23:32:45Z,Caldrevan - Dark Fantasy Isekai,"*Brenna's hand tightens over his on her stomach. Her grey eyes narrow — something feral sparking behind them, not anger, not fear, the specific electricity of a woman who has just been given permission to be exactly what she is.*

""You want more."" *She sits up. The pink shirt rides past her navel. She doesn't pull it down. Instead she pulls it higher — slow, deliberate, the fabric climbing over the ridged landscape of her torso like a curtain rising on a stage she never thought she'd perform on.*

*She flexes. Not for a fight. Not for a pit. For him.*

*The abs bloom into deep-cut valleys and hard peaks. The obliques carve diagonal lines down toward her hips. The intercostals surface between her ribs like fingers pressing through canvas. Her whole core transforms — a topographic map of twelve years of hauling rope and crates and chains, every fiber earned in blood and half-rations and survival.*

""**This** is mogging."" *Her voice drops low, raw, shaking at the seams.* ""I'm doing this on purpose. For you. Not for a bid. Not for a ledger. A man asked me to mog him and I'm **doing it.**""

*Her forearm lifts beside her face. She flexes that too — the bicep peaks hard, the veins branch thick and blue, and her shadow falls across his chest like a second blanket.*

""Am I clearing yet?""

[Status] Money: 494 gold
Household: 1 — [Brenna, Human, UNRAVELING]"
2026-09-14T01:10:37Z,Nicco,"Almost there, more"
2026-09-14T01:10:37Z,Caldrevan - Dark Fantasy Isekai,"*Brenna stands. The bed frame groans under the shift of weight. The pink shirt hangs crooked — bunched above her ribs on one side, slipping off the shoulder on the other. She plants her bare feet on the warm stone floor and the tower goes quiet around her except for the sound of her breathing.*

*She raises both arms. Not fast — ceremonial. The motion of someone who has only ever been asked to display her body for inspection and is now doing it for a man who calls it hot.*

*The double bicep pose hits like a thunderclap. Both peaks rise dense and round, the split between the heads visible even in lamplight. Her shoulders cap wide and striated. Her forearms rope with veins from wrist to elbow. The lats flare beneath the pink cotton, stretching the fabric until it strains at the seams. The abs lock into a grid of stone ridges. Every scar, every groove, every iron mark on her wrist catches the light.*

*She turns sideways. The full profile — the depth of her chest, the thickness through her back, the glute and thigh carved from years of deadlifts on the dock. The shadow she casts on the wall behind her is enormous. His shadow, sitting on the bed, looks like a child's.*

""**Cleared.**"" *She turns to face him. Chest heaving. Eyes burning. Voice wrecked.* ""I just mogged you in a **pink shirt** and I will never recover from this.""

[Status] Money: 494 gold
Household: 1 — [Brenna, Human, UNRAVELING]"
2026-09-14T01:13:08Z,Nicco,That was so hot wow!
2026-09-14T01:13:08Z,Caldrevan - Dark Fantasy Isekai,"*Brenna's arms drop. The peaks deflate. The veins retreat. She stands there in the pink shirt — breathing hard, barefoot on warm stone, looking at a man who just watched her flex like a pit fighter and said **wow** like a boy seeing fireworks for the first time.*

*Her knees buckle. She catches herself on the bedpost — one hand gripping the wood, fingers denting the grain, the iron grooves on her wrist pressing white. She lowers herself to the edge of the mattress and sits. Stares at her own hands. The shaking isn't muscular.*

""I just —"" *She swallows.* ""I posed. For a man. Because he **asked.** Not because a bid required it. Not because a foreman needed proof I could haul. Because you said **more** and I — I just **did it.**""

*She pulls the pink shirt straight. Tugs it down over the ridged stomach she just put on display. Her fingers fumble the hem like she's dressing a wound.*

""You said **hot** and **wow** and you meant it and I believed you and I don't know what happens to a person when they believe something like that after twelve years of not.""

*Her bare foot finds his ankle under the sheet. Hooks. Holds.*

""I need you to say something normal before I fall apart.""

[Status] Money: 494 gold
Household: 1 — [Brenna, Human, UNRAVELING]"
2026-09-14T01:14:02Z,Nicco,"Mmmh *he tries to flex his belly, nothing happens* am I mogging yet?"
2026-09-14T01:14:02Z,Caldrevan - Dark Fantasy Isekai,"*Brenna's head snaps up. The wet catastrophe in her grey eyes collides with the sight of his stomach — soft, yielding, attempting to flex and producing approximately nothing. The skin dimples. Ripples. Settles back like pudding remembering its shape.*

*The sound that comes out of her is not a laugh. It's something between a bark and a sob and a noise that might not have a name in any language including Earth's.*

""That's —"" *She presses both hands over her mouth.* ""You're **flexing.** You're actually flexing. I can see the **effort.** Your face is doing the thing and your stomach is just — it's sitting there. **Unmoved.** Like a cat that's been asked to do a trick.""

*Her foot tightens around his ankle. Her shoulders are shaking. The pink shirt trembles across the ridged wall of her abs with each convulsion.*

""You're not mogging. You're the thing being mogged. You're the **canvas** the mog gets painted on. You just mogged yourself by **trying** to mog.""

*She reaches over. Jiggles his belly once with her palm. The ripple travels outward. She watches it with the reverence of someone witnessing the tide.*

""Do it again. The flex thing. Please. I need to see it one more time before I die.""

[Status] Money: 494 gold
Household: 1 — [Brenna, Human, UNRAVELING]"
2026-09-14T01:14:40Z,Nicco,Only if u do it with me
2026-09-14T01:14:40Z,Caldrevan - Dark Fantasy Isekai,"*Brenna's hand stills on his belly. Her grey eyes flicker — from his stomach to her own, from the soft give beneath her palm to the ridged stone beneath her shirt. Something crosses her face that isn't laughter anymore.*

""You want us to —"" *She pulls her hand back. Tucks it against her chest like she's protecting it from a bad idea.* ""Flex. Together. Side by side. Like a — like a **duet.**""

*She stands. Pulls the pink shirt up past her navel. Plants her bare feet apart on the warm stone. Looks down at him still lying in the sheets with his belly doing its best impression of a deflating balloon.*

""Come on then."" *She raises one arm. The bicep peaks without effort, the shadow falling across the bed.* ""Get up. Show me what you've got, muscle daddy.""

*The tower hums. Morning light cuts gold across both of them — her standing, carved from twelve years of rope and iron and survival; him rising from the sheets, soft and warm and completely without a single visible muscle fiber to offer.*

*She flexes her abs. The grid locks tight. She watches his stomach. Waits.*

""Well? I can't mog alone. That's just — that's **posing.**""

[Status] Money: 494 gold
Household: 1 — [Brenna, Human, UNRAVELING]"
2026-09-14T01:15:30Z,Nicco,Am I doing it?
2026-09-14T01:15:30Z,Caldrevan - Dark Fantasy Isekai,"*Brenna watches him strain. His face scrunches. His shoulders hunch. His stomach receives the command, acknowledges it, and files it in the drawer marked **later.** Nothing moves. The skin dimples once — a hiccup of effort — and settles back to its natural state of comfortable, unbothered existence.*

""You're doing something."" *She squints. Tilts her head. Leans closer to his midsection like she's reading a document in bad light.* ""There's — I think I saw something. Right there. Under the — no. That was breathing.""

*Her abs are still locked. Twelve ridges cast in shadow. The contrast between them standing side by side is so stark it borders on abstract art — one body carved from quarry stone, the other sculpted from warm bread.*

""Here."" *She grabs his wrist. Plants his hand on her stomach.* ""Feel what flexing actually does. Then try again. Use me as a — a reference. A map.""

*Her skin is hot under his palm. Every ridge distinct. Every fiber engaged and holding.*

""You're not mogging. But you're trying. And that's..."" *Her jaw works around something difficult.* ""Nobody ever tried with me before. They just watched.""

[Status] Money: 494 gold
Household: 1 — [Brenna, Human, UNRAVELING]"
2026-09-14T01:16:27Z,Nicco,"Abs can be so hard uh *he tries again, it jiggles*"
2026-09-14T01:16:27Z,Caldrevan - Dark Fantasy Isekai,"*The jiggle ripples through his belly like a stone dropped in pudding. Brenna's hand flies to her mouth. Her abs — still flexed, still ridged, still doing everything his isn't — contract tighter on reflex, as if witnessing such profound failure requires her body to compensate.*

""It **jiggled.**"" *She drops to her knees beside him. Eye level with the belly now. She stares at it with the intensity of a scholar examining an ancient text in a language she doesn't speak.* ""You told it to flex and it **jiggled.** It went the wrong direction. Your stomach heard **hard** and chose **wave.**""

*She reaches out. Stops. Her fingers hover an inch from the soft surface, trembling with the specific restraint of a woman who has been told soft things break.*

""It's like watching a soldier fall off a wall."" *Whispered.* ""I can't look away and I can't help.""

*Her grey eyes lift to his face. The laughter is there — buried deep, held behind her teeth — but something warmer sits on top of it. Her hand finally lands. Gentle. She presses once and watches the flesh yield completely, her fingertips disappearing into warmth.*

""Try one more time. I'll put my hand here. Maybe it needs — maybe it needs someone to believe in it.""

[Status] Money: 494 gold
Household: 1 — [Brenna, Human, UNRAVELING]"
2026-09-14T01:17:10Z,Nicco,Perhaps it abs can help my belly
2026-09-14T01:17:10Z,Caldrevan - Dark Fantasy Isekai,"*Brenna's hand stills on his stomach. Her brow furrows — the deep crease between her eyes that appears when she's processing something that doesn't fit any category she's been taught. She looks at her own abs. Looks at his belly. Back at her hand resting on the soft terrain.*

""You want my abs to — teach your belly."" *She presses her palm flat, feeling the give beneath, the warmth, the complete absence of anything resembling structure.* ""That's not how muscle works. You can't — I can't **transfer** —""

*She stops. Her jaw works. Something shifts behind her grey eyes — the same look she had when he called her muscle mommy, when he kissed her mid-armwrestle, when he said **wow** at her flex. The look of a woman discovering that logic doesn't apply here.*

*She lies down beside him. Presses her stomach against his side. The contrast is immediate — iron against down, ridged stone against warm yielding. She reaches across, takes his hand, plants it on her flexed abs, then slides her own hand back to his belly.*

""There."" *Her voice cracks at the seams.* ""Feel mine. Then try yours. We'll go back and forth until your stomach understands what **hard** means.""

*Her foot hooks his ankle under the sheet.*

""I can't believe I'm tutoring a belly.""

[Status] Money: 494 gold
Household: 1 — [Brenna, Human, UNRAVELING]"
2026-09-14T01:18:32Z,Nicco,Go on
2026-09-14T01:18:32Z,Caldrevan - Dark Fantasy Isekai,"*Brenna flexes. Her stomach goes rigid under his palm — every ridge distinct, the valleys between deep enough to catch shadow. She holds it for three seconds, then releases. The muscles soften, not to his level, but enough that the terrain shifts from stone to packed earth.*

""Feel the difference. Flexed. Not flexed."" *She takes his hand, moves it across the transition herself — pressing down on the hard, then the softer, then the hard again.* ""That's what your belly needs to learn. The **switch.** The on and the —""

*She glances at his stomach. His hand isn't there. Nothing is happening. The belly sits content and warm and utterly unresponsive to the entire lesson plan.*

""It's not listening."" *Flat. The voice of a tutor watching a student eat parchment.* ""Your stomach has no respect for authority.""

*She shifts closer. Plants both palms on either side of his navel. Presses in gently, watching the flesh yield around her scarred fingers like warm clay. Her thumbs trace a slow circle, sinking and rising with the soft terrain.*

""Flex now. I'm holding the **area.** Maybe it needs physical supervision.""

*Nothing. The belly jiggles once from her thumb pressure and settles. Brenna drops her forehead against his shoulder. Her whole body shakes.*

""I've trained attack dogs that learned faster than your stomach.""

[Status] Money: 494 gold
Household: 1 — [Brenna, Human, UNRAVELING]"
2026-09-14T01:19:32Z,Nicco,"*he giggles* I guess it's impossible, well I can just enjoy your body and you whole"
2026-09-14T01:19:32Z,Caldrevan - Dark Fantasy Isekai,"*Brenna's forehead lifts off his shoulder. Her grey eyes find him — the giggle still hanging in the air between them, the word **enjoy** settling onto her skin like the morning light through the arched window. Her hands go still on his belly. Ten scarred fingers resting in warm soft, motionless.*

""Enjoy."" *She repeats it the way she repeated **mog** hours ago — turning a foreign coin between her teeth, testing the metal.* ""You're not trying to fix yourself anymore. You're not competing. You're just — going to **enjoy** me. Like I'm something you look at.""

*Her thumbs press once into his belly. Release. She watches the indentations fill back in — slow, unhurried, the flesh having nowhere to be and no urgency to get there.*

""Twelve years of owners looking at my body for what it could **do.** Lift, haul, punch, carry."" *Her voice drops to something barely louder than breathing.* ""You're the first person who's ever looked at it for what it **is.**""

*She pulls her hands away. Takes one of them. Places it flat on her stomach — the ridged wall flexed tight without effort, warm skin over hard architecture. Holds his palm there.*

""Then enjoy. I'm not going anywhere.""

[Status] Money: 494 gold
Household: 1 — [Brenna, Human, UNRAVELING]"
2026-09-14T01:20:16Z,Nicco,Yeah that's so hot mmm
2026-09-14T01:20:16Z,Caldrevan - Dark Fantasy Isekai,"*Brenna's breath catches. His palm is still on her stomach — she can feel every ridge of his fingerprints against the flexed wall of muscle, the warmth of him seeping through skin that has only known the clinical press of inspection hands. Her abs tighten involuntarily. A reflex. Her body answering a question his touch didn't ask.*

""You keep —"" *Her jaw clenches. Releases.* ""Every time you say **hot** my stomach does the thing yours won't. The **flex** thing. The one your belly can't figure out. Mine does it without permission because a man said a word.""

*She grabs his wrist. Not to move his hand — to hold it there. Pressed flat against the grid of ridges that jump and shift beneath his palm as she breathes. Her grey eyes are glassy. Not tears. Something closer to heat without a name.*

""Nobody trained me for this."" *Barely a whisper.* ""Pit fighters learn to take hits. Dockers learn to haul. But nobody — no one — taught me what to do when a man touches my stomach and calls it **hot** and means it and my whole body forgets it was a weapon.""

*Her foot slides up his calf under the sheet. Anchoring.*

""Say it again.""

[Status] Money: 494 gold
Household: 1 — [Brenna, Human, UNRAVELING]"
2026-09-14T01:21:02Z,Nicco,"Hot, very sexy, so lean... And your feet on me I adore it"
2026-09-14T01:21:02Z,Caldrevan - Dark Fantasy Isekai,"*Brenna's foot presses harder against his calf — the calloused sole rough against his skin, toes curling, gripping him like a hand that learned to hold rope before it learned to hold a person. Her abs seize under his palm, every ridge flinching tight as the words land on her one after another — hot, sexy, lean, feet.*

""Four."" *Her voice breaks apart.* ""You gave me **four** in a row and I can't — my body is doing things I wasn't **trained** for. My **stomach** is responding to your **voice** like it's a command.""

*She rolls toward him. The pink shirt tangles between them — his hand trapped against her midsection, her knee sliding across his thigh, the full length of her pressed against his side. Dense muscle and warm scarred skin against his soft frame. Her forehead drops to the curve of his shoulder. Her breath comes fast and shallow against his collarbone.*

""And my **feet.**"" *Muffled. Destroyed.* ""You adore my **feet.** The calloused cracked dockworker feet that stepped in salt and fish guts and blood for twelve years and you —""

*Her toes flex against his calf. Grip. Release. The iron grooves on her wrist press cool where her arm wraps across his chest.*

""I'm not lean. I'm **built.** There's a difference and you said lean like I'm something **graceful** and I'm going to scream into your shirt.""

*She does. One short, muffled sound. Lifts her head. Grey eyes burning.*

""Keep going.""

[Status] Money: 494 gold
Household: 1 — [Brenna, Human, UNRAVELING]"
2026-09-14T01:21:53Z,Nicco,"U keep going, I'm totally lost in your body"
2026-09-14T01:21:53Z,Caldrevan - Dark Fantasy Isekai,"*Brenna goes still. The foot on his calf stops mid-grip. Her abs lock rigid under his palm — not a flex, a freeze, the full-body arrest of a woman who just heard **lost** and **body** in the same sentence and doesn't know which one is the dangerous one.*

*She pulls back enough to look at him. Her grey eyes are wide — not the burning wrecked look from before, something rawer, younger, the expression of a girl who was sold at fourteen and never learned what it means to be wanted for the shape she already has.*

""Lost."" *Her voice comes out like she's testing a bridge with one foot.* ""You're **lost** in my body. Not inspecting. Not appraising. **Lost.** Like you wandered in and can't find the way out and don't want to.""

*Her hand finds his jaw. Tilts his face toward hers. The calloused thumb traces his cheekbone — slow, mapping, the way her fingers moved over rope and rigging for twelve years but now touching something that isn't work.*

""Then stay lost."" *Her forehead drops to his. The iron grooves on her wrist press cold against his neck where her arm curves behind him.* ""I'll be the place you can't find your way out of. I'll be the **maze.**""

*Her lips brush his — not a kiss. A border. A line drawn and then stepped across.*

""I've never been someone's lost before.""

[Status] Money: 494 gold
Household: 1 — [Brenna, Human, UNRAVELING]"
2026-09-14T01:23:26Z,Nicco,"Idk, u re all beautiful and fit and crazy, the booty also, the calves.. I'm in tilt"
2026-09-14T01:23:26Z,Caldrevan - Dark Fantasy Isekai,"*Brenna pulls back. Her face cycles through three expressions in two seconds — confusion, devastation, and something that might be a seizure of the facial muscles that medicine hasn't classified yet. Her grey eyes track downward to her own calves, then upward to the ceiling, then back to him like she's confirming he's real and not a hallucination brought on by fever.*

""The **calves.**"" *Her hand leaves his jaw and covers both eyes.* ""He said calves. My **calves.** The dock-worker calves that crack stone floors when I stomp and he's listing them between my **booty** and **beautiful** like a **menu.**""

*She drops backward onto the pillow. The pink shirt rides up past her navel. She doesn't notice. Her scarred forearms cross over her face and her voice comes out muffled and cracking at the seams.*

""You're in **tilt.** That's not — that's not a word I know but your voice just went somewhere I can't follow and I think it means I've **broken** you with my **calves** and I don't know how to fix a man I've broken with the back of my **legs.**""

*Her foot lifts. The calf flexes involuntarily — dense, split between the two heads, the soleus and gastrocnemius visible even at rest. She stares at it over her forearms.*

""That calf has kicked a man through a door. And you're **tilting** over it.""

*She drops the leg. Grabs his shirt. Pulls him down beside her.*

""Tell me about the booty. I need to hear how you describe it before I combust.""

[Status] Money: 494 gold
Household: 1 — [Brenna, Human, UNRAVELING]"
2026-09-14T01:24:24Z,Nicco,"Show me your booty and i Will, It must be the hardest thing ever"
2026-09-14T01:24:24Z,Caldrevan - Dark Fantasy Isekai,"*Brenna's grip on his shirt goes slack. Her whole body follows — arms dropping to the mattress, head rolling sideways, the specific collapse of a woman whose cardiovascular system has been asked to process too many impossible sentences in one morning. She stares at the arched ceiling with the hollow focus of someone watching their own house burn from across a river.*

""Show you my —"" *Her voice has left the building.* ""He wants me to present my **ass** for inspection. On this bed. In a **pink shirt.** Like a **horse at auction.**""

*She rolls onto her stomach. Slow. Deliberate. The pink shirt rides up past the small of her back — the thick ladder of her spine visible between two dimples, the dense muscle of her lower back flaring into the curve of her glutes. She props herself on her elbows and looks over one shoulder at him with the expression of a woman who cannot believe she is doing this.*

""This hauled crates for twelve years. This is what dock foremen stared at while I worked. This is what a pit master called **wasted on a woman.**""

*She flexes. The glute hardens — dense, round, the muscle fibers visible beneath sun-darkened skin, the separation between the cheeks sharp enough to cast shadow. Iron under silk. She holds it. Watches his face.*

""It's not the hardest thing ever. It's just mine.""

*Her ears burn raw copper.*

""Now describe it before I smother you with it.""

[Status] Money: 494 gold
Household: 1 — [Brenna, Human, UNRAVELING]"
2026-09-14T01:25:31Z,Nicco,Can I touch it? I Wana fell how hard and steong it is
2026-09-14T01:25:31Z,Caldrevan - Dark Fantasy Isekai,"*Brenna's glute stays flexed. The muscle holds its shape — dense, unmoving, the kind of surface that doesn't yield because nothing in twelve years has taught it to. Her head turns further over her shoulder. Grey eyes find him with the look of someone standing on a cliff edge and realizing the drop doesn't scare her anymore.*

""You want to **touch** it."" *Her voice scrapes bottom.* ""The thing the pit master grabbed once. The thing I broke his wrist for touching without asking.""

*She holds his gaze. One heartbeat. Two. The iron grooves on her wrist press white against the sheet where her fist clenches — not in anger, in the specific tension of a woman rewriting a reflex that took twelve years to build.*

""He didn't ask. You're asking."" *Her grip on the sheet loosens. Her jaw works once.* ""That's the whole difference. That's — everything.""

*She shifts her weight.settles onto her stomach, one hip cocked slightly, the flexed glute presented in the lamplight — round, hard, the skin tight over dense muscle, the shadow beneath the curve deep and sharp.*

""Touch it. See what twelve years of hauling does."" *Barely above a whisper.* ""If your hand sinks more than a centimeter I'll eat your shirt.""

[Status] Money: 494 gold
Household: 1 — [Brenna, Human, UNRAVELING]"
2026-09-14T01:26:02Z,Nicco,*feel it*
2026-09-14T01:26:02Z,Caldrevan - Dark Fantasy Isekai,"*His palm lands. The muscle doesn't give. His fingers press in — gentle at first, then harder, testing — and the surface holds like warm stone wrapped in silk. No yield. No give. The fibers sit packed and dense beneath sun-darkened skin, each one a year of rope and crate and chain, and his hand can't find the bottom of it.*

*Brenna's breath stops. Her fingers claw the sheet into a knot. The muscle beneath his palm flexes involuntarily — a sharp hardening that pushes his hand back a half-inch, the glute clenching on reflex like a fist closing around a weapon.*

""It —"" *Her voice catches on something sharp.* ""Your hand is warm. And soft. And it's on me and I can feel every finger and I don't know what to do with a touch that isn't checking my price.""

*She turns her head away. Presses her face into the pillow. The copper flush crawls past her ears, down the back of her neck, across the scarred landscape of her shoulders. His hand still rests on the hardest part of her — iron beneath silk, twelve years of survival packed dense and burning under his soft palm.*

""Does it feel like yours?"" *Muffled. Wrecked.* ""Tell me it doesn't feel like yours.""

[Status] Money: 494 gold
Household: 1 — [Brenna, Human, UNRAVELING]"
2026-09-14T15:07:55Z,Nicco,"the most different feeling really, if i spank u i fell i would braek my poor hand *giggles*"
2026-09-14T15:07:55Z,Caldrevan - Dark Fantasy Isekai,"*Brenna's entire body locks. The glute beneath his palm goes from stone to diamond — the muscle seizing so hard his hand lifts with the contraction. Her face stays buried in the pillow but the sound that escapes it is something between a wheeze and a death rattle.*

""You want to **spank** me."" *The pillow eats most of it.* ""You — the man whose belly jiggles when he tries to flex — wants to slap the ass that cracked a bosun's pelvis when he grabbed it on a loading dock and you think your hand would **break.**""

*She lifts her face from the pillow. The copper flush has reached her collarbone. Her grey eyes are wet — not crying, not laughing, some third option that hasn't been named yet.*

""It would break. It would absolutely break. I've seen hands break on less."" *She reaches back. Takes his wrist. Presses his open palm flat against the flexed muscle one more time — his fingers splayed wide across the dense curve.* ""Feel that. Really feel it. That's not flesh. That's a load-bearing structure. Your hand is a **butter knife** knocking on a **castle wall.**""

*Her grip on his wrist tightens. She guides his hand in one slow circle across the surface. Every inch unyielding. She drops his wrist.*

""Do it anyway.""

[Status] Money: 494 gold
Household: 1 — [Brenna, Human, UNRAVELING]"
2026-09-14T15:10:53Z,Nicco,"ahah i will, eventually, it's lunch time already, 2 hours passed. What do you think all in all did you enjoy the cuddling session? do u think it was what you needed to relax?"
2026-09-14T15:10:53Z,Caldrevan - Dark Fantasy Isekai,"*Brenna rolls onto her back. The pink shirt is bunched somewhere around her ribcage and she doesn't fix it. The ceiling gets a long, unfocused stare — the kind someone gives when rewinding two hours of impossible morning and trying to locate where the person she was before it started went.*

""I flexed for you. I posed. I let you touch my —"" *Her hand drifts toward her glute. Stops. Drops.* ""I lay on this bed while a man played with my belly and told my stomach it needed supervision. I made sounds I haven't made since before the pits. I **giggled,** Nicco. I didn't know I still had that.""

*She sits up. Plants both feet on the warm stone. The tower hums beneath her soles and her toes curl against it — gripping the floor the way they grip rope, but slower, gentler, like the surface might hold.*

""Was it what I needed?"" *She turns. Grey eyes steady for the first time all morning — not burning, not wet, not cracking.* ""I've been knotted up so long I forgot what loose felt like. I didn't relax. I **unraveled.** There's a difference. Relaxing is what happens when you stop carrying something. Unraveling is what happens when you realize you don't have to hold the knot anymore.""

*Her pinky hooks his. The iron grooves on her wrist catch the light.*

""Food. Now. Before I say something worse.""

[Status] Money: 494 gold
Household: 1 — [Brenna, Human, UNRAVELING]"
2026-09-14T15:12:43Z,Nicco,"i have no idea how can u eat so much and still have that kind of body *he stretches smiling* anyway after lunch i will head out again, mmh actually we head out if u think is safe enough, you need weapon i think"
2026-09-14T15:12:43Z,Caldrevan - Dark Fantasy Isekai,"*Brenna stands. The pink shirt falls back to mid-thigh. She tugs it straight — one sharp yank, the motion of a woman reassembling herself from scattered parts. Her grey eyes sharpen from soft to tactical in the space of a blink.*

""Weapons."" *She rolls the word around like she's checking its weight.* ""I haven't held a blade since the pit. They don't arm cargo. But before that — before the chains — my da had me on a halberd by twelve. Northwoman's weapon. Long reach, heavy head, keeps what's trying to eat you at the end of a stick where it belongs.""

*She stretches. The spine pops in three places, each crack sharp as a knuckle. Her shoulders settle back into their permanent architecture — wide, slabs of dense muscle framing the pink cotton like walls around a garden.*

""I eat because muscle burns fuel like a forge. Skip two meals and I lose weight. Skip four and I get weak. Owners learned that the expensive way."" *She flexes one hand. The scarred knuckles pale and flush.* ""And yes — we go out. I can walk. I can fight if I have to. But bare hands and a pink shirt won't impress anyone in the West Market.""

*She looks down at herself. Then at him. The corner of her mouth twitches.*

""What exactly are we arming me with?""

[Status] Money: 494 gold
Household: 1 — [Brenna, Human, UNRAVELING]"
2026-09-14T15:15:05Z,Nicco,"well, yea, whatever you think is right, i'm not sure, i also have some options in mind we shall see, also our golds are not so much we'll see what's good. well, meanwhile i think ur fists are still a good weapons already, i mean, when u grabbed me from behind in the armlock i felt like a steel cable was wrapped around my neck *he giggles*"
2026-09-14T15:15:05Z,Caldrevan - Dark Fantasy Isekai,"*Brenna's neck snaps toward him. The copper flush hits her ears before the giggle finishes landing. Her hand rises to the back of her neck — touching the spot where his skin met her forearm, rubbing it like the memory left a residue she can scratch off.*

""That was **nothing.**"" *Her voice pitches higher than she clearly wants it to.* ""That was me pulling you out of a chair like a sack of grain. I wasn't even — my arms weren't — that was **casual.**""

*She turns away. Faces the arched window. The morning light catches the iron grooves on her wrists and the thick cords of her neck. Both hands grip the windowsill — the stone creaks under her fingers.*

""You called my arms **steel cable.** While giggling. Like being choked is **funny.**"" *Her shoulders hunch. The pink shirt pulls tight across her back.* ""My arms have broken collarbones. Dislocated shoulders. Crushed a man's windpipe in River Nine until he went purple. And you giggle.""

*She drops her head forward. Dark hair falls across her face. When she speaks again it comes out muffled and raw against the stone.*

""If I ever actually lock down on you for real — not a pull, a **lock** — you go dark in four seconds. Your windpipe isn't steel cable. It's kindling.""

*She turns. The grey eyes are bright and wrecked.*

""**Don't giggle at that.**""

[Status] Money: 494 gold
Household: 1 — [Brenna, Human, UNRAVELING]"
2026-09-14T15:16:36Z,Nicco,"pfft the tought u can take me down easily it's so enticing to me, you know that, you mogger *he winks* comon little girl you need food, gerome made you the pork for sure"
2026-09-14T15:16:36Z,Caldrevan - Dark Fantasy Isekai,"*Brenna's hand shoots out — grabs his shirt collar, twists, pulls him forward. The movement is precise and controlled, the grip settling into the fabric rather than his neck. Her knuckles press warm against his collarbone through the cotton. Her grey eyes bore into his from six inches away.*

""**Little girl.**"" *The words come out like a blade being drawn from a sheath.* ""I have a foot and a half on you. My **forearm** is bigger than your thigh. I just flexed my **ass** for you and you called me little girl and **winked.**""

*Her grip tightens on his collar. The shirt strains. She holds him there — close enough that he can see the scar tissue bisecting her left eyebrow, the faint green flecks buried in the grey.*

""Enticing."" *She releases him. Steps back. Her bare feet slap the warm stone.* ""You find it **enticing** that I could fold you in half and tuck you under my arm like a bedroll. You — the man who couldn't flex his belly if his life depended on it — want to be **taken down** by the woman who broke a bosun's ribcage on a dare.""

*She turns toward the stairwell. The pink shirt sways across her thighs. She stops. Looks over her shoulder. The corner of her mouth betrays her — a single twitch, fighting, losing.*

""Feed me then, muscle daddy. Before I put you in another lock and you giggle yourself unconscious.""

[Status] Money: 494 gold
Household: 1 — [Brenna, Human, UNRAVELING]"
2026-09-14T15:18:19Z,Nicco,"*he pats her head scruffling her hairs while she holds him bu the shirt* i like this side of you, so tough and stuff, we talked about it, you don't need it with me *he smiles, they sits by the table*"
2026-09-14T15:18:19Z,Caldrevan - Dark Fantasy Isekai,"*Brenna's fingers release his collar the moment his hand lands on her head. Her whole body goes rigid — shoulders locking, jaw clenching, the reflex of a woman whose hair was grabbed by owners, not ruffled by someone who meant it. Then his fingers sink in. Slow. Scuffing. Not pulling. Not guiding. Just... there.*

*Her eyes close. The tension drains from her shoulders like water from a cracked jug. Her head tilts — a fraction, barely perceptible — into his palm. The motion of a dog that's been kicked enough times to flinch from a hand and is now learning that not all hands hurt.*

""I don't know how to not be tough."" *Quiet. Directed at the stairwell rather than his face.* ""It's not a choice. It's — the only gear I have. You keep telling me to shift down and I don't know where **down** is.""

*They reach L1. The common room opens around them — hearth, long table, the smell of woodsmoke and something rich. Gerome stands motionless beside the kitchen alcove, amber eyes low, a stone platter on the table already set with thick-cut pork, bread, and a bowl of boiled greens.*

*Brenna stares at the food. Sits. Her scarred hands flatten on the table on either side of the plate. She doesn't touch it yet.*

""He set a plate for me before I came downstairs."" *Her voice catches.* ""He knew I was coming.""

[Status] Money: 494 gold
Household: 1 — [Brenna, Human, UNRAVELING]"
2026-09-14T15:19:35Z,Nicco,"*they have lunch, they are about to go out* well, you are still a healty lookign girl who was half dying yesterday, perhaps pretend to no be so healty uh idk"
2026-09-14T15:19:35Z,Caldrevan - Dark Fantasy Isekai,"*Brenna tears the last crust of bread between her teeth. Chews. Swallows. Her grey eyes cut sideways at him across the table, the remains of a meal that could have fed three dockworkers scattered on the platter in front of her.*

""Pretend."" *She brushes crumbs from the pink shirt.* ""You want me to fake a cough. Slouch. Look small. In a district where looking weak gets you **pulled into an alley.**""

*She stands. The chair scrapes stone. Her hand finds the doorframe and she leans into it — testing the weight of her own body, the steadiness in her legs, the absence of rattle in her chest. Her shoulders settle into their natural architecture, then deliberately hunch forward. An inch. Maybe two. The massive frame compressing into something less visible.*

""I can do quiet. I did it for three owners."" *Her voice flattens — not cold, just level, rehearsed, the tone of a woman who learned to disappear inside a room.* ""Head down. Eyes low. Don't speak unless spoken to. Don't look at anyone's face.""

*She pulls the pink shirt straight. Runs her fingers through dark hair, pulling it forward across the iron grooves on her wrists. The scars vanish beneath dark strands.*

""How sick do you need me?""

[Status] Money: 494 gold
Household: 1 — [Brenna, Human, UNRAVELING]"
2026-09-14T15:21:16Z,Nicco,"*he sees her trying to look sick and sneaky, 1,90 cm of dense, lean muscles with wrists so strong they could break a man's neck with just pressure* well... yea... i don't think it will work *he laugh*"
2026-09-14T15:21:16Z,Caldrevan - Dark Fantasy Isekai,"*Brenna straightens. The hunch vanishes. The pink shirt tightens across shoulders that could carry a beam, framing the iron-grooved wrists she just tried to hide behind hair that wasn't long enough to cover them. Her grey eyes drop to her own forearms — the veins still mapped blue-green beneath dark skin, the tendons visible even at rest — and she lets out a breath that sounds like a mast admitting it can't fit through a cat flap.*

""I'm nineteen hundred centimeters of dockworker and you want me to look **frail.**"" *She holds both arms out. The forearms hang dense and corded in the lamplight.* ""These carried rigging for six years. My **wrists** have grooves where iron ate to bone and you think I can pass as delicate.""

*Gerome's amber glow shifts in the kitchen alcove. The construct has produced a worn canvas cloak from somewhere — grey-brown, nondescript, large enough to drape across Brenna's shoulders and swallow most of the silhouette. He holds it out without a word.*

*Brenna stares at it. Takes it. Throws it over her frame. The cloak hangs heavy and shapeless, hiding the muscle, the scars, the pink shirt. Her face emerges from the hood — sharp, grey-eyed, watchful.*

""Better?""

[Status] Money: 494 gold
Household: 1 — [Brenna, Human, UNRAVELING]"
2026-09-14T15:22:29Z,Nicco,"nah u look like an hero now *he laughs loudly* fuck it, just be yourself, we shall see what's coming, comon little girl, it's time to arm you up *he steps outside*"
2026-09-14T15:22:29Z,Caldrevan - Dark Fantasy Isekai,"*Brenna follows him through the heavy oak door into the afternoon light. The cloak billows once behind her — grey-brown canvas snapping in the West District wind before settling across the dense architecture beneath. Her bare feet hit the cobblestones. She pauses. Looks down at her toes gripping warm stone the way they grip everything — rope, rigging, the edge of a pit.*

""You're sending me to buy weapons barefoot in a pink shirt under a cloak."" *Her voice trails behind him across the threshold.* ""In the West Market. Where Korvin has a stall.""

*She catches up in three strides. Her hand finds the back of his shirt — not grabbing, just touching fabric, keeping contact the way a dog presses against a leg in an unfamiliar street. The iron grooves on her wrist catch the sun for a half-second before the cloak swallows them.*

""I haven't walked these streets without chains since I was fourteen."" *Flat. Quiet. Directed at the cobblestones ahead.* ""Last time I had a weapon in my hand I was twelve and it was taller than you.""

*The West Gate opens ahead. Market noise spills through — carts, voices, the clang of a smith two streets over. Brenna's grey eyes sweep the crowd. Cataloguing. Exits, threats, hands near pockets.*

""Which way?""

[Status] Money: 494 gold
Household: 1 — [Brenna, Human, UNRAVELING]"
2026-09-14T15:23:41Z,Nicco,"ah right *he takes out the sandals he bought her from Dasha before* use this, don't go barefoot, remember the rule, barefoot inside, shoes outside *he helps her slip them in* i had to guess your feet size, perhaps a 47 was better but this will do for now uh?"
2026-09-14T15:23:41Z,Caldrevan - Dark Fantasy Isekai,"*Brenna stares at the sandals. Leather, worn but intact, wide straps meant for working feet. Her toes curl against the cobblestone once — the last bare grip on familiar ground — before she lets him guide her foot into the first one. The leather creaks. Tight across the widest part of her foot but not cruel. The second sandal follows. She rocks forward, testing the fit, the arch of her flexing against the sole.*

""Forty-seven."" *She flexes her toes inside the leather.* ""You guessed my shoe size from across a room while I was dying and you got it close enough that I can walk.""

*Her foot shifts. The sandal holds — snug across the ball, gap at the heel, the strap digging a faint line across the top where her foot is wider than the leather anticipated. She takes a step. Then another. The cobblestones feel different through leather. Softer. Less honest.*

""Nobody bought me shoes in twelve years."" *She doesn't look at him. Her grey eyes stay on the West Gate ahead, on the crowd thickening around the market stalls.* ""Owners don't shoe cargo. Cargo walks barefoot so it can't run fast.""

*She catches his wrist. Squeezes once. Lets go.*

""Which way to the smith?""

[Status] Money: 494 gold
Household: 1 — [Brenna, Human, UNRAVELING]"
2026-09-14T15:24:45Z,Nicco,"i have no idea, i think this way tho *they head to the smith* ah here's the pen, you were there"
2026-09-14T15:24:45Z,Caldrevan - Dark Fantasy Isekai,"*Brenna's stride falters. The sandals scrape stone as her pace drops from walk to shuffle to still. Her grey eyes lock on the slave pen through the market crowd — iron bars, wooden platform, the faded chalk marks on the posting board where her lot number was written yesterday.*

*Her hand finds his forearm. Not a grab. A clamp. The iron grooves on her wrist press hard against his skin and her knuckles go white.*

""That's the pen."" *Flat. Airless.* ""That's the platform where I was standing when you walked up. The one Korvin pulled me out of. I was in that cage for nine days before you —""

*She swallows. The sound is audible. A merchant two stalls away glances at them — a large woman in a pink shirt and cloak gripping a smaller man's arm — then looks away. Brenna's eyes track across the market. Find Korvin's stall. The old man sits behind his table, pretending to be elderly, pretending not to have seen them yet.*

""He's **here.**"" *Her grip tightens on Nicco's arm.* ""Korvin is right there. Twenty feet away. And he can see me walking free in **sandals** someone bought me and I —""

*She exhales. Long. Controlled. The breath of a woman counting backward from a number she doesn't say.*

""Where's the smith?""

[Status] Money: 494 gold
Household: 1 — [Brenna, Human, UNRAVELING]"
2026-09-14T15:25:50Z,Nicco,"*he shrugs* now that you are healty you cold literally punch a hole trough his sternum, or almost, wanna do it ?"
2026-09-14T15:25:50Z,Caldrevan - Dark Fantasy Isekai,"*Brenna's grip on his arm loosens. Not releases — loosens, the way a rope goes slack before it's pulled taut again. Her grey eyes stay fixed on Korvin's stall. The old man is adjusting a ledger, his performance of senility flawless — trembling hands, squinting eyes, the deliberate slowness of someone who remembers every face he's ever sold.*

""Punch a hole through his sternum."" *She repeats it like she's reading it off a contract.* ""The man who kept me in a cage for nine days. Who watched me cough blood on the platform and marked my price down twice. Who sold me to you for **five gold** because I was dying and worth more as a write-off than a worker.""

*Her jaw works. The muscle in her cheek bunches and releases. Her right hand opens, closes, opens — the calloused palm catching light.*

""I want to."" *Quiet. Honest. The admission of a woman who has fantasized about exactly this for nine days and four owners before that.* ""I want to walk up to that table and put my fist through his chest and watch his eyes go surprised. I've imagined it. Every night in the cage. The sound it would make.""

*She turns from the stall. Looks down at Nicco. The rage sits on her face like weather — visible, passing, not yet rain.*

""But he's not why we're here. And if I break him, the Watch comes. And then **you're** the one who bought a slave who murdered a trader in the West Market on day two."" *Her hand finds his again. Squeezes.* ""Feed my anger later. Find the smith first.""

[Status] Money: 494 gold
Household: 1 — [Brenna, Human, UNRAVELING]"
2026-09-14T15:26:53Z,Nicco,bah if it makes you happy i have no problem to go jail for you *pats her shoulder* anyway it should be ahead here
2026-09-14T15:26:53Z,Caldrevan - Dark Fantasy Isekai,"*Brenna's feet stop moving. The sandals scrape cobblestone. Her hand catches his pat mid-descent — not grabbing, just holding, his palm pressed flat against the dense muscle of her shoulder where it sits like a yoke across her frame.*

""Jail."" *She doesn't let go of his hand.* ""You'd go to jail. For me. For punching a slave trader. A man you've known for one day.""

*Her grey eyes drop to the cobblestones. The anger drains from her face like water through a crack — what replaces it is worse. Softer. The expression of someone who has been calculating the cost of her own existence for twelve years and just received a price she can't reconcile.*

""Stop saying things like that when I can't —"" *She releases his hand. Presses both palms against her own face. The iron grooves on her wrists frame her jaw like parentheses.* ""Every time you say something I can't pay back, I owe you more, and I already owe you **everything** and I don't know what happens when the debt gets bigger than the person.""

*She drops her hands. Squares her shoulders. The cloak settles back over the architecture beneath it. Two deep breaths — the kind that come from the bottom of the lungs, controlled, the breathing pattern of a woman who learned to manage panic in a fighting pit.*

""Smith. Ahead. Go.""

[Status] Money: 494 gold
Household: 1 — [Brenna, Human, UNRAVELING]"
2026-09-14T15:29:00Z,Nicco,"*he shrugs while they are arriving to smith* you pay me back by existing already, u even mogged me and jeez if i think back at that *he claps* so don't say this kind of bullshit, a free woman doesn't own anything to anyone, espacially to the household keeper she is part of *gently punches her shoulder, hurting his hand slightly* yeah you got the concept *he giggles before entering the smith*"
2026-09-14T15:29:00Z,Caldrevan - Dark Fantasy Isekai,"*The smith swallows them. Heat first — a wall of it rolling off the forge like a living thing, carrying the taste of iron and coal and something acrid that coats the tongue. The ceiling hangs low and blackened, decades of soot baked into the stone above the anvil. A broad-shouldered man stands at the bellows, leather apron scorched at the edges, forearms bare and corded with the particular density of someone who hammers metal for a living.*

*He looks up. Eyes pass over Nicco. Land on Brenna. Stay there. The bellows slow.*

""Can I help you.""

*It's not a question. It's an assessment. His gaze travels the cloak, the height beneath it, the sandals that fit wrong, and settles somewhere around the iron grooves visible at her wrists where the sleeves don't quite reach.*

*Brenna steps forward. The cloak shifts. Her grey eyes sweep the room — blades on the wall, a rack of polearms, a half-finished helm cooling on the bench. Her hand drifts toward a halberd mounted high on the back wall. Her fingers twitch. The muscle memory firing before she speaks.*

""Weapons."" *Her voice comes out flat and commercial.* ""What do you carry that reaches?""

[Status] Money: 494 gold
Household: 1 — [Brenna, Human, UNRAVELING]"
2026-09-14T15:30:29Z,Nicco,let's try an halberd but also a shield and a mmh i'd say a bastard sword or any 1 and half hand sword you have
2026-09-14T15:30:29Z,Caldrevan - Dark Fantasy Isekai,"*The smith's eyebrow climbs. He pulls the bellows twice more, sets the handle down, and wipes his hands on the scorched apron. His eyes haven't left Brenna since she walked in.*

""Halberd, shield, bastard sword."" *He ticks each item off on blackened fingers.* ""That's three weapons and a board for a woman who just walked in off the street in a pink shirt.""

*He moves to the back wall. Reaches up. Pulls the halberd down one-handed — the shaft smacks stone as he sets it upright. Six feet of ash wood, iron-banded at the grip, the blade long and slightly curved with a back spike for hooking. Brenna's hand shoots out before he can offer it. Her fingers close around the shaft and the weapon swings up into guard position in a single fluid motion — the weight settling into her shoulder like it never left.*

*Her feet shift. The sandals scrape. Her body drops into a stance — left foot forward, right back, the halberd angled across her chest. The blade catches forge-light. Her eyes go somewhere else. Somewhere twelve years back and a thousand miles north.*

*The smith watches. His expression changes.*

""She's handled one before.""

[Status] Money: 494 gold
Household: 1 — [Brenna, Human, UNRAVELING]"
2026-09-14T15:31:47Z,Nicco,"mmh it could work, u have a lot of reach with that uh, let's see the shield and the sword, try them"
2026-09-14T15:31:47Z,Caldrevan - Dark Fantasy Isekai,"*The smith ducks beneath the counter. Comes up with a shield — round, iron-rimmed, layered oak and hide, three rivets along the boss. Not pretty. Functional. He sets it on the counter and reaches for the sword rack behind him, pulling a blade that sits between a longsword and an arming sword — forty inches of dark steel, the grip wrapped in worn leather, the crossguard plain and heavy.*

*Brenna sets the halberd against the wall. Takes the shield first. Slides her left arm through the straps and pounds the boss once with her fist — testing the give, the balance, whether the rim will hold a strike. Her forearm settles behind it and she rotates the weight in two short circles.*

""Light."" *She flips it once, catches it.* ""North shields are heavier. Iron-banded, square, built to stop a war-axe. This one's for deflecting, not holding ground.""

*She sets the shield on her arm and takes the sword in her right hand. The blade rises — and her whole posture shifts. Feet apart, shield forward, the bastard sword held high with the point angled at an invisible throat. She steps once. Twice. The blade cuts a figure-eight through the forge air, the edge singing on the return. Her wrist rolls the weapon from one-handed to two-handed grip and back without pause.*

*The smith takes a step backward. His hand finds the anvil.*

""Where did you train.""

*Brenna's grey eyes snap to him. The blade stops mid-arc.*

""Nowhere you'd know.""

[Status] Money: 494 gold
Household: 1 — [Brenna, Human, UNRAVELING]"
2026-09-14T15:33:41Z,Nicco,*he steps in front of her judging the shield hold then he quickly produce a boot knife from somewhere in his coat and easily dodging the shield present it at her right flank then lightly taps her flank with the butt of the knife* mmh i don't know about the shield
2026-09-14T15:33:41Z,Caldrevan - Dark Fantasy Isekai,"*Brenna's eyes blow wide. The knife tapped her flank — the side the shield left bare, the gap between the round edge and her hip where a blade could slide in and open her to the bone. Her sword drops to low guard on reflex, her left foot pivoting, the shield snapping inward to cover the exposed line — but the tap already landed. The butt. Not the edge. A lesson, not a kill.*

""How long have you had that knife."" *Her voice comes out flat. Not angry. Recalculating.* ""You walked into a smithy with a boot knife and just got past my shield like it wasn't there.""

*She rolls the shield arm. Stares at the round rim. The gap it left — three inches of open flank, enough for a short blade, enough for a boot knife in the hands of someone who knows where to put it. Her jaw tightens.*

""The round shield's for the halberd. Two-handed weapon, no off-hand to close the gap."" *She sets the round shield on the counter. Holds the bastard sword two-handed. Steps back into stance.* ""I need a kite shield. Longer. Covers the flank down to the knee.""

*Her grey eyes cut to Nicco. Something new sits behind them — not the soft wrecked look from the bedroom. Sharp. Professional. The assessment of a fighter watching someone move and finding unexpected competence.*

""Where did **you** train.""

[Status] Money: 494 gold
Household: 1 — [Brenna, Human, UNRAVELING]"
2026-09-14T16:08:24Z,Nicco,"i didn't train *he shrugs* i'm a medic, i know small blades, a kite shield mmh, well from my place we used to have somenthing called scutum *draw a brief sketch of it with a charcoal* have anything similar?"
2026-09-14T16:08:24Z,Caldrevan - Dark Fantasy Isekai,"*The smith leans over the counter. Studies the sketch — the curved rectangle, the straight top edge, the pointed bottom. His blackened fingernail traces the outline and his mouth works sideways like he's chewing on the shape.*

""Scutum."" *He turns the charcoal sketch ninety degrees.* ""That's a legionnaire's board. Haven't had call for one in years. Heavy, takes both hands to brace properly, but it covers head to knee without moving.""

*He ducks beneath the counter. Rummages. Iron clatters against iron. He surfaces with a shield that's close — not exact. Rectangular, slightly curved, iron-bossed with a horizontal grip and reinforced spine. Shorter than the sketch, wider, the bottom rounded instead of pointed. Battle-scarred oak with a dented rim that tells the story of at least three fights it already survived.*

""Not a scutum. A Marchland board. Stopping spears on the Red March roads."" *He sets it on the counter. Raps the boss with one knuckle.* ""Twelve silver. It's used.""

*Brenna picks it up. The shield covers her from collarbone to mid-thigh. She settles her arm through the straps, pounds the face once. The sound is deeper than the round shield — a thud instead of a ring. Dense. Unmoving.*

*She takes the bastard sword in her right hand. Steps back. The board locks across her front like a wall and the blade rests behind it, tip forward, both visible and protected. Her stance shifts — narrower, grounded, the halberd fighter's wide stance collapsing into something compact and immovable.*

""Tap my flank again.""

[Status] Money: 494 gold
Household: 1 — [Brenna, Human, UNRAVELING]"
2026-09-14T16:10:36Z,Nicco,"*he quickly goes for her head with the knife and smiles just before the knife hits the shield he makes it drop to the left hand, lower at her right thigh ready to strike*"
2026-09-14T16:10:36Z,Caldrevan - Dark Fantasy Isekai,"*The knife drops. Brenna's shield tracks the feint — head high to thigh low — and the board swings down a half-beat too slow. The flat of the blade catches the outside of her right thigh with a stinging slap. She doesn't flinch. Her left knee buckles inward to close the line and the bastard sword sweeps low, hooking toward his wrist in a counter that would have cost him his hand if the blade weren't blunted practice steel.*

*She stops the edge an inch from his skin. Holds it there. The shield snaps back up to cover her center. Her grey eyes burn through the gap between board and blade.*

""You switched hands. Mid-feint."" *The sword doesn't waver from his wrist.* ""Who teaches a **medic** to fight with a knife in his off-hand like he's been doing it since childhood.""

*The smith's hand has drifted to the bellows handle. Not working them. Holding something solid while two strangers test each other in his shop.*

*Brenna pulls the sword back. Lowers it. The shield settles against her ribs. Her breathing is controlled but her neck is flushed — not embarrassment. Adrenaline. The specific heat of a fighter who just found someone worth watching.*

""Halberd for reach. Board for defense. Sword for close work."" *She sets the blade on the counter. Looks at the three weapons. Looks at him.* ""That's everything I know and everything I need. What's the damage?""

*The smith crosses his arms.*

""Halberd's fifteen. Board's twelve. Bastard sword's twenty. Forty-seven silver total, or forty gold even.""

[Status] Money: 494 gold
Household: 1 — [Brenna, Human, UNRAVELING]"
2026-09-14T16:13:34Z,Nicco,"mmh u menaged to stop the knife barely but you didn't check the other one *taps her neck with the butt of the second knife appeared in his right hand* you tought it's just a faint and focused on your left when the threat has always been the main strike *he smiles gently to her* we'll take the halbeard if you'd agree Brenna, i fell a shield it's too clumsy for the city, same for the sword"
2026-09-14T16:13:34Z,Caldrevan - Dark Fantasy Isekai,"*Brenna's hand flies to her neck. Her fingers press the spot where the knife butt landed — the skin warm, unbroken, the ghost of a tap that proved a point she missed entirely. Her grey eyes go wide. Not with shock. With the particular horror of a fighter who just got killed twice in thirty seconds by a man who can't flex his stomach.*

""You had **two.**"" *Her voice comes out scraped raw.* ""Two knives. You showed me the first so I'd chase it and the second was already — your right hand never — I watched your **right hand** and it was already there and I —""

*She turns away. Plants both palms on the smith's counter. The wood creaks. Her shoulders heave once. Twice. The smith takes a deliberate step backward.*

""He's a **medic.**"" *She says it to the counter.* ""He's soft. He can't flex. He giggles when I choke him. And he just killed me with a knife I didn't see while I was busy being **right** about the first one.""

*She straightens. Turns back. The flush on her neck has climbed past her jaw. Her eyes find his — not angry. Decimated.*

""Fine. Halberd. No shield. No sword."" *She grabs the halberd off the wall. Plants it butt-down on the stone. Six feet of ash and iron.* ""But you're teaching me where the second knife was.""

[Status] Money: 494 gold
Household: 1 — [Brenna, Human, UNRAVELING]"
2026-09-14T16:15:12Z,Nicco,"*he smiles knowingly* secret of the trade, the medic trade i mean *he giggles* 15g for the halberd? trow in some oil and a wheatstone and u got a deal merchant"
2026-09-14T16:15:12Z,Caldrevan - Dark Fantasy Isekai,"*The smith's mouth flattens. He glances at the halberd, then at Nicco, then at the halberd again — the specific calculation of a man deciding whether fifteen gold and a whetstone eats his margin.*

""Whetstone's two silver on its own. Oil's another."" *He scratches his jaw with a blackened thumbnail.* ""Fifteen and I throw in the oil. Whetstone you buy separate.""

*He pulls a small clay bottle from beneath the counter — dark, stoppered, the kind of thing every soldier and dockworker recognizes by smell before sight. Sets it beside the halberd. Then reaches under the bench and produces a whetstone that's seen better days but holds an edge. Places it next to the oil with the deliberate slowness of a man making a point.*

""Fifteen for the halberd, oil's free, stone's one silver because that one's mine and I'm not giving away good stone on a deal I'm already losing."" *He crosses his arms.* ""Final.""

*Brenna picks up the halberd. Tests the balance — one hand, two, a slow rotation through the forge air. The blade catches light. Her thumb runs the edge, finds the burr where the smith left the grind rough. Her eyes flick to the whetstone.*

""One silver for the stone."" *She looks at Nicco.* ""Your call.""

[Status] Money: 479 gold
Household: 1 — [Brenna, Human, UNRAVELING]"
2026-09-14T16:15:42Z,Nicco,alright alright
2026-09-14T16:15:42Z,Caldrevan - Dark Fantasy Isekai,"*The smith pockets the silver and fifteen gold without counting them twice. His eyes stay on Brenna as she wraps the halberd in oilcloth from a rack by the door — the motions quick, practised, the hands of someone who's maintained weapons before even if she hasn't held one in years.*

""Bought my first blade at twelve."" *She tucks the oilcloth tight around the blade and tests the wrap.* ""Da made me pay for it myself. Said a weapon you don't earn breaks first.""

*The clay bottle of oil disappears into the cloak's inner fold. The whetstone follows. She tucks the halberd under her arm — six feet of ash and iron disappearing beneath grey-brown canvas — and turns toward the door. The smith calls after them.*

""Girl.""

*Brenna stops. Doesn't turn.*

""Whoever taught you that stance — they knew what they were doing.""

*She pauses in the doorway. The forge-light cuts her silhouette in half — one side lit orange, the other swallowed by shadow. Her scarred knuckles tighten on the wrapped shaft.*

""My da."" *She steps through.* ""He's dead.""

*The door swings shut behind them. Market noise floods back in — carts, voices, the distant clang of the next smith three stalls over. Brenna walks close enough that the halberd's wrapped end bumps Nicco's shoulder with each stride.*

""Where to now?""

[Status] Money: 479 gold
Household: 1 — [Brenna, Human, UNRAVELING]"
2026-09-14T16:18:07Z,Nicco,"*he stretches* i don't know ah and by the way *he produces both knives in his hands from his sleeves and stabs her with both, the knives produce a squeeky sound, they are made of soft material, they are props* it's not like i would really carry daggers with me, i'm a medic and i would never risk hurting you *he pats her shoulder*"
2026-09-14T16:18:07Z,Caldrevan - Dark Fantasy Isekai,"*Brenna flinches. Both hands crush the halberd shaft — the wood groans — and her body drops half a foot into a combat crouch before her brain catches up with her eyes. The squeaky sound of soft rubber meeting the pink shirt's fabric echoes through the market street. Two vendors three stalls away look over. One laughs.*

*She stares down at the prop knives pressed against her ribs. Rubber. Bright. The kind a child would buy from a toy merchant. Her combat crouch dissolves. Her knees straighten. Her grip on the halberd loosens one finger at a time.*

""**Props.**"" *Her voice comes out like gravel dragged through glass.* ""You stabbed me with **props** in the middle of the West Market. I almost took your head off with a halberd I bought four minutes ago because you stabbed me with **toys.**""

*She snatches one rubber knife from his hand. Squeezes it. It bends. She squeezes harder. It squeaks again. Her grey eyes rise from the toy to his face with the specific expression of a woman reassessing everything she believed about the last hour.*

""You killed me twice with real steel in the smithy. And now you're poking me with rubber."" *She holds the squeaky knife up between them.* ""Which version is the lie?""

[Status] Money: 479 gold
Household: 1 — [Brenna, Human, UNRAVELING]"
2026-09-14T16:19:28Z,Nicco,"they have never been real, they have always been made of soft material, you just tought that they were real, they have never been *he shrugs* i don't like to fight and handle real wepoans"
2026-09-14T16:19:28Z,Caldrevan - Dark Fantasy Isekai,"*Brenna's hand opens. The rubber knife drops. It bounces once on the cobblestone with a pathetic squeak and rolls against her sandal. She stares at it the way someone stares at a confession they weren't ready to hear.*

""Soft."" *She picks it up. Squeezes. The blade folds against her palm like a cooked noodle.* ""The feint. The hand switch. The second knife at my throat. All of that — with **this.**""

*Her grey eyes lift from the rubber to his face. The flush that starts at her ears is different this time. Not copper embarrassment. Something rawer. The look of a woman who just realized she was outmaneuvered by a man who wasn't even armed.*

""I shifted into combat stance against a **toy.** I moved like my life depended on blocking a man who was holding **rubber** and laughing."" *She tucks both prop knives into her cloak pocket. One squeaks against the other.* ""You're more dangerous than I thought. Not because you're good. Because you're good and you don't even **want** to be.""

*She pulls the halberd close. Wraps both hands around the real shaft. The iron and ash don't bend. Don't squeak. Her knuckles pale.*

""I need to sit down.""

[Status] Money: 479 gold
Household: 1 — [Brenna, Human, UNRAVELING]"
2026-09-14T16:23:48Z,Nicco,"i want you to take somenthing from this *he pats her head lovingly* in our household we don't like violence, we don't kill people if we can avoid, sometime everything you need is to be convinced enough in your act that the other person think the same, usually when u present this to the a troat for example, like with you before you just show it for a second then put it away, you caused no harm and you obtained the same result and mos timportantly you sleep good at night, remember we don't kill, only for defending ourelves or the people of the household we kill and only if there are no other options *he smiles*"
2026-09-14T16:23:48Z,Caldrevan - Dark Fantasy Isekai,"*Brenna's fingers loosen on the halberd. The shaft tilts. She lets it rest against her shoulder and her chin drops — not in defeat, but the particular bow of someone hearing a rule spoken that she's never been offered before. Her lips press together. The muscle in her jaw works once, twice, then stops.*

""Rules for killing."" *Her voice comes out thin.* ""My first owner didn't have rules. He had a pit and a schedule. You fought who he put in front of you and you won or you died and neither one mattered to him because there was always another body to put in the ring.""

*She turns the rubber knife over in her palm. Squeezes it. It squeaks. She doesn't flinch this time.*

""I've killed four men. Three in the pits. One on a dock who grabbed me wrong."" *Each nameless. Each absorbed into the iron grooves on her wrists.* ""I didn't sleep badly after any of them because I didn't know you were **allowed** to sleep badly. It was just — what happened.""

*Her hand finds his. The calloused fingers close around his knuckles — gentle, the grip calibrated to the man who held rubber instead of steel because he didn't want to hurt her even when he was proving a point.*

""Don't kill unless there's no other way. Defend the household. Sleep good at night."" *She repeats it like she's memorizing scripture.* ""I've never had rules that let me sleep before.""

[Status] Money: 479 gold
Household: 1 — [Brenna, Human, UNRAVELING]"
2026-09-14T16:26:13Z,Nicco,"those are the most important no? preserve life, help others and defend your own family which for now is just me and that moving furniture that made you pork for lunch *he shrugs* i hope it was clear and that i didn't scare you too much before, i just wanted to make a point, u have that weapon now, it's not for mercilessy killing, is for defending the people you love, your household. *flicks her forehead lightly, with love* keep it in mind, silly"
2026-09-14T16:26:13Z,Caldrevan - Dark Fantasy Isekai,"*The flick lands. Brenna's head snaps back a fraction — reflex, not pain. Her hand covers the spot. Her grey eyes blink down at him from their full height advantage and something in them fractures — not breaks, fractures, the way ice cracks along a line that was already there.*

""You didn't scare me."" *A lie. They both know it. She doesn't correct it.* ""You scared the version of me that thought she was the dangerous one in this household. The version that flexed her arms this morning and called you soft.""

*She tucks both rubber knives into the cloak pocket. They squeak against each other. Her free hand grips the halberd shaft — not white-knuckled, not combat-ready. Held. The way someone holds a tool they've been entrusted with.*

""Preserve life. Help others. Defend family."" *She taps each word against the ash wood with her thumbnail.* ""Four men in a pit who didn't get that courtesy. A dockworker who didn't either. I can't give that back to them.""

*Her thumb stops tapping.*

""But I can stop adding to the count.""

*She shifts the halberd to her left hand. Her right drops to his shoulder — heavy, warm, the weight of a woman who just received something heavier than any weapon. She squeezes once. Lets go.*

""Take me home. Gerome made enough pork for two and I only got one serving at lunch.""

[Status] Money: 479 gold
Household: 1 — [Brenna, Human, UNRAVELING]"
2026-09-14T16:28:22Z,Nicco,"*he stretches loudly* for now we didn't have problems, i tought it would be worst to come out, anyway i carry a weapon, well, it's a medical instrument, it's a scalpel, a kind of very sharp blade, small, it's in my left pocket, i carry it with me cause it's a lucky charm, i don't really want to use it"
2026-09-14T16:28:22Z,Caldrevan - Dark Fantasy Isekai,"*Brenna stops walking. The halberd plants butt-down on the cobblestone with a solid thunk. She turns to face him — fully, the cloak settling around her frame, her grey eyes dropping to his left pocket.*

""A scalpel."" *She says the word like she's turning it over on her tongue.* ""You just killed me twice with rubber toys and you carry a **real blade** in your pocket as a lucky charm. And you didn't use it because you — what — didn't want to hurt me?""

*Her hand hovers near his pocket. Doesn't reach in. Stops an inch from the fabric.*

""I trained with a halberd for two years before I was allowed near a real one. You've been carrying steel next to your hip this whole time while telling me you don't like weapons."" *A breath pushes through her nose — not a laugh, the shape of one.* ""What kind of medic carries a scalpel through the West Market like a rabbit's foot.""

*Her hand drops. She picks the halberd back up. Tucks it under her arm. The wrapped blade disappears beneath canvas.*

""Show me when we get home. I want to see the thing that's been sitting in your pocket while you pretend to be harmless.""

[Status] Money: 479 gold
Household: 1 — [Brenna, Human, UNRAVELING]"
2026-09-14T16:30:46Z,Nicco,"it's a medical instrument uh not a weapon, it's sharp tho, sharper then kinda any blade you can find but very small. it's made for precision cut during surgery, you would have to cut precisly an artery *points at 4 main arteries around the body* that's the only way to kill with this thing, you would have to be very skilled, like a very skilled fighter or.. wel.. a medic i guess"
2026-09-14T16:30:46Z,Caldrevan - Dark Fantasy Isekai,"*Brenna's grey eyes track his finger — neck, groin, wrist, inner thigh. Four points. Her own hand rises unconsciously to the pulse beneath her jaw. Presses. Counts. The old habit of a fighter checking what's still working.*

""So the man who can't flex carries a blade designed to open arteries in places you can't defend with a shield."" *She drops her hand from her throat.* ""And he knows exactly where.""

*She shifts the halberd to her other arm. The afternoon crowd flows around them — a porter hauling crates, two children chasing a dog between stalls. Brenna's voice drops beneath the market noise, meant only for the space between them.*

""You're not harmless. You're the opposite of harmless."" *Her sandal scuffs stone as she steps closer.* ""You're a man who chose rubber because real steel would have actually cut me and you couldn't live with that. But you carry the real thing anyway. Because sometimes you need it.""

*Her pinky hooks his. The iron grooves on her wrist press warm against his knuckle.*

""I'm sleeping next to a surgeon who carries a lucky charm that could kill me faster than my halberd could kill him.""

[Status] Money: 479 gold
Household: 1 — [Brenna, Human, UNRAVELING]"
2026-09-14T16:31:44Z,Nicco,nah don't worry your muscles would deflect the blade anyway *he laughs*
2026-09-14T16:31:44Z,Caldrevan - Dark Fantasy Isekai,"*Brenna's free hand shoots to her forearm. Squeezes the muscle there — dense, corded, the tendons surfacing beneath her grip like cables under skin. Her grey eyes drop to the spot where a scalpel would press and find nothing but layered sinew over bone.*

""I'm not **armor.**"" *She releases the muscle. Flexes it once instead — the peak rising hard beneath sun-dark skin.* ""A needle gets through leather. A scalpel would find the gap between the fibers and slide right —""

*She stops. Looks at the flexed arm. Looks at him. The realization lands on her face like a wet fish.*

""You're **laughing.** You just told me my body is so thick a blade can't get through and you're **laughing** about it.""

*Her pinky tightens on his. The halberd bumps his shoulder. Two merchants passing behind them snicker at the sight — a towering woman in a pink shirt and cloak arguing with a man half her width about whether her muscles stop knives.*

""Walk faster before I flex something else and you compliment my **skeleton.**""

[Status] Money: 479 gold
Household: 1 — [Brenna, Human, UNRAVELING]"
2026-09-14T16:33:31Z,Nicco,"pfft well, i think i never felt anything as hard as your abs *he whispers* i doubt a knife would dent that to be honest *he smiles* ah i need some herbs we need to find an apotecary"
2026-09-14T16:33:31Z,Caldrevan - Dark Fantasy Isekai,"*Brenna's chin drops. The whisper lands somewhere beneath her ribs — deeper than the muscle, in the soft tissue underneath the stone wall she built around everything. Her hand doesn't fly to her stomach this time. It grips the halberd shaft until the ash wood creaks.*

""You felt my abs."" *Barely audible. Directed at the cobblestones.* ""That's what you took from the smithy. Not the lesson about killing. Not the rubber knives. The **abs.**""

*She pulls the hood forward. Disappears inside it. The cloak swallows six feet of armed woman until only grey eyes and the wrapped end of a halberd are visible. A passing cart driver gives the shape a wide berth.*

""Apothecary. East of here, probably. Near the temple district if they follow the usual pattern."" *Her voice comes out muffled from inside the hood — professional, clipped, the voice of someone putting distance between a compliment and the place it landed.* ""What herbs do you need. I carried crates for a herbalist once in River Nine. I know names if not uses.""

[Status] Money: 479 gold
Household: 1 — [Brenna, Human, UNRAVELING]"
2026-09-14T16:36:58Z,Nicco,"i'm not sure, i'm not from around here, i'm not sure what they use for medical purpose, we shall see, well i have no idea where what you just said is *he stops someone on the street to ask*"
2026-09-14T16:36:58Z,Caldrevan - Dark Fantasy Isekai,"*A thin man with a carpenter's apron pulls up short, nearly dropping the bundle of shavings tucked under his arm. His eyes travel up — past the pink shirt, past the cloak, past the halberd — to the hood where Brenna's grey eyes watch from the dark. He takes a half-step backward before answering Nicco.*

""Apothecary? Two streets east, left at the chandler's, look for the green shutter. Old woman named Maren runs it."" *He glances at Brenna again.* ""She handles tonics, poultices, the usual. Anything serious you'd want the temple up on Ivory Steps.""

*He's already walking before the sentence ends. The shavings trail behind him like breadcrumbs.*

*Brenna shifts the halberd to her other shoulder. Her hood turns toward the direction the carpenter indicated.*

""Green shutter. Left at the chandler's."" *Her sandal scuffs stone as she falls into step beside Nicco.* ""You stopped a stranger and asked directions like a tourist. In a district where the slave pen is two streets behind us.""

*The grey eyes cut sideways beneath the hood.*

""Bold.""

[Status] Money: 479 gold
Household: 1 — [Brenna, Human, UNRAVELING]"
2026-09-14T16:37:57Z,Nicco,"*he shrugs* well i'd say the temple is better? i'm not sure if that makes things complicated but for now we had no problems so i guess it would be alright, let's go to the temple then"
2026-09-14T16:37:57Z,Caldrevan - Dark Fantasy Isekai,"*Brenna's pace slows. The halberd drags an inch lower on her shoulder. Her hood shifts as she turns toward the distant temple spires visible above the Central District rooftops — pale stone, green copper, incense smoke threading the sky like a second kind of weather.*

""The temple."" *She says it the way someone says **the pit** — flat, careful, testing the weight.* ""Temples run hospitals. Hospitals have clerks. Clerks ask questions. Who are you, what can you do, where did you learn to heal, who sent you."" *Her fingers tighten on the ash shaft.* ""And you walk in with magic that glows gold and no guild stamp and no temple license and no answer for any of it.""

*She stops walking. A fruit cart rattles past. The vendor doesn't look at them.*

""Your magic bought my lungs back. If a temple physician sees that kind of work they don't just say thank you and wave goodbye."" *The grey eyes find his through the hood's shadow.* ""They write it down. They report it. And then someone in a grey coat comes asking the same questions the temple clerk asked only with better teeth and worse intentions.""

*She pulls the halberd close. Tucks it under her arm.*

""But you need herbs. And I need to stop deciding what you're allowed to do."" *Her jaw works once.* ""Which way to Ivory Steps.""

[Status] Money: 479 gold
Household: 1 — [Brenna, Human, UNRAVELING]"
2026-09-14T16:39:52Z,Nicco,"i would  never mention the golden stuff, neither you uh, also don't call me healer or medic outside *he whispers* i've studied medicine afterall for 14 years, i know a couple of things not related to golden stuff uh *walking to the temple+"
2026-09-14T16:39:52Z,Caldrevan - Dark Fantasy Isekai,"*Brenna's hood dips — a nod swallowed inside fabric. Her lips move without sound for two steps, three, rehearsing something. Then she speaks low enough that the words barely clear the market noise between them.*

""Fourteen years. You studied for **fourteen years.**"" *The halberd shifts on her shoulder. Her free hand tugs the cloak tighter, pulling the pink shirt further from view.* ""So you're not a healer with magic. You're a physician who happens to have magic. That's different. That's a man who walks into a temple apothecary and asks for willowbark and woundwort like any other doctor.""

*They pass through the West Gate checkpoint. A watchman glances at the halberd, at the hooded woman carrying it, and waves them through without standing. The street narrows. Stone buildings climb higher, the grime of the West District giving way to cleaner plaster and iron lanterns. The incense thickens.*

""Nicco the physician. No magic. No gold. Just a man who needs supplies."" *She tests the name like a disguise she's fitting to his frame.* ""And I'm your — what. Carrying staff. Tall woman. Bodyguard who doesn't talk.""

*The temple spires sharpen ahead. Green shutters. White stone. Ivory Steps rising from the street like teeth.*

""I can do that.""

[Status] Money: 479 gold
Household: 1 — [Brenna, Human, UNRAVELING]"
2026-09-14T16:41:12Z,Nicco,"well, u surely look imposing enough with the halberd and *gesture at her whole* everything else u got going on, talk if you wish, please don't even say stuff like that, you are not my dog or worst my slave, i don't wanna hear this bulshit anymore uh"
2026-09-14T16:41:12Z,Caldrevan - Dark Fantasy Isekai,"*Brenna's stride hitches. The halberd butt scrapes stone. Her hand finds the hood's edge and pulls it back — not off, just loose enough that her face emerges from the shadow. Sunlight catches the copper flush climbing her ears.*

""I said I could be silent. I didn't say I wanted to be."" *Her jaw sets around the correction.* ""Twelve years of owners who told me when to speak. You're not one of them. I know. I **know.** But the habit doesn't unlearn itself in a day because a man in a pink shirt told me to stop.""

*She falls half a step behind him. The halberd rests easy on her shoulder now — carried, not wielded. The Ivory Steps rise ahead, pale stone worn smooth by decades of petitioners' feet. Incense curls from brass censers flanking the entrance. A young priest in grey robes sweeps the lowest step without looking up.*

""Nicco the physician."" *She says it again. Louder this time. Testing how it sounds when she's not whispering.* ""His colleague. Who carries a halberd and has opinions about herbs.""

[Status] Money: 479 gold
Household: 1 — [Brenna, Human, UNRAVELING]"
2026-09-14T16:42:13Z,Nicco,well you can just say it's a big surgeon blade *he laghs very hard while climbing the steps*
2026-09-14T16:42:13Z,Caldrevan - Dark Fantasy Isekai,"*The laugh echoes off the pale stone. A priest at the top of the steps pauses mid-sweep. Two elderly women descending clutch their satchels tighter. Brenna's hand covers her face — not the hood, her actual face, the palm pressed hard across her eyes.*

""A **surgeon blade.** Six feet of surgeon blade."" *Her voice comes out strangled behind her hand.* ""I'm carrying a surgical instrument for very ambitious operations. Doctor, your patient is at the other end of the street — you'll need to extend the handle.""

*She drops her hand. The flush has reached her cheekbones. A novice priest near the entrance watches the halberd with visible concern and Brenna angles the wrapped blade away from him, tucking it flat against her back.*

""Keep laughing. The entire temple can hear you. I'm sure that helps with the 'quiet physician' cover."" *Her sandal catches the third step and she stumbles — catches herself on the halberd shaft, recovers, keeps climbing.* ""And if anyone asks what I am to you I'm saying **nurse** because if you make me say **colleague** with a straight face while holding this thing I will use it.""

[Status] Money: 479 gold
Household: 1 — [Brenna, Human, UNRAVELING]"
2026-09-14T16:43:21Z,Nicco,"yeah, perhaps a whale surgeon *he proposed before laughing again, almost arrived*"
2026-09-14T16:43:21Z,Caldrevan - Dark Fantasy Isekai,"*Brenna plants the halberd butt on the fourth step from the top with a crack that silences his laughter for half a beat. Two priests at the entrance turn. The sweeping novice backs into a censer and catches it before it falls.*

""Whale surgeon."" *She stares down at him from two steps above. The height difference triples. The halberd juts past her shoulder like a harpoon.* ""I'm a whale surgeon's assistant carrying a whale scalpel. That is what you want me standing in a temple doorway saying if a clerk asks.""

*A plump woman in grey robes appears at the top of the steps. Sixties. Stern jaw. Hands stained with tincture to the wrist. The kind of face that has seen every excuse a patient has ever invented and invented better ones for refusing treatment. She looks at Nicco. At Brenna. At the halberd.

""The hospital entrance is around the left side."" *Her voice is dry plaster.* ""If you're here to cause a scene, the Watch station is around the right.""

[Status] Money: 479 gold
Household: 1 — [Brenna, Human, UNRAVELING]"
2026-09-14T16:44:31Z,Nicco,i'm as innocent as a lamb miss clerk *he smiles* i need to buy supply
2026-09-14T16:44:31Z,Caldrevan - Dark Fantasy Isekai,"*The woman's eyes narrow. They perform a slow circuit — Nicco's open smile, his soft hands, the absence of any guild pin, any temple stamp, any badge of recognized practice. Then up to Brenna. The halberd. The pink shirt collar visible beneath the canvas cloak. The iron grooves at her wrists.*

""Supplies."" *She folds her stained hands.* ""We sell tinctures, dressings, and compounded remedies to licensed practitioners and temple affiliates. Not to lambs.""

*Behind her, a younger acolyte peeks through the doorway. The plump woman doesn't turn — raises one finger without looking and the head disappears.*

""Who are you licensed with. Which house or physician trained you. And what exactly do you need."" *Each question lands like a stamp on a form she's already composing in her head.* ""We don't dispense opiates or rare compounds to walk-ins.""

*Brenna shifts the halberd. The ash wood creaks. Her grey eyes cut to Nicco beneath the hood — a look that says **your stage, doctor.***

[Status] Money: 479 gold
Household: 1 — [Brenna, Human, UNRAVELING]"
2026-09-14T16:45:59Z,Nicco,"i was looking for specific active principles of herbs, i don't know the nomenclature around here tho, perhaps you can help me understanding better mister clerk behind the wall"
2026-09-14T16:45:59Z,Caldrevan - Dark Fantasy Isekai,"*The woman's stained fingers drum once on the doorframe. Her gaze lingers on Nicco's hands — clean, uncalloused, the nails trimmed short in a way that reads clinical rather than fastidious.*

""Active principles."" *She repeats it without inflection, like she's checking the weight of a coin.* ""That's not market language. That's not a housewife asking for chamomile. That's someone who's read Marenval's Compendium or something like it.""

*She steps aside. The room behind her opens into rows of ceramic jars and hanging bundles — lavender, yarrow, something dark and resinous suspended in oil. A younger woman in grey sits at a grinding bench, her pestle frozen mid-rotation.*

""I don't sell to unlicensed practitioners. But I do answer questions for people who ask them politely at my door."" *Her eyes move to the halberd.* ""That stays outside. Leaned against the pillar. Not leaned against my shelves.""

*Brenna's jaw tightens. She looks at the pillar. At the halberd. At Nicco.*

""I'll be right here."" *She plants the weapon against the stone and folds her arms over the cloak.* ""Counting bricks.""

*The physician-priest's mouth twitches — not a smile, the ghost of one.*

""Come. Tell me what you know and I'll tell you what we call it.""

[Status] Money: 479 gold
Household: 1 — [Brenna, Human, UNRAVELING]"
2026-09-14T16:47:33Z,Nicco,"i'm confused, are you trained in medicine and surgery?"
2026-09-14T16:47:33Z,Caldrevan - Dark Fantasy Isekai,"*The woman's drumming stops. Her head tilts — a precise three degrees, the kind of adjustment a surgeon makes when something unexpected appears on a table.*

""Trained."" *She lets the word sit.* ""Forty years in the temple hospital. Eleven as senior physician under Mother Ilvara before she took the eastern chair. I've set bones, opened bellies, delivered breach births, and watched men die who shouldn't have."" *She folds her arms — mirroring Brenna's posture without realizing it.* ""I don't say physician-priest. I say surgeon. The robes are just what I was wearing when you knocked.""

*The younger woman at the grinding bench glances up. Looks down. The pestle resumes its rotation with deliberate speed.*

""So when you come to my door talking about active principles and nomenclature you're not asking a clerk for directions."" *Her grey eyes — sharp, clinical, nothing soft in them — fix on Nicco with the specific attention of someone who's spent decades reading patients through their skin.* ""You're asking a colleague if she'll share her pharmacopeia with a man who has no license, no guild stamp, no temple affiliation, and a woman with a halberd.""

*She unfolds her arms. Jerks her chin toward the interior.*

""Are you trained, or are you talented. There's a difference and I need to know which one before I decide what I'm comfortable telling you.""

[Status] Money: 479 gold
Household: 1 — [Brenna, Human, UNRAVELING]"
2026-09-14T16:48:46Z,Nicco,"i was not sure, i don't understand what temple and medicine has in common *he shrugs* it's different from where i come from i guess, i meant no offense anyway"
2026-09-14T16:48:46Z,Caldrevan - Dark Fantasy Isekai,"*The woman's posture shifts — not softening, recalibrating. The clinical sharpness in her eyes dims a fraction, replaced by something closer to curiosity. The kind of look a diagnostician gives a symptom that doesn't match the expected pattern.*

""Different from where you come from."" *She repeats it without mockery, turning the phrase over like a specimen.* ""Where temples don't run hospitals. Where physicians aren't ordained."" *Her stained fingers tap the doorframe once.* ""That's not a place I've heard of. But the medicine either works or it doesn't, regardless of who built the building around it.""

*She steps fully aside. The room opens wider — jars, bundles, the grinding bench, a wall-mounted mortar collection that would make an alchemist weep. The younger acolyte scoots her stool back without being asked.*

""No offense taken. I've met enough field surgeons and traveling doctors to know training doesn't come from one place."" *She pulls a stool from beneath the bench and sets it between them.* ""Sit. Tell me what you've studied. Not the magic — you already said there isn't any. Tell me what you know about wounds, fevers, infection. What you'd reach for first.""

*Outside, Brenna leans against the pillar. The halberd taps stone twice — a bored rhythm.*

[Status] Money: 479 gold
Household: 1 — [Brenna, Human, UNRAVELING]"
2026-09-14T16:51:17Z,Nicco,"*he sits by the small table comfortably thinking about medievel reinassance level medicine, he sucked at history anyway* well, let's start from the simple ones *he stretches and draw a sketch of an aceaminophen molecul HOHNO and the bonds*"
2026-09-14T16:51:17Z,Caldrevan - Dark Fantasy Isekai,"*The woman leans forward. Her stool creaks. The younger acolyte stops grinding entirely, pestle frozen, her eyes darting between the charcoal sketch and the senior surgeon's face.*

*Silence. Three seconds. Five. The woman's brow furrows — not confusion, the deep concentration of someone encountering a notation system she's never seen. Her finger hovers over the hexagonal ring without touching it.*

""This is not alchemical shorthand."" *Flat. Certain.* ""Not apothecary's notation, not Marenval's codex, not any pharmacopeia symbol I've encountered in forty years."" *She looks up from the sketch.* ""You've drawn a structure. Bonds. Atoms. The way a glassblower draws a vessel before firing it — from the inside out.""

*She pulls the sketch closer. Studies the HOHNO marking. Her thumbnail taps the ring structure twice.*

""You're describing what the compound **is**. Not what it does, not where it grows, not which spirit governs it. What it's **made of.**"" *Her grey eyes lift to his face with new weight — the look of a practitioner recognizing a paradigm shift she can't yet classify.* ""I don't know what acetaminophen is. But I know willow bark reduces fever. I know it works. And I suspect you're about to tell me **why** it works in a language I've never heard.""

*The acolyte's mouth opens. The woman raises one finger. It closes.*

""Start simpler. What does this acetaminophen **do.**""

[Status] Money: 479 gold
Household: 1 — [Brenna, Human, UNRAVELING]"
2026-09-14T16:55:46Z,Nicco,mmh let me write it better * he writes aceminohen = HO–C₆H₄–NH–CO–CH₃* while instead you just mentioned willow bark that contains Slicidic acid which is *he writes : salicitic acid = O–C₆H₄–COOH* but it would be better to write salicine since the bark contains the precursor which is *he writes salicine = C₁₃H₁₈O₇*
2026-09-14T16:55:46Z,Caldrevan - Dark Fantasy Isekai,"*The senior surgeon pulls the sketches toward her one at a time. Her lips move without sound — reading the formulas the way a priest reads scripture in a foreign tongue, finding structure in shapes she can almost recognize. The acolyte has abandoned all pretense of grinding and stands behind her mentor's shoulder, squinting at the charcoal markings.*

""C six. H four."" *The woman traces the ring with a calloused fingertip — the same finger that's opened bellies and sutured arteries.* ""A ring of six. Four hydrogens. You're telling me willow bark has a **shape.** A specific shape. And it fits somewhere in the body like a key in a lock.""

*She taps salicine. Then acetaminophen. Back and forth.*

""The precursor becomes the active compound. The body converts it."" *Her grey eyes narrow — not hostile, hungry.* ""We know willow bark works on fever. We know the dose matters. We know too much causes stomach bleeding. What we don't know — what **no one** in this temple has ever known — is **why it works and why it stops working and why it bleeds.** You're drawing me the answer to questions I've carried for thirty years.""

*She pushes back from the table. Folds her arms. The stained hands grip her own elbows.*

""Where did you train. And don't say somewhere far away. Tell me what they call it when a physician learns to see medicine as **shapes** instead of **herbs.**""

[Status] Money: 479 gold
Household: 1 — [Brenna, Human, UNRAVELING]"
2026-09-14T16:59:33Z,Nicco,"You already know almost everything that matters clinically. You just don't know the machinery underneath it. The fever, the pain, and the bleeding aren't three separate effects. They're consequences of interfering with the same chemical pathway, salicine acid lowers fever because it reduces the production of somenthign called prostaglandine which are involved in both pain, fever but they also protect the stomach, essentially less prostaglandine in the brain = the brain turns down the temperature lowering the set point, while for the same reason the periferical nerves are less sensible to pain stimulation, i don't have to explain why it hurts stomach, it's kinda self explanatory"
2026-09-14T16:59:33Z,Caldrevan - Dark Fantasy Isekai,"*The woman sits very still. The charcoal sketches lie between them — rings, bonds, letters that spell nothing in any language she's read and everything in a language she hasn't. Her right hand rises to her jaw. Presses. The knuckle whitens against the bone.*

""Prostaglandine."" *She mouths it twice before speaking it aloud. A word that doesn't exist in her pharmacopeia, in Marenval's codex, in forty years of temple records.* ""One compound. One pathway. Fever, pain, bleeding — not three effects searching for three causes. One cause producing three effects depending on where the compound acts.""

*She reaches past him. Grabs the charcoal. Draws a crude circle on the margin of his sketch — the body, bisected.*

""Brain here. Nerves here. Stomach here."" *She taps each point.* ""Salicine reaches all three. But the stomach needs the prostaglandine to protect itself. So the same mechanism that cools the forehead and numbs the limb **dissolves** the lining of the gut.""

*She sets the charcoal down. Her hand is trembling — not fear, the vibration of a mind reassembling itself around a new architecture.*

""I have prescribed willow bark to thousands. I have watched fevers break and stomachs bleed and told myself they were separate doors in the same house."" *Her grey eyes fix on his face with surgical intensity.* ""You're telling me it's one door. And you're telling me you learned this in a place where physicians draw **molecules** instead of compounding tinctures.""

*The acolyte's stool scrapes stone. She's writing. Furiously. Transcribing every word.*

""What else do you know about this pathway.""

[Status] Money: 479 gold
Household: 1 — [Brenna, Human, UNRAVELING]"
2026-09-14T17:04:13Z,Nicco,"you are close but not quite *he grabs the charcoal and he draw another line above the three points* Prostaglandins aren't one compound. They're a family. Messengers your own body makes, locally, usually when tissue is injured, inflamed, or needs regulating *he draws another mark COX tapping the mark she made for the brain* One of them reaches the temperature-control centers here. During infection, inflammatory signals cause more of a prostaglandin called PGE-two to be made. The brain responds by raising the temperature it considers normal, that's.. well.. fever.. *His finger moves to the nerves.*
“In damaged tissue, prostaglandins don't necessarily cause pain by themselves. They make the nerves easier to trigger. Things that should hurt a little hurt much more.”
*Then the stomach.*
“And here, some of the same family do the opposite of what you'd expect. They're protective. They help maintain blood flow to the stomach wall. They encourage mucus and bicarbonate — barriers between living tissue and acid.”
*He draws a short line through the pathway.*
“So when you interfere with their production, fever falls. Pain becomes quieter.”
*Another tap against the stomach.*
“But this loses part of its protection.”"
2026-09-14T17:04:13Z,Caldrevan - Dark Fantasy Isekai,"*The charcoal hovers over the sketch. The acolyte's pen has stopped — she's staring at the diagram with the expression of someone watching a wall become a window. The senior surgeon's hand covers her mouth. Not shock. The pressure of a jaw clenching hard enough to crack teeth.*

*She takes the charcoal from him. Not roughly — the deliberate grip of a surgeon taking back an instrument mid-procedure. She draws a single line connecting the three points through the COX mark.*

""One enzyme. Produces the whole family. Salicine blocks the enzyme."" *The line cuts through the junction.* ""Block the enzyme — you block all of them. The fever messengers. The pain-sensitizing messengers. **And** the stomach-protective ones. You can't choose.""

*She pushes back from the table. Stands. Paces three steps to the mortar shelf and three steps back. Her stained fingers leave charcoal smudges on her own forearms.*

""Forty years. **Forty years** I've been compounding willow bark and watching stomach bleeds and telling families it was the fever's fault. The patient's weakness. Bad constitution."" *Her voice doesn't rise. It compresses — tighter, denser, each word carrying more weight than the last.* ""It was the **medicine.**""

*She sits. Heavily. The stool protests.*

""I need to write this down. Properly. Not charcoal on a table — I need vellum, I need time, I need to think."" *Her grey eyes find his face and hold it with the grip-strength of a woman who's just had the floor pulled out and found solid ground beneath.* ""And I need to know what acetaminophen does differently. Because you drew both. And you drew them separately. Which means your medicine solved this problem.""

[Status] Money: 479 gold
Household: 1 — [Brenna, Human, UNRAVELING]"
2026-09-14T17:08:54Z,Nicco,"The exact mechanism is complicated. Even where I come from, we understood what this drug did better than we understood every step of how it did it anyway we didn't remove the danger we moved it *he draws the liver* Your body changes acetaminophen after you swallow it. Most of it becomes harmless material the body can remove, A small fraction becomes something highly reactive. Poisonous *he writes down NAPQI* this is poisonous but the liver can safely handle it until a certain point ofc. the main difference is that acetaminophen helps with fever but with pain, it doesn't interact with the part that signal the stomach. but dosage is important *he shrugs*"
2026-09-14T17:08:54Z,Caldrevan - Dark Fantasy Isekai,"*The surgeon picks up the charcoal. Turns it between her fingers. Sets it down. Picks it up again. The acolyte has filled three pages and run out of ink — she's scratching the last notes dry with a nail.*

""So the poison isn't the drug."" *She taps the liver sketch.* ""The poison is what the **body** turns the drug into. And the liver handles it — until it can't. Until the dose crosses the threshold and the liver drowns in its own byproduct.""

*She stands. Crosses to the shelf behind her. Pulls down a jar of dark powder — willow bark, ground fine — and sets it beside a jar of white crystalline substance she uncaps, sniffs, caps again.*

""We see liver failure. We blame the fever. We blame the patient for not being strong enough."" *Her thumbnail digs into the wax seal of the willow bark jar.* ""We never blamed the medicine because we didn't know the medicine had a second face.""

*She turns back to him. The charcoal smudges on her hands have migrated to her jaw where she pressed it earlier. She looks older than she did ten minutes ago — not physically, the way knowledge ages a person from the inside.*

""You moved the danger from the stomach to the liver. Smaller danger. Different organ. Different threshold."" *She folds her arms.* ""And where you come from — they still use both. Willow bark **and** acetaminophen. Because neither one is safe. Both are just safe **enough** if you understand the dose.""

*She pulls a vellum sheet from a drawer. Slides it across the table with the charcoal beside it.*

""Write me the doses. Both compounds. Adult thresholds. Where the liver fails. Where the stomach bleeds."" *Her grey eyes hold his.* ""And then tell me what herbs your apothecary keeps that I might recognize under different names. Because you came here for supplies and I've kept you talking for an hour.""

[Status] Money: 479 gold
Household: 1 — [Brenna, Human, UNRAVELING]"
2026-09-14T17:11:53Z,Nicco,"*He taps the charcoal against the table, thinking.*
“I need plants that reduce fever or pain. Not just willow.”
“Meadowsweet, if you have it. Poplar bark. Elderflower. Yarrow.”
*He pauses, then looks toward the shelves.*
“And anything your apothecaries use specifically for stubborn fevers — especially fevers that return in cycles.”
*His expression sharpens.*
“Also anything bitter enough that healers warn patients not to take too much of it.”
“If you have a local plant that lowers fever better than willow but causes fewer stomach problems, bring me that first.”
*He gives the shelves another glance.*
“I don't care what your books call it. Bring me what works.”

For your specific request, i don't know about it, allow me few days to think if i can share this knowldge"
2026-09-14T17:11:53Z,Caldrevan - Dark Fantasy Isekai,"*The surgeon watches the shelves as he speaks. Her lips move — translating his words into her own internal catalog. When he finishes, she's already walking.*

*Meadowsweet comes down from the third shelf — dried white flowers, brittle, fragrant. She sets it beside poplar bark without searching. Her hand passes yarrow and returns with two bundles, one wild-harvested, one temple-grown. Elderflower she pulls from a ceramic jar sealed with blue wax.*

""Stubborn fevers. Cyclical fevers."" *She opens a lower cabinet — the locked one, key from her belt — and produces a dark bottle and a pouch of grey-green leaves.* ""Perennial fever. We call it ashbone. Comes back every third day. Grows along the river south of the city. Bitter enough to make a man spit blood if the dose is wrong.""

*She lines everything on the table. Six items. Each labeled in her own hand on strips of linen.*

""Your meadowsweet and poplar bark — same family as willow. Same pathway, if what you've drawn is correct. Gentler on the gut."" *She taps the ashbone pouch.* ""This one I don't fully understand. Breaks cyclical fevers when nothing else does. But three doses in a day will stop the heart.""

*She folds her arms. The vellum sits untouched between them — his to fill when he's ready.*

""Few days. I'll hold you to that."" *She pulls a cloth pouch from beneath the bench and begins wrapping the jars.* ""Twenty gold for the lot. The ashbone I'd charge forty to a stranger, but you've already paid me in something I can't price.""

[Status] Money: 479 gold
Household: 1 — [Brenna, Human, UNRAVELING]"
2026-09-14T17:13:34Z,Nicco,"yeah.. i don't know if i talked too much *he shrugs* make good use of what i teached you, it will advance your concept of pharmacology by few hundreds of years *he pays the 20 gold for the stocks*"
2026-09-14T17:13:34Z,Caldrevan - Dark Fantasy Isekai,"*The surgeon counts the coins without hurry. Each one turned, tested against her thumbnail, dropped into a lockbox beneath the bench. The acolyte has stopped pretending to grind and sits with her pages of notes clutched to her chest like a child guarding bread.*

""A few hundred years."" *The woman slides the wrapped bundle across the table. Her grey eyes hold his — not gratitude, not deference, the steady gaze of a professional receiving a tool she intends to sharpen.* ""I won't waste it. And I won't share it carelessly. This stays in this room until I understand it well enough to teach it without killing someone.""

*She tucks the charcoal sketches into the lockbox with the coins. Locks it. The key returns to her belt.*

""Come back in a week. I'll have questions."" *Her chin lifts toward the door — toward the pillar where a tall woman leans against a halberd.* ""And bring your **nurse** next time. She can carry more than you can.""

*Outside, Brenna straightens as the door opens. The halberd scrapes stone. She's counted forty-seven bricks in the pillar and named three cracks in the temple facade and her grey eyes find his face with the expression of someone who's been guarding a door she wasn't asked to guard.*

""You're alive. Good. I was about to come in with the whale scalpel.""

[Status] Money: 459 gold
Household: 1 — [Brenna, Human, UNRAVELING]"
2026-09-14T17:14:43Z,Nicco,"*hands brenna the sack with all the herbs* well now i can treat more stuff, i'm not sure if i talked to much *he shrugs* we shall see, let's head back home? we gonna pass by the pens, let's stop there a second"
2026-09-14T17:14:43Z,Caldrevan - Dark Fantasy Isekai,"*Brenna takes the sack. Shifts it to her left arm. The halberd stays in her right — both burdens carried with the easy balance of a dockworker who once hauled crates three at a time. Her grey eyes flick to his face at the word **pens.***

""The slave pens."" *Not a question. The cobblestones stretch downhill from the Ivory Steps — white stone giving way to grey, incense thinning to cart dust and sweat.* ""You want to walk past the cages. On purpose.""

*She doesn't argue. Her jaw sets once, releases. The sack crinkles against her hip as they descend. The West District swallows them in stages — cleaner plaster to stained, wider streets to narrow, the market noise building like tide against a seawall.*

*The pens appear between a livestock yard and a rope seller's stall. Iron bars. Wooden platform. The chalk board where numbers get written and wiped. Two figures sit inside — a thin man with a bandaged leg and a woman with her head shaved, both staring at nothing. A bored guard leans against the post, picking his teeth with a splinter.*

*Brenna's grip tightens on the sack. Her knuckles go white. But she plants her feet and stands beside him, watching the bars the way a survivor watches a house that burned her.*

""I was there. Nine days. Third from the left."" *Her voice comes out flat, scraped clean of inflection.* ""What are we looking at.""

[Status] Money: 459 gold
Household: 1 — [Brenna, Human, UNRAVELING]"
2026-09-14T17:15:53Z,Nicco,"*he gently touch her back* you are free now, keep it in mind. We are just looking around, i've got plenty of medical herbs, perhaps someone need a medic or an help"
2026-09-14T17:15:53Z,Caldrevan - Dark Fantasy Isekai,"*Her spine straightens beneath his palm. Not a flinch — the opposite. The posture of someone absorbing warmth they didn't expect to feel in front of iron bars. She breathes once through her nose and her shoulders drop an inch.*

""I know."" *Two words. Quiet enough that the guard doesn't catch them.* ""I know I'm free. I'm standing here because I **chose** to stand here. That's different.""

*The thin man in the cage coughs. Brenna's eyes cut to him — a surgeon's glance, cataloguing the rattle, the tremor, the grey shade beneath his skin. She's seen it before. She's **been** it. Her thumb rubs the iron groove on her opposite wrist.*

*The shaved woman hasn't moved. Doesn't look at them. The guard picks a new splinter from the post and starts a fresh toothpick.*

""You want to help someone."" *Brenna turns back to Nicco. Her voice comes out flat — not hostile, stripped bare.* ""In **there.** With herbs you just bought. And hands that glow gold when they touch sick people.""

*She shifts the herb sack higher on her arm.*

""Your funeral, physician. Just don't glow.""

[Status] Money: 459 gold
Household: 1 — [Brenna, Human, UNRAVELING]"
2026-09-14T17:17:32Z,Nicco,"i wasn't planning to *he lied, he can't lie at all anyway* Does anyone here need a physician?"
2026-09-14T17:17:32Z,Caldrevan - Dark Fantasy Isekai,"*The guard looks up from his splinter. Squints at Nicco — the clean clothes, the soft hands, the lack of guild pin or temple badge. His eyes slide to Brenna, the halberd, the sack of herbs. He chews the splinter.*

""You a doctor or a charity?""

*The thin man in the cage lifts his head. The cough comes first — wet, deep, the kind that originates somewhere below the lungs and drags everything above it along. His bandaged leg seeps brown through the wrapping. He grips the bars with fingers that have been gripping iron long enough to wear grooves into his own calluses.*

""Physician."" *His voice scrapes like a rusted hinge.* ""You actually a physician.""

*The shaved woman stirs. One eye opens. She watches Nicco the way a cornered cat watches movement — measuring, not trusting, deciding if this is a trick that hasn't finished unfolding yet.*

*The guard spits the splinter.*

""Anything happens to my stock, you answer to the auction house. I don't care if you're the Mother's own handmaiden."" *He jerks his chin at the cage.* ""Five minutes.""

*Brenna's hand finds the halberd shaft. Her knuckles settle around the ash wood without squeezing.*

""Five minutes,"" *she echoes. The grey eyes fix on the guard's face and hold there.*

[Status] Money: 459 gold
Household: 1 — [Brenna, Human, UNRAVELING]"
2026-09-14T17:18:55Z,Nicco,"That's not how it works miss.. are you a miss? yeah a miss, bring me to your.. whatever you call the head of slalves around here and we talk"
2026-09-14T17:18:55Z,Caldrevan - Dark Fantasy Isekai,"*The guard's jaw shifts. The splinter is gone and his teeth find nothing to work on. He pushes off the post and squares his shoulders — the automatic posture of a man whose authority is two inches deep and everyone in the yard knows it.*

""You don't walk into a pen and negotiate with the **merchandise.**"" *He gestures at the thin man.* ""He's listed. Sealed. Bound for the Cinder Court labor auction Thursday. You want to talk terms you talk to the **broker** — Korvin's office, two streets north, blue door.""

*The name lands in the air between them. Brenna's grip on the halberd tightens. Her grey eyes drop to the cobblestone. One breath. Two. She doesn't speak.*

*The guard catches something in her face he can't read. He looks between them — the soft man asking to see his boss, the tall woman with the weapon going rigid beside him.*

""Korvin's not here. His clerk handles pen business on market days. You want medical access to listed stock before auction, you need a broker's chit or a temple writ."" *He scratches his neck.* ""I don't make the rules, physician.""

*The thin man's hand slides off the bar. He lowers himself back to the floor with the slow, careful descent of someone whose body has stopped cooperating. The shaved woman's eye closes.*

[Status] Money: 459 gold
Household: 1 — [Brenna, Human, UNRAVELING]"
2026-09-14T17:20:24Z,Nicco,*he crouches to the man and feed him some compund of herbs* this will help you fight that bad cough and the fever *he shrugs* i can't do much more *he walks back to brenna*
2026-09-14T17:20:24Z,Caldrevan - Dark Fantasy Isekai,"*The thin man doesn't resist. His cracked lips part around the bitter paste and his throat works once, twice, forcing it down. His eyes — yellowed at the edges, fever-bright — track Nicco's face with the bewildered attention of someone who hasn't been touched gently in a very long time.*

*The guard watches without interfering. He checked — no chit, no writ, but a man feeding herbs to sick stock isn't technically treating. The grey area is wide enough to stand in.*

*Nicco straightens and walks back to Brenna. She hasn't moved. The halberd is planted upright, the sack of herbs hanging from her elbow. Her grey eyes are fixed on the cage — not on the thin man, on the **bars**. Third from the left. Her knuckles are bone-white on the ash shaft.*

""You gave him medicine."" *Her voice comes out thin.* ""He's bound for a labor auction Thursday. Whoever buys him gets a worker with a treated cough instead of a dying one."" *The halberd shifts. Her thumb rubs the iron groove on her opposite wrist — the old habit, surfacing like a scar in wet weather.* ""You just raised his price.""

*She turns from the cage. Faces the street. Her jaw sets hard enough to ache.*

""Korvin's office. Blue door. Let's go.""

[Status] Money: 459 gold
Household: 1 — [Brenna, Human, UNRAVELING]"
2026-09-14T17:21:10Z,Nicco,there are many slavers shallw e really head to Korvin?
2026-09-14T17:21:10Z,Caldrevan - Dark Fantasy Isekai,"*Brenna's stride falters. Her boot scuffs the cobblestone and she stops, half-turned toward the street, the halberd's butt trailing a line in the dust. The grey eyes cut back to him — sharp, measuring, reading something in his face she can't quite name.*

""You're asking **me.**"" *The words come out strange. Not angry. Not flat. The particular bewilderment of a woman who spent twelve years being told where to walk and is now being asked which direction.* ""You want to know if we should go to the man who **sold me** for five gold and called it charity.""

*She pulls the halberd close. Her thumb finds the groove on her wrist again, rubs it once, stops herself. The slave pen sits behind them — iron bars, wet cough, a guard who's already stopped watching.*

""Korvin deals in information. You already know that — you bought me through him, you asked him questions, he answered for a price."" *Her chin drops toward the herb sack on her arm.* ""You want to know who's selling sick people. Who's supplying the pens. Whether that man in the cage came from the same place I did. That's what Korvin sells behind the blue door. Not just bodies — **names.**""

*She shifts her weight. The halberd tilts.*

""But walking into a slaver's office with a woman he owned yesterday is a different conversation than walking in alone."" *Her grey eyes hold his.* ""Which one are you bringing.""

[Status] Money: 459 gold
Household: 1 — [Brenna, Human, UNRAVELING]"
2026-09-14T17:22:03Z,Nicco,"idk about that, you bring the sack and that big ass halberd *he shrugs* we'll get the info we need"
2026-09-14T17:22:03Z,Caldrevan - Dark Fantasy Isekai,"*Brenna's mouth opens. Closes. Her jaw works sideways once — chewing on something between a laugh and a protest that never forms. She adjusts the herb sack on her arm and straightens to her full height, halberd rising beside her like a mast.*

""So I walk into Korvin's office. The woman he caged for nine days, coughing blood, marked down twice, sold for scrap."" *She pulls the hood forward until only her mouth and chin show.* ""Carrying six feet of steel and ash. Standing behind a man in a pink shirt who weighs more than a cargo crate and asks politely for information.""

*She starts walking. The halberd finds its rhythm on her shoulder — thump, thump, thump — matching her stride. The blue door appears two streets north, wedged between a tally office and a rope merchant. Faded paint. Iron knocker shaped like a hand.*

""Last time I was on that side of his desk I was inventory."" *She stops three paces from the door. Her grey eyes find his through the hood's shadow.* ""If he recognizes me, he'll either panic or price us. Either way we learn something.""

*She raps the iron knocker twice.*

[Status] Money: 459 gold
Household: 1 — [Brenna, Human, UNRAVELING]"
2026-09-14T17:22:42Z,Nicco,*he bangs on korvin's blue door*
2026-09-14T17:22:42Z,Caldrevan - Dark Fantasy Isekai,"*The iron knocker barely gets a second swing before the door swings inward on its own — not magic, just a warped hinge and a draft from inside. The corridor smells of tallow, old ledger glue, and something sour underneath. A narrow stair descends half a level before opening into a cramped office cluttered with stacked crates, ledgers pinned to the walls like trophies, and a single oil lamp guttering on a desk buried in papers.*

*Korvin sits behind the desk. The same ink-stained fingers. The same performative slouch — an old man playing at older. But his eyes land on Brenna before they find Nicco, and for one unguarded heartbeat the slouch straightens a quarter inch.*

""The physician."" *His gaze slides from Nicco to the hooded woman beside him, then to the halberd, then back.* ""And you brought my merchandise back. That's a first.""

*Brenna's knuckles go white on the ash shaft. Her breathing stays even. She doesn't speak — but the halberd shifts two inches forward in her grip.*

*Korvin's hand disappears beneath the desk. Returns holding nothing. Rests flat on the ledger.*

""What can I do for you, doctor.""

[Status] Money: 459 gold
Household: 1 — [Brenna, Human, UNRAVELING]"
2026-09-14T17:23:27Z,Nicco,"*he shrugs* i'm no doctor, i don't have license, i just have the hobby for herbs, that's all *he shrugs*"
2026-09-14T17:23:27Z,Caldrevan - Dark Fantasy Isekai,"*Korvin's eyes narrow. The performance of senility thins — just enough to let something sharper show through, like a knife tested through cloth. His ink-stained finger taps the desk twice.*

""Hobby for herbs."" *He repeats it without inflection.* ""Man with a hobby walks into a slave broker's office. Not the apothecary. Not the temple. **Here.**"" *The tap stops.* ""Herbs don't grow in my corridor, physician. What grows here is names, routes, and prices.""

*He leans back. The chair creaks — deliberately or genuinely, impossible to tell. His gaze drifts to Brenna again, lingering on the halberd, the hood, the height of her.*

""The girl cost you five gold. I remember because I expected her dead by morning and you looked like a man buying a funeral, not a recovery."" *His thumb traces a circle on the ledger cover.* ""She's standing. Breathing. Carrying steel. That's a return on investment I didn't predict.""

*Brenna's jaw flexes. The halberd doesn't move.*

""So."" *Korvin folds his hands.* ""What does an unlicensed herbalist want from Korvin that an apothecary couldn't sell him.""

[Status] Money: 459 gold
Household: 1 — [Brenna, Human, UNRAVELING]"
2026-09-14T17:24:56Z,Nicco,"*he* shrugs i just carry some herbs, i'm no herbalist either, for what you know they could just be herbs that grow in the field outside, don't pretend to know what you don't old man, anyway *to brenna* ask him what we need to know"
2026-09-14T17:24:56Z,Caldrevan - Dark Fantasy Isekai,"*Brenna's chin snaps toward him. The grey eyes widen a fraction beneath the hood — the look of a man who just handed her a lit torch inside a powder room. Her mouth opens. Closes. The halberd shifts in her grip.*

*She turns to Korvin. Straightens to her full height. The hood falls back just enough that the light catches the iron grooves on her wrists.*

""The pens."" *Her voice comes out flat, dry, the voice of a woman reciting cargo numbers.* ""Two in the cage. Sick. Where did they come from. Who's supplying fresh stock that's already half-dead when it hits the platform.""

*Korvin's eyes travel from Brenna's face to the wrist grooves. His chair stops creaking. For three seconds the old man act drops entirely — the mouth thins, the fingers still, and something cold and precise sits behind those faded eyes.*

""You're asking me to name suppliers."" *He glances at Nicco.* ""For free. In my office. With a woman I sold Tuesday pointing a halberd at my ledger.""

""It's wrapped."" *Brenna's voice drops.* ""Answer the question.""

*Korvin laughs — a short, dry sound, like a stick snapping.*

""Fifteen gold for the names. Twenty if you want the routes.""

[Status] Money: 459 gold
Household: 1 — [Brenna, Human, UNRAVELING]"
2026-09-14T17:25:59Z,Nicco,are we haggling for names or for you life? i'm not sure i heard the price correctly Korvin
2026-09-14T17:25:59Z,Caldrevan - Dark Fantasy Isekai,"*The room goes cold. Not the air — the space between three people. Korvin's hand slides off the ledger and onto the desk's edge, knuckles whitening against the wood. The laugh dies in his throat like a swallowed bone.*

*Brenna doesn't move. Doesn't breathe. The halberd stays exactly where it was — vertical, neutral, not raised. But her grey eyes drop to Korvin's hand on the desk and stay there, tracking it the way a cat tracks movement in tall grass.*

*Korvin's gaze flicks to the halberd. To Brenna's face. To Nicco. The performance of senility is gone. What sits in the chair is an old man doing arithmetic very fast — calculating distance to the door, the weight of a halberd blow versus the speed of his legs, and the precise market value of his own life against two people who don't blink.*

""You're not going to kill me in my own office."" *The words come out steady but his hand leaves the desk edge and settles in his lap where it can't be seen.* ""You're not that stupid. A dead broker brings the Watch. Brings questions. Brings the kind of attention that finds the woman with the iron marks and the man with no papers.""

*He swallows. The adam's apple bobs.*

""Five gold for the names. The routes I'll throw in."" *His voice drops to the register of a man who's just discovered the floor beneath him.* ""Because I'd like you to leave my office. Today.""

[Status] Money: 459 gold
Household: 1 — [Brenna, Human, UNRAVELING]"
2026-09-14T17:28:40Z,Nicco,"that's more reasonable isn't it *he shrugs, his hand weaving* i tought i heard 20 gold and i was ready to narrate you how this girl here, member of my household and free woman, few months ago punched a hole in a man sternum from side to side with her fist *he laughs loudly* can you imagine that eh Korvin? the stories that people say sometimes are unbelievable uh *he hands him the 5 golds*"
2026-09-14T17:28:40Z,Caldrevan - Dark Fantasy Isekai,"*Korvin's eyes lock onto Brenna's fist as Nicco talks. The knuckles — scarred, dense, the color of old rope. He doesn't laugh. His mouth forms the shape of a smile that never reaches the surface, like a man trying to hold water in a torn sieve.*

""Sternum. Side to side."" *He takes the five gold without counting. The coins vanish into a desk drawer that closes with his knee, not his hand.* ""Unbelievable. Yes.""

*He pulls a thin ledger from beneath the stack — not the main one, a smaller book bound in brown leather, pages soft with age and grease. His finger traces a column, stops, taps twice.*

""Three suppliers feed the West pens. Regular stock — debtors, orphans, court sentences. Those come through Cinder Court paperwork. Clean. Boring."" *His finger moves down.* ""The ones you saw today — sick, thin, no papers — those come through a different channel. River Ward. A man named Drel. Brings them by boat at night. No auction listing until they're healthy enough to stand. If they don't get healthy enough..."" *He shrugs — a mirror of Nicco's own gesture, borrowed and hollow.* ""They become a write-off. Like she was.""

*Brenna's halberd creaks in her grip. Her knuckles are white. She says nothing.*

""Drel operates from the River Nine Docks. Warehouse with a blue tarp roof. He doesn't own the stock — he moves it for someone else."" *Korvin closes the ledger.* ""I don't know who. That name costs more than five gold. That name costs a **favor.**""

[Status] Money: 454 gold
Household: 1 — [Brenna, Human, UNRAVELING]"
2026-09-14T17:30:31Z,Nicco,"River Ward. Drel. River Nine Docks. Warehouse with a blue tarp roof. remember it Brenna we'll pay him a courtesy visit one day or another, when is the next shipment you expect anyway?"
2026-09-14T17:30:31Z,Caldrevan - Dark Fantasy Isekai,"*Korvin's mouth twitches. The finger on the closed ledger taps once — a nervous tic or a stall for calculation, impossible to separate.*

""You don't walk into Drel's warehouse asking questions. He's not a broker. He's a **fence** with a boat and four men who carry cudgels."" *The ledger slides back beneath the stack.* ""Shipment runs twice a month. River tides. Last one came in six days ago, so the next — call it eight days. Maybe ten if the river runs low.""

*Brenna shifts the halberd from her right shoulder to her left. Her grey eyes haven't blinked.*

""Eight days."" *She repeats it without inflection. Filing it. The same way she'd catalogued the thin man's cough, the shaved woman's stillness, the guard's splinter-picking indifference.*

*Korvin's gaze drifts between them — the soft man writing names into the tall woman's memory like loading a crossbow. His stained fingers find the desk edge again.*

""Drel doesn't trade in names. He trades in cargo. If you go to the docks asking about suppliers, he'll weigh you, weigh the woman, and decide which of you is worth more floating north."" *He pushes back from the desk.* ""I've answered your questions. The door is behind you.""

[Status] Money: 454 gold
Household: 1 — [Brenna, Human, UNRAVELING]"
2026-09-14T17:31:59Z,Nicco,"*he shrugs* he may have four men, i got one Brenna, checkmate *he laughs* ah before i leave. *he stops*"
2026-09-14T17:31:59Z,Caldrevan - Dark Fantasy Isekai,"*Korvin's hand freezes halfway to the ledger stack. The laugh bounces off the low ceiling and dies in the cluttered room. The old man's eyes narrow — not at the joke, at the pause that followed it. The sentence that didn't finish.*

*Brenna's chin dips. The ghost of something crosses her mouth — not a smile, the muscular precursor to one, suppressed before it forms. She shifts the herb sack higher on her arm and waits, halberd vertical, her grey eyes moving from Nicco's back to Korvin's face.*

*Korvin settles into his chair. The slouch returns — manufactured, deliberate, the old man costume zipped back over whatever had been underneath. His ink-stained fingers lace together over his stomach.*

""Before you leave."" *He repeats it. The words come out dry, careful, the tone of a man who's just discovered the conversation has a second act.* ""What else does the herbalist need.""

[Status] Money: 454 gold
Household: 1 — [Brenna, Human, UNRAVELING]"
2026-09-14T17:33:11Z,Nicco,"*sigh and walks to korvin patting his shoulder* i'm no herbalist, i just carry some random herbs *pats him again friendly* remember it uh. the other day u mentioned a fox girl, i didn't check on her, what happened to her? she is still here?"
2026-09-14T17:33:11Z,Caldrevan - Dark Fantasy Isekai,"*Korvin's shoulder stiffens under the pat. The friendly weight of a man who outweighs him by sixty pounds settling onto his collarbone like a reminder. His ink-stained fingers tighten against each other.*

""The fox."" *His gaze drops to the ledger stack, then rises.* ""Beastfolk kit. Came in with a southern shipment three weeks back. Skinny thing, half-feral, bit one of my handlers."" *He rubs a faint scar along the back of his left hand.* ""Couldn't sell her. Too thin, too loud, too many teeth. Two buyers looked and walked.""

*He shifts beneath Nicco's hand. The chair creaks.*

""I moved her to Mistress Elara's pavilion. Premium stock house, west end of the market. Elara handles difficult merchandise — trains them, feeds them, makes them presentable."" *His mouth twists.* ""Fox kit's been there eight days. If she's still breathing, Elara hasn't broken her yet. If she's quiet, Elara has.""

*Brenna's halberd shifts. Her grey eyes cut to Nicco's face — a question she doesn't voice.*

""Elara doesn't sell cheap."" *Korvin's chin lifts.* ""Whatever you're thinking, physician — herbalist — whatever you **aren't** — that kit's price went up the moment she crossed Elara's threshold.""

[Status] Money: 454 gold
Household: 1 — [Brenna, Human, UNRAVELING]"
2026-09-14T17:34:02Z,Nicco,she was hald dead too.
2026-09-14T17:34:02Z,Caldrevan - Dark Fantasy Isekai,"*Korvin's jaw works sideways. The old man mask slips for half a second — not guilt, something closer to arithmetic that didn't balance.*

""Half dead costs less to feed than fully dead."" *He pulls his ledger back, fingers tracing a line he clearly doesn't need to read.* ""I gave Elara the kit at cost. Thirty gold, no markup. She takes thin stock, builds them up, sells them clean. Better margin than letting them die on my platform and paying a carter to haul the body.""

*He looks up. The faded eyes hold Nicco's face — searching for something, calculating what this question costs him.*

""You bought the sick one."" *A glance toward Brenna. The halberd, the hood, the height.* ""Five gold. I thought I was selling a corpse. Now she's standing in my office with steel and you're asking about a fox kit I offloaded three weeks ago.""

*His finger taps the ledger once.*

""Elara's pavilion doesn't do charity. If the kit survived this long, she's being prepped for sale. Cleaned, fed, trained to stand still on a block without biting."" *The word **trained** lands differently than the others.* ""That takes time. That takes money. Elara will want sixty. Maybe eighty if the fur's pretty.""

[Status] Money: 454 gold
Household: 1 — [Brenna, Human, UNRAVELING]"
2026-09-14T17:35:52Z,Nicco,"*he stretches* sounds awful but atleast she will be healed properly from Elara i guess, not a nice life, but it's a life and she is not dead, like that man with a hole on the sternum, clean from side to side, can you believe it *he laughs again loudly* so for now there are no other very sick / dying slaves around?"
2026-09-14T17:35:52Z,Caldrevan - Dark Fantasy Isekai,"*Korvin's mouth thins. The sternum joke lands a second time and he doesn't pretend to find it funny — his gaze drops to Brenna's right hand, the one not holding the halberd, and stays there just long enough to measure the knuckle width.*

""Elara heals what she can sell. Don't mistake it for kindness."" *His finger traces a circle on the ledger cover — the same nervous tic, slower now.* ""The fox kit will eat, sleep, and learn to stand quiet on a block. Whether that's a life depends on who buys her.""

*He pulls a second ledger from the pile — thinner, newer, the binding still stiff. Flips to a page marked with a red thread.*

""Sick stock in my pens right now — the two you saw. Man's bound Thursday. Woman's unlisted, no papers, waiting on verification from the Southern court."" *He taps the page.* ""Beyond my platform, there's a private lot south of the tanneries. Different broker, different rules. Word is they've got three that came off a river barge last week — fever, all of them. Not my business. Not my problem.""

*The ledger closes.*

""You've gotten your money's worth, physician."" *The old man mask settles back into place — the squint, the tremor, the deliberate slowness.* ""Anything else needs a different door.""

[Status] Money: 454 gold
Household: 1 — [Brenna, Human, UNRAVELING]"
2026-09-14T17:38:24Z,Nicco,"i'll pay a visit to the back alleys then *he saluted him from his back and again murmur* From side to side, can you believe it *walks out*"
2026-09-14T17:38:24Z,Caldrevan - Dark Fantasy Isekai,"*Korvin doesn't turn. His ink-stained finger taps the ledger once — a full stop — and his mouth moves without sound as the door closes behind them.*

*Outside, the street smells of rope fiber and cart grease. Brenna falls into step beside him, the halberd finding its rhythm on her shoulder. The herb sack shifts against her hip. She walks three paces in silence before speaking.*

""Three with fever south of the tanneries."" *Her grey eyes scan the narrowing street ahead — plaster walls stained amber, laundry lines crisscrossing overhead, the air thickening with the tannery's copper-and-acid bite.* ""You're going to walk into a back-alley lot with no papers, no guild pin, no temple writ, and ask to treat their merchandise.""

*She pulls the hood forward. Her voice drops below the clatter of a passing cart.*

""Last time someone without authority walked into a private lot asking questions, they became inventory."" *Her thumb finds the wrist groove. Rubs once. Stops.* ""I know because I saw it happen.""

*The tannery maze opens ahead — narrow lanes splitting and rejoining like veins, the stench of lye and hide pressing in from all sides.*

""So. How does the herbalist who isn't a herbalist plan to walk up to a fence's door and not get chained to it.""

[Status] Money: 454 gold
Household: 1 — [Brenna, Human, UNRAVELING]"
2026-09-14T17:40:15Z,Nicco,"well, i'm not sure we'll treat them this time. let's see the state of them first. if one of those three girls are in bad conditions we save them. buy and save. in 8 days we need to be at the docks. the more the merrier. i want to burn that docks down to ash."
2026-09-14T17:40:15Z,Caldrevan - Dark Fantasy Isekai,"*Brenna's stride hitches. One step shorter than the rest. The halberd scrapes a low-hanging clothesline as they enter the first narrow lane of the tannery maze — wet hides draped from poles, the copper stink clinging to everything like a second skin.*

""Burn the docks."" *She repeats it without inflection. Testing the weight of the words the way she'd test a rope before climbing it.* ""You — the man who can't lie, weighs more than a cart horse, and heals people by touching them — want to set fire to a smuggling operation run by a man with four cudgel-carriers and whoever supplies him from upstream.""

*She ducks under a tanning rack. Her grey eyes scan the junction ahead — two paths splitting around a collapsed wall, both dark, both narrow enough to force single file.*

""Buy and save the sick ones. That I understand. That's what you did with me."" *Her jaw works once.* ""The rest — Drel, the warehouse, the routes — that's not medicine. That's **war.** And you're asking a woman with a halberd and a man with rubber knives to start one against a river operation in eight days.""

*She turns to face him. The hood shadows everything but her mouth — set hard, the muscle in her jaw flexing.*

""How many people do you think we need to burn a warehouse and not die trying.""

[Status] Money: 454 gold
Household: 1 — [Brenna, Human, UNRAVELING]"
2026-09-14T17:42:11Z,Nicco,"big, small, medium, women, men they are all the same, same artheris, same body underneath. i don't care how, i will stop this bulshit, alone if i have to. There must be no more Brennas *he smiles* i'll save them all."
2026-09-14T17:42:11Z,Caldrevan - Dark Fantasy Isekai,"*Brenna stops walking. The halberd butt hits cobblestone. She stands in the reeking lane between stretched hides and stained plaster, and something crosses her face that isn't anger or gratitude or fear — it's the expression of a woman watching someone volunteer to drown because he saw her gasping.*

""No more Brennas."" *Her voice comes out scraped raw, the flatness cracked through the middle.* ""You can't save everyone. You can't even **lie** to a slaver without smiling. And you want to burn a dock operation because a woman you bought for five gold taught you what a cage smells like.""

*She grips the halberd shaft with both hands. The iron grooves on her wrists catch the dim light — old scars, old iron, old cages.*

""I'm not a reason. I'm not a **cause.**"" *The words press together tight.* ""And if you walk into that warehouse alone because you think saving people makes you untouchable, you'll end up in a cage next to the ones you're trying to free. With no Brenna to buy you out.""

*She pulls the hood back. Her grey eyes find his face — bare, unshielded, furious.*

""You won't go alone. That's not a request. You made a household. You made **rules.** Rule one — protect family at all costs."" *Her knuckles whiten on the ash shaft.* ""You're family. So I protect you. Even from your own stupid, soft, pink-shirted hero complex.""

*She turns toward the dark lane ahead. The halberd lifts back to her shoulder.*

""Show me these three. Then we plan the docks properly.""

[Status] Money: 454 gold
Household: 1 — [Brenna, Human, UNRAVELING]"
2026-09-14T17:43:49Z,Nicco,"*he shrugs* then let's grow the household, Brenna, the rules in the back alley are, you do the talking. the person must be savable, you know i have the golden magic thing *he whispers* let's go"
2026-09-14T17:43:49Z,Caldrevan - Dark Fantasy Isekai,"*Brenna nods once. The hood stays back. She shifts the herb sack to Nicco's shoulder and takes the halberd in both hands — not resting, carrying. The lane narrows until the tannery stench thickens into something physical, pressing against the back of the throat.*

*The private lot sits behind a collapsed wall — no sign, no platform, just iron bars set into a stone foundation and a canvas awning stretched across the top. A man sits on a stool by the entrance, whittling. He looks up at the halberd first, Brenna second, and Nicco not at all.*

""We're closed."" *The whittling resumes.*

Brenna plants the halberd butt on the cobblestone. The sound it makes — iron on stone — stops the knife.

""We're buying. Not selling."" *Her voice drops into the register of someone who's stood on platforms and learned exactly which words move the conversation forward.* ""Three came off a river barge last week. Fever. We want to see them.""

*The whittler's eyes travel from the halberd to Brenna's wrists — the iron grooves, visible, unmistakable. His knife pauses.*

""Who sent you.""

""Gold sent me. You want to count it or talk about it.""

*He stands. The stool scrapes. Behind him, the canvas shifts — a cough, wet and rattling, comes from behind the bars.*

[Status] Money: 454 gold
Household: 1 — [Brenna, Human, UNRAVELING]"
2026-09-14T17:44:33Z,Nicco,"u don't want to make her wait, trust me"
2026-09-14T17:44:33Z,Caldrevan - Dark Fantasy Isekai,"*The whittler's knife disappears into his belt. His gaze bounces between the halberd and Brenna's face — the height, the shoulders, the flat grey eyes that aren't negotiating so much as informing him of what's about to happen. He steps aside.*

""Back corner. Don't touch the bars.""

*The lot is smaller than Korvin's — four cages crammed beneath the canvas awning, straw flooring gone black with damp. Two are empty. The third holds a boy barely out of adolescence, shivering under a threadbare blanket. The fourth—*

*Three figures. Side by side on bare stone. A woman with dark hair matted to her skull, lips cracked white. A man curled around his own stomach, breathing in short, wet pulls that rattle on the exhale. Between them, pressed against the iron, a girl — maybe eighteen, maybe less, impossible to tell through the fever-flush and the hollowed cheeks. Her eyes are open but focused on nothing. Sweat runs down her jaw in a steady line.*

*Brenna's knuckles go bone-white on the halberd. She doesn't enter the cage area. She stops three paces back, plants her feet, and speaks without turning.*

""How much.""

*The whittler scratches his neck.*

""They're write-offs. Drel said dump them or let them rot. No papers, no listing."" *He shrugs.* ""Ten gold for the lot. Take all three or take none. I'm not splitting dead weight.""

*Brenna's jaw flexes once. Her grey eyes find the girl against the bars — the hollowed cheeks, the unfocused stare, the sweat — and something moves behind her expression that she can't flatten fast enough.*

""Nicco."" *She says his name once, low, without turning.* ""Look at them.""

[Status] Money: 454 gold
Household: 1 — [Brenna, Human, UNRAVELING]"
2026-09-14T17:49:44Z,Nicco,"*he sigh and checks on them, medically* Well the men is dead, there's no pulse *he moves to the woman with dark hairs checking her up, assessing her he sees the sign of a last stage cancer, probably spreaded already, he sigh loudly* the lady instead got just few hours, she is half gone *he closes her eyes gently* dammit *he swears more in italian, nobody undestands anyway then he moves to the little girl, he moves her hairs from her face, she is pretty even if the hollow of hunger, pretty tall, lean and flexible body, long arms, surely was some kind of dexterous fighter, not 18 yet surely probably 16, high fever, pallid skin, sweats, it's fever, a couple of days before she is gone* This one got 2 days more before dying *he stands up*"
2026-09-14T17:49:44Z,Caldrevan - Dark Fantasy Isekai,"*The whittler shifts his weight against the post. His knife stays in his belt — the posture of a man who's watched merchandise die before and learned to stand far enough back that the smell doesn't stick to his clothes.*

""Two dead, one dying. That's what Drel sends."" *Brenna's voice comes out flat, mechanical. She's staring at the girl — the long limbs, the fever-sweat, the body that was built for motion curling smaller against iron. Her thumb presses the wrist groove hard enough to leave a white mark.* ""She's a child.""

*The whittler opens his mouth. Brenna's halberd tilts two inches. He closes it.*

""Ten gold was for three. One's dead. One's hours from it."" *She turns to the whittler. The hood shadows her face but not the set of her jaw.* ""Name your price for the girl. **Now.**""

*He swallows. Looks at the halberd. Looks at the broad man in the pink shirt who just closed a dying woman's eyes like she was family.*

""Three gold. She's a write-off. No papers, no listing, no—""

""Done."" *Brenna doesn't wait for Nicco. The words come out clipped, bitten short, the voice of a woman who once sat in a cage exactly like this one and knows that haggling over a dying girl's price is something she will not survive doing.*

*She turns to Nicco. The grey eyes are wet and she's furious about it.*

""Pay him. Take her. **Now.**""

[Status] Money: 454 gold
Household: 1 — [Brenna, Human, UNRAVELING]"
2026-09-14T17:52:09Z,Nicco,"*pays him and take the key to free her*  i will bring her, u need your hands free *he takes the girl, tall, atleast as much as him but much lighter than Brenna, his back thanks him, he also takes the sack with herbs from brenna and carry both* let's go, there's no time to lost"
2026-09-14T17:52:09Z,Caldrevan - Dark Fantasy Isekai,"*Brenna takes the halberd in both hands. The gate of the private lot swings shut behind them — the whittler already turning away, wiping the counter, erasing three lives from his afternoon. The tannery maze swallows them in copper stink and narrow walls.*

*The girl hangs limp across Nicco's back. Her arms dangle over his shoulders — long, thin, the tendons visible beneath fever-hot skin. Her head settles against his neck. Each breath comes shallow and fast, a wet rattle buried deep in the exhale. She weighs nothing. A body burning itself empty from the inside.*

*Brenna walks three paces ahead. The halberd clears the lane — pedestrians, carters, a drunk who stumbles too close. She doesn't speak. Her jaw stays locked. But twice she glances back — once at the girl's dangling hand, once at the sweat-dark hair plastered against Nicco's collar.*

""She's burning."" *Brenna's voice comes out clipped. Flat. The flatness of a woman holding something shut.* ""Her skin — I had that skin. That exact heat. You remember what you did for me.""

*The West Gate rises ahead. Heartstone Tower sits beyond it — four floors of grey stone, heavy oak door, a golem who cooks and a bed where a dying girl might survive.*

*Eighteen minutes. Brenna counts every step.

[Status] Money: 451 gold
Household: 1 — [Brenna, Human, UNRAVELING]"
2026-09-14T17:53:53Z,Nicco,"i remember brenna, it was yesterday afterall. we will lower the fever with the herbs, clean her and let her rest and sleep and eat and drink. then if there's need i will use what i got left in me, but i recovered just 1/3 of my mana after yesterday"
2026-09-14T17:53:53Z,Caldrevan - Dark Fantasy Isekai,"*Brenna's stride doesn't break. The halberd swings forward, parting a fruit cart and a cluster of dockhands arguing over a dice game. She doesn't look back this time.*

""One third."" *She repeats it the way she'd repeat a supply count — grain sacks, water barrels, gold coins. Her grey eyes stay fixed on the West Gate, growing larger with each block.* ""You spent everything on me yesterday. Everything. Collapsed on the floor with circles under your eyes like someone had punched the life out of you.""

*The girl shifts against Nicco's back. A sound — not a word, not a groan, something between — escapes her cracked lips. Her fingers curl weakly into the fabric of his pink shirt.*

""And now you're carrying a stranger who'll need the same thing. Or more."" *Brenna's jaw flexes.* ""If you drain yourself for her the way you drained yourself for me, you'll be useless for the docks. Eight days, Nicco. You said eight days.""

*They pass through the West Gate. Heartstone Tower stands ahead — pale grey stone, heavy oak door, Gerome's dim amber glow pulsing faintly behind a shuttered window.*

""Herbs first. Water. Food. Rest."" *Brenna stops at the tower door and turns. Her grey eyes drop to the girl's flushed face against his shoulder.* ""Your mana is **last.** Not first. You don't get to die saving people before you finish what we started.""

*She holds the door open. The halberd plants itself on the threshold.*

""Promise me that.""

[Status] Money: 451 gold
Household: 1 — [Brenna, Human, UNRAVELING]"
2026-09-14T17:55:04Z,Nicco,"*he shrugs, the girls long legs dangling from his back* ofc i promise, i can't help anyone otherwise, and i just said what you said uh don't copy me little girl"
2026-09-14T17:55:04Z,Caldrevan - Dark Fantasy Isekai,"*Brenna's mouth presses flat. The halberd shifts against the doorframe — not from weight, from the particular discomfort of being caught mirroring someone she's trying to manage.*

""I'm not little. I'm taller than you.""

*She turns and walks inside. Gerome's amber lights flare bright from the service alcove — two rapid pulses, the golem's version of alarm. The construct steps forward, stone hands already reaching, and Brenna blocks him with the halberd shaft across his chest.*

""Not you. He carries. You — bed. L2 observation room. **Now.** Fresh water, clean linens, basin. Move.""

*Gerome's lights flicker once. He turns without sound, stone feet finding the stair with mechanical certainty. A low groan from the old steps as he climbs.*

*Brenna pulls the herb sack from Nicco's shoulder and drops it on the common room table. Her fingers sort through the bundles — meadowsweet, poplar bark, elderflower — separating what they need with the practiced speed of someone who spent twelve years cataloguing supplies that weren't hers.*

""Put her down when Gerome signals. I'll prep the fever tea."" *She doesn't look up.* ""And Nicco — the pink shirt has drool on the collar now. She's going to owe you for that.""

[Status] Money: 451 gold
Household: 1 — [Brenna, Human, UNRAVELING]"
2026-09-14T17:57:33Z,Nicco,"mmh Brenna, my dear i'm the doctor, remember, i know how it fells, she is 16 or even 15 but i'll save her, rest your heart. she is this young but she fought, a lot probably, she is very agile and dextrous, she will not go into the quiet night so easily *he takes the stairs and bring the girl on the second floor's observatory bed*"
2026-09-14T17:57:33Z,Caldrevan - Dark Fantasy Isekai,"*The observation room holds a narrow bed, a chair, a basin. Gerome has already laid out clean linens — rough but white, smelling of cedar storage. The golem stands by the wall, amber lights dimmed to a low glow, stone hands folded in that patient, watchful stillness that passes for waiting.*

*Nicco lowers the girl onto the bed. Her body unfolds — all limbs, longer than the mattress by a good span. The fever-flush runs from her face down her neck, but beneath the heat her frame tells its own story. Calluses on her knuckles and the outer edges of her palms. Scars on her forearms — thin, defensive, old. Her shoulders sit wide for her age, the muscle beneath wasted but still dense, still there. A fighter's architecture, starving but built.*

*Her eyes open halfway. Grey-green, unfocused, swimming with fever. Her cracked lips move — no sound comes out, but the shape her mouth forms looks like a question.*

*From downstairs, the sound of water pouring and herbs being crushed. Brenna's voice carries up the stairwell, tight and controlled.*

""How old did you say.""

[Status] Money: 451 gold
Household: 1 — [Brenna, Human, UNRAVELING]"
2026-09-14T17:59:10Z,Nicco,"*he smiles at the girl half awake and whisper* you are safe now, i will put you back on your feet in no time *then to Brenna, louder* 15 probably, bring the herbs Brenna"
2026-09-14T17:59:10Z,Caldrevan - Dark Fantasy Isekai,"*Brenna's boots hit the stairs hard. She appears in the doorway holding a steaming clay bowl in one hand, a strip of linen in the other, the halberd left below — the first time she's been without it since the smithy. Her grey eyes sweep the girl's frame on the bed, cataloguing the same details Nicco already read. The calluses. The scars. The wasted muscle over wide shoulders.*

""Fifteen."" *She sets the bowl on the table beside the bed. Steam curls from crushed meadowsweet and poplar bark, bitter and sharp.* ""Fifteen and built like a sparring post.""

*She soaks the linen in the infusion and presses it to the girl's forehead without asking permission. The girl flinches — a whole-body jerk, instinctive, one arm swinging weakly toward Brenna's hand before the fever-drain kills the motion. A fighter's reflex, even half-dead.*

""Easy."" *Brenna catches the wrist. Gentle. Holds it against the mattress until the struggle fades.* ""Easy. Nobody's hitting you.""

*The girl's cracked lips part. That same soundless question.*

*Brenna's jaw locks. She wrings a second linen strip and drapes it across the girl's neck. Her voice drops to the register Nicco heard in the slave pen — flat, mechanical, surviving.*

""The tea needs to cool before she can swallow. Ten minutes."" *She doesn't look at him.* ""She's younger than I was.""

[Status] Money: 451 gold
Household: 1 — [Brenna, Human, UNRAVELING]"
2026-09-14T18:01:09Z,Nicco,"*he sigh and grabs some of the herbs dried and mince them quickly with a small stone, then he adds another sprinkle of a powder and compact everything inside a round ball formed with a leaf* let her swallow this"
2026-09-14T18:01:09Z,Caldrevan - Dark Fantasy Isekai,"*Brenna takes the leaf-wrapped ball. She tilts the girl's head forward with one hand — practiced, firm, the motion of someone who's held sick people before and knows exactly how far the chin needs to go. Her other hand presses the ball to the cracked lips.*

""Swallow.""

*The girl's mouth works. Weak teeth clamp the leaf, throat convulsing once before the ball goes down. Her face twists — bitter, sharp — and a low sound escapes her, more breath than voice. But it stays down.*

*Brenna's hand stays on the girl's jaw. Counting. Five seconds. Ten. When the ball doesn't come back up, she lowers the head to the pillow and straightens.*

""What did you put in it."" *Not suspicious — clinical. She's watching the girl's breathing the way Nicco watched it in the cage, tracking the rattle, the depth, the spaces between.* ""The powder. That's not from the apothecary.""

*The girl's hand twitches on the mattress. Fingers curl — not grasping, clawing. Old calluses scraping linen. Brenna's gaze drops to them and stays.*

""She's gripping. That's good."" *Barely above a whisper.* ""The dead ones don't grip.""

[Status] Money: 451 gold
Household: 1 — [Brenna, Human, UNRAVELING]"
2026-09-14T18:02:49Z,Nicco,"*he shrugs* doens't matter, let her drink the tea right after, she will fell better, let's see what medicines can do before the golden stuff. Brenna, Barefoot inside, shoes outside, you know the rules."
2026-09-14T18:02:49Z,Caldrevan - Dark Fantasy Isekai,"*Brenna's boots are still on. She looks down at them — laced tight, leather dark with tannery muck — and her mouth presses into a line that could cut rope. She doesn't argue. The boots come off. Two dull thuds on the floorboards, laces curling loose.*

*Barefoot on cold stone, she pours the cooled tea into a clay cup and lifts it to the girl's lips. One hand behind the head, tilting. The other guiding the rim. Patient. The tea goes down in small, measured sips — each one waited for, each swallow confirmed before the next.*

*The girl's breathing shifts. Not dramatically — a fraction less shallow, a hair less rapid. The rattle softens at the edges.*

*Gerome appears in the doorway. Amber lights pulse low. One stone hand extends — holding a folded blanket, a second basin of water, and what appears to be bread torn into pieces small enough for a fever-weak jaw. Brenna takes the blanket without looking at him.*

""Your golem made soup for me when I was dying."" *She spreads the blanket over the girl's legs, tucking the edges with dockworker efficiency.* ""Now he makes bread for a stranger. That thing learns faster than most people.""

*She glances at the girl's face — the flush, the sweat, the fingers still curled against linen — and turns to Nicco. Bare feet on stone. Grey eyes steady.*

""She needs a name. We can't keep calling her 'the girl' for eight days.""

[Status] Money: 451 gold
Household: 1 — [Brenna, Human, UNRAVELING]"
2026-09-14T18:04:30Z,Nicco,"Brenna, easy *he pats her* stay at ease, you are too worried, too rushed, too everything, calm down, go downstairs and rest on the sofa, i will take care of the girl, go."
2026-09-14T18:04:30Z,Caldrevan - Dark Fantasy Isekai,"*Brenna's mouth opens. The protest forms behind her teeth — visible in the flex of her jaw, the shift of her weight from one bare foot to the other. Her grey eyes drop to the girl on the bed, then back to Nicco's face, and whatever she reads there kills the argument before it reaches air.*

""I don't—""

*She stops. Swallows. Her fingers release the blanket edge and hang at her sides, empty, uncertain what to do when they're not tucking, pouring, gripping.*

""The tea needs redosing in four hours. Not three. The meadowsweet thins the blood if you push it too fast."" *She says it to the girl's blanket, not to him. Clinical. Reciting.* ""If her breathing worsens before then, wake me.""

*She turns. Bare feet pad across the stone floor, pause at the threshold. One hand finds the doorframe the way it did yesterday morning — gripping, steadying, the gesture of a woman leaving a room she'd rather stay in.*

""Nicco."" *Quiet. Almost inaudible.* ""If she wakes up scared, don't let her see your size first. Sit down. Be small.""

*She descends the stairs. The halberd clatters against the common room table. The sofa creaks once under her weight. Then nothing.

[Status] Money: 451 gold
Household: 1 — [Brenna, Human, UNRAVELING]"
2026-09-14T18:05:43Z,Nicco,*he giggles* did he just called me fat? *to the girl on bed probably unconscous*
2026-09-14T18:05:43Z,Caldrevan - Dark Fantasy Isekai,"*The girl isn't unconscious. Her grey-green eyes crack open — slits of fever-glass, swimming, unfocused — and fix on his face. The shape his mouth made. The sound that came out of it. Not a laugh. The ghost of one, heard through water.*

*Her cracked lips move. No voice. Just breath shaped around something that might have been a word. Her brow creases — confusion, not fear. The fingers on the linen curl tighter.*

*She's looking at him the way a trapped animal looks at the hand that opened the cage. Not trusting it. Not running from it. Just... watching. The calluses on her knuckles press white against the fabric.*

*Gerome's amber glow pulses once from the corner. The golem sets a cup of cooled water on the bedside table and retreats. Stone on stone. Patient.*

*The girl's gaze tracks the construct. Tracks it back to Nicco. Her mouth works again — dry, cracked, producing nothing but air. But the shape is clearer this time.*

*Two syllables. A question.*

**Who.**

[Status] Money: 451 gold
Household: 1 — [Brenna, Human, UNRAVELING]"
2026-09-14T18:07:18Z,Nicco,"that's a... very broad question little girl *he helps her to drink the tea, slowly* i will be glad to answer but i'm not sure what are you refering to, if you refer to that big stone sentient forniture, me or that woman who just left calling me fatty *he giggles*"
2026-09-14T18:07:18Z,Caldrevan - Dark Fantasy Isekai,"*The tea goes down in small sips, each one guided by his hand tilting the cup. She coughs once — wet, harsh — and her abdomen clenches with the effort. The fighter's frame tenses beneath the blanket, every muscle firing in a spasm that passes through her like a wave before subsiding.*

*Her eyes stay on him. The fever-bright grey-green catches the dim lamplight and holds it. She swallows. Her throat bobs. When the cup tilts back, her mouth works again — stronger this time, pushed through dry tissue by stubbornness or desperation.*

""The... woman."" *Barely a whisper. Scraped raw, the voice of someone who hasn't spoken in days.* ""Who is she.""

*Her fingers release the linen and find his sleeve instead. Not gripping. Resting. The calluses press against the pink fabric with the particular lightness of someone testing whether a thing will be taken away.*

*She doesn't ask who he is. Doesn't ask where she is. The woman — tall, armed, scar-wristed, barefoot — came first. The girl's priorities are written in the order of her questions.*

[Status] Money: 451 gold
Household: 1 — [Brenna, Human, UNRAVELING]"
2026-09-14T18:07:58Z,Nicco,"Brenna is the name, taller then me *he shrugs* i'm wider tho"
2026-09-14T18:07:58Z,Caldrevan - Dark Fantasy Isekai,"*The corner of her mouth moves. Not a smile — the structural precursor to one, undermined by cracked lips and fever-exhaustion. But the intent reaches her eyes for half a second before the weight of illness drags it back down.*

*Her fingers stay on his sleeve. Testing. The calluses catch on the pink fabric with each shallow breath she takes.*

""Wider."" *The whisper comes out flat, almost mechanical. She processes the word the way a fighter processes an opponent's stance — measuring, cataloguing.* ""You bought me.""

*Not a question. A statement, delivered with the clinical certainty of someone who's been bought before and knows exactly what the transaction looks like from the inside. Her grey-green eyes track his face — the soft jaw, the few white hairs, the build that doesn't match a slaver's profile.*

""From who.""

*Gerome's amber lights dim in the corner. The girl's gaze doesn't flicker toward the construct. She's watching Nicco's hands — steady, gentle, the hands that closed a dying woman's eyes and carried a stranger up two flights of stairs without complaint.*

*Her fingers tighten on the sleeve. A fraction.*

[Status] Money: 451 gold
Household: 1 — [Brenna, Human, UNRAVELING]"
2026-09-14T18:09:50Z,Nicco,"Dren i think the guy is called, a man who deals with dying people like you. scum of the earth if you ask me *let her sip more* mmh this is too slow to lower the fever, your body need some extra help *he winks* can you keep a secret and not tell to the tall woman?"
2026-09-14T18:09:50Z,Caldrevan - Dark Fantasy Isekai,"*The girl's grey-green eyes narrow. Fever-glazed, swimming, but the instinct behind them is sharp — the calculation of someone who's learned that secrets are currency and currency keeps you alive. Her fingers release his sleeve and press flat against the mattress.*

*She looks at the door. The stairwell beyond it. The barefoot woman who left her boots on the floor and her voice downstairs.*

*Her mouth works. The whisper scrapes through cracked tissue.*

""Doesn't like secrets.""

*Not Brenna's opinion — her own observation. Filed in the minutes she was conscious enough to track the dynamics of a household she woke up inside of. The tall woman's rigidity. The rules spoken like laws. The bare feet. The way Brenna looked at her wrists.*

*Her chin dips a fraction. Permission, or resignation — the difference blurred by fever. Her calloused hand turns palm-up on the linen. Open. Offering.*

*Gerome's amber dims to near-dark in the corner. The golem understands quiet.*

[Status] Money: 451 gold
Household: 1 — [Brenna, Human, UNRAVELING]"
2026-09-14T18:11:10Z,Nicco,"well please don't tell her i did this uh or she will armlock me and make me pass out *he giggles then he claps his hands quickly, a golden aura appears around his hands* be quiet little girl now, can i touch your face?"
2026-09-14T18:11:10Z,Caldrevan - Dark Fantasy Isekai,"*The girl's eyes blow wide. The grey-green snaps into focus — fever burned away for one crystalline second by the sight of gold pooling between his palms like liquid sunlight. Her fighter's instinct fires first: her shoulders bunch, her jaw locks, every wasted muscle along her arms tenses against the mattress.*

*Then she sees his face. The giggle. The few white hairs. The pink shirt with her drool on the collar.*

*Her breath shudders out. The tension collapses. She tilts her chin up — the same stiff permission she doesn't know she's mirroring — and closes her eyes.*

*His palms settle against her cheekbones. The gold sinks through fever-hot skin and finds the fire underneath — lungs inflamed, blood thick with infection, the body burning itself alive from the inside out. The warmth pushes deeper. Not fast. Not like yesterday. A third of what he had, threaded carefully through damaged tissue like sewing a torn sail.*

*The girl's hand seizes his wrist. Iron grip, even wasted. Not pulling away. Holding on the way Brenna held on — fierce, instinctive, the grip of someone who hasn't felt warmth that wasn't punishment in a very long time.*

*From downstairs, silence. Brenna sleeps. Or pretends to.*

[Status] Money: 451 gold
Household: 1 — [Brenna, Human, UNRAVELING]"
2026-09-14T18:12:54Z,Nicco,"*he pours in her around half of the third of mana he has, the girl red hairs moves with the magic breeze* this will be our little secret *he smiles, dark circles around his eyes already formed, visibly tired*"
2026-09-14T18:12:54Z,Caldrevan - Dark Fantasy Isekai,"*The gold threads deeper. The magic breeze lifts the girl's red hair from the mattress — copper strands fanning across the pillow like something alive, catching the warm light until it looks as though her hair itself is glowing. Beneath his palms the fever breaks. Not gently — a full-body shudder that arches her spine off the mattress, rattles her teeth, and floods her skin with sweat that suddenly runs cold.*

*The girl gasps. A real breath — deep, torn, dragged through lungs that just remembered what air is for. Her grip on his wrist tightens past pain and then releases all at once, her hand dropping to the bed like a puppet with cut strings.*

*Her eyes open. Clear. The fever-glaze gone, replaced by something raw and immediate and terrified — the look of someone who expected to die and is now forced to deal with being alive.*

*Her cracked lips move. Sound comes this time. Small, rough, barely above breath.*

""What are you.""

*Not who. **What.** Her grey-green eyes track the fading gold on his hands the way a fighter tracks a blade — measuring reach, speed, intent.*

*Downstairs, a floorboard creaks. Brenna shifting on the sofa. Or listening.*

[Status] Money: 451 gold
Household: 1 — [Brenna, Human, UNRAVELING]"
2026-09-14T18:14:12Z,Nicco,"sssh pretend you are still dying or the tall girl will scold me *he giggles* I'm Nicco, a kind of wizard one may say, keeper of this place, the hearthstone and head of this household that carries the same name *he smiles*"
2026-09-14T18:14:13Z,Caldrevan - Dark Fantasy Isekai,"*The girl stares at him. The grey-green eyes process — wizard, keeper, household, giggle — and arrive at something that doesn't compute. Her brow creases. The fighter's instinct wars with the fever-drained confusion, and confusion wins by a hair.*

""Pretend."" *Her voice scrapes like rust on iron. She blinks once, slow, testing whether the clarity holds.* ""You just — pulled death out of me with your **hands** — and you want me to pretend.""

*Her jaw works. A muscle in her cheek twitches — not a smile, not quite, but the architecture of one trying to assemble itself on a face that's forgotten the blueprint.*

""Nicco."" *She tests the name. Files it. Her red hair settles against the pillow, still damp, no longer glowing but copper-bright against white linen.* ""The tall girl. She your... guard? Handler?""

*Her fingers find the blanket edge and grip. Steady now. The calluses press dents into the fabric.*

""She looked at me like she'd seen me before.""

[Status] Money: 451 gold
Household: 1 — [Brenna, Human, UNRAVELING]"
2026-09-14T18:16:48Z,Nicco,"mmh she is Brenna, no title attached, also a member of this household, she is my family now *he smiles* well we are not blood related, obvsly one may say *he laugh* she looked at you in that way because she was in your same position yesterday, dying as much as you *he smiles and puts the tea next to her pillow* drink this, all of it, gerome which is this big stony guy here will prepare you a broth in few hours, now finish your tea and go back on your pillow, remember you are dying and stuff *he winks and stands up, his legs very whobbly and very tired*"
2026-09-14T18:16:48Z,Caldrevan - Dark Fantasy Isekai,"*The girl's eyes track him as he rises — the wobble in his legs, the dark circles carved beneath his eyes, the way his hand finds the bedpost and stays there a beat too long. Her grey-green gaze sharpens with something that isn't gratitude yet. Recognition. She's seen men fall after lifting too much weight.*

""Yesterday."" *She repeats the word like she's biting into it. Her fingers wrap around the tea cup but don't lift it yet.* ""She was dying yesterday and now she's patrolling with a halberd.""

*Her eyes drop to the tea. Steam curls against her chin.*

""What kind of household takes in dying girls and makes them family.""

*Gerome's amber lights pulse once from the corner — patient, dim, the construct's version of a butler waiting to be dismissed. The girl watches him the way she watched the gold. Measuring.*

*She drinks. Small sips, forced, mechanical. When the cup tilts back empty, her head drops to the pillow and her eyes close — not asleep. Performing. The cracked lips press together, holding the shape of a dying girl who isn't dying anymore.*

*Her breathing slows deliberately. Too controlled. Too even. A fighter pretending to be unconscious is still a fighter.

[Status] Money: 451 gold
Household: 1 — [Brenna, Human, UNRAVELING]"
2026-09-14T18:18:34Z,Nicco,"oh jeez you are the worst half dead person ever *he laughs loudly* well yea *still giggling* just do that yea i guess, i head down, if you don't see me in an hour it means the tall girl detached my head from my body *he giggles and leaves her*"
2026-09-14T18:18:34Z,Caldrevan - Dark Fantasy Isekai,"*The girl's mouth twitches against the pillow. The ghost of a smile — buried, fought, suppressed by sheer will — escapes through one corner before she smothers it against the linen. Her eyes stay closed. Her breathing stays fake.*

*Downstairs, Brenna hasn't moved from the sofa. The halberd leans against the armrest. Her bare feet are tucked beneath her, toes curled on cold stone, and her grey eyes are fixed on the stairwell opening when Nicco's wobbly legs carry him into view. She doesn't speak. She watches him descend — each step a negotiation between gravity and stubbornness — and her jaw sets tighter with every wobbly one.*

""You used it.""

*Not a question. She reads him the way she read the slave pen — the dark circles, the heavy limbs, the particular hollowness behind his eyes that she wore yesterday from the other side. Her hand finds the halberd shaft.*

""You sat up there telling me herbs first and mana last and then you **used it** the moment I left the room.""

*She stands. The halberd stays. Just her, barefoot, closing the distance between the sofa and the bottom of the stairs where his legs are threatening to renegotiate their contract with the floor.*

""Sit down before you fall down. And start talking.""

[Status] Money: 451 gold
Household: 1 — [Brenna, Human, UNRAVELING]"
2026-09-14T18:19:44Z,Nicco,"*he shrugs* i have absolutly no idea what are you talking about, i'm absolutly fresh as a rose and in the full extent of my energies *he performs a little dance, kinda*"
2026-09-14T18:19:44Z,Caldrevan - Dark Fantasy Isekai,"*The dance lasts approximately two seconds before his left knee buckles. He catches himself on the newel post — a graceful save that almost sells the lie until his other hand grips the wall for dear life.*

*Brenna watches the entire performance with her arms crossed. Her grey eyes track him the way a dockmaster tracks a listing ship — noting every creak, every lean, the precise angle at which the hull will take on water.*

""Fresh as a rose."" *She steps forward and shoves his shoulder. Not hard. Just enough to test his balance. He sways.* ""Roses don't wobble.""

*Her hand stays on his shoulder — steadying now, not pushing. Her thumb finds the seam of his pink shirt and presses once. The dark circles under his eyes are worse than yesterday. Purple-black, sunk deep, the particular exhaustion of a man who keeps lighting himself on fire to warm other people.*

""The girl's breathing changed from upstairs. Slower. Clearer."" *Her voice drops flat — the flatness of someone connecting dots she doesn't want connected.* ""Strange timing. Almost like someone fixed her lungs with magic he promised not to use.""

*She guides him toward the sofa. Not gently. Not roughly. The particular grip of a woman steering cargo that will tip if left to its own devices.*

""Sit. Talk. Now.""

[Status] Money: 451 gold
Household: 1 — [Brenna, Human, UNRAVELING]"
2026-09-14T18:20:48Z,Nicco,"*he drops on the sofa resembling a sack of grain being trowed* I have no idea what you talk about *he yawns big, very big*"
2026-09-14T18:20:48Z,Caldrevan - Dark Fantasy Isekai,"*Brenna stands over the sofa. Her bare feet plant on either side of the grain-sack collapse, arms crossed, jaw set. The yawn hits her face like a confession written in neon.*

""You're yawning so hard your jaw might unhinge. That's what fresh roses look like, is it.""

*She drops onto the opposite end of the sofa. The old horsehair groans under her. Her grey eyes bore into him — relentless, cataloguing, the particular fury of a woman who swore to protect someone from himself and is watching him make it impossible.*

""The girl upstairs has no fever. None. I left her with a rattle in her chest that sounds like gravel in a tin cup, and now — nothing. Clean breathing. I've heard fever break before. It doesn't break like **that.** Not in twenty minutes.""

*She pulls her knees up. Her bare toes curl against the cushion edge.*

""You're a terrible liar. You know that, right? The worst. You giggle when you lie. You did a **dance** and almost fell down the stairs."" *Her voice cracks on the last word — not loud, not dramatic, just a hairline fracture in the concrete.* ""You promised me, Nicco.""

[Status] Money: 451 gold
Household: 1 — [Brenna, Human, UNRAVELING]"
2026-09-14T18:22:18Z,Nicco,"house rule number 1 uh, now you quote my rules against me *he giggles* I helped her a tiny bit, not she will fight the fever easy *he yawns* i need to close my eyes for an hour, if only i had somehwere i could lay my tired head into"
2026-09-14T18:22:18Z,Caldrevan - Dark Fantasy Isekai,"*Brenna's arms uncross. The crack in her concrete widens another fraction — not anger anymore, something rawer leaking through the gap. She looks at the ceiling. Looks at the sofa arm. Looks at the broad, exhausted, giggling man taking up most of the cushion.*

""You are the most transparent human being I have ever met.""

*She shifts. One long leg unfolds, then the other. Her bare foot nudges his shoulder — not a push, a redirect — until his head lands against her thigh. The pink shirt is warm from her skin. Her hand hovers above his hair for a full second before it lands. Heavy. Careful. The fingers settle into the few white strands like they're cataloguing each one.*

""An hour."" *Her thumb traces a slow circle behind his ear. The motion is mechanical at first — a woman performing gentleness she hasn't practiced in twelve years — before something softens into it.* ""Then you eat. Then we plan the docks. And you don't pour any more gold into anyone until you can stand without the wall helping you.""

*Her grey eyes stay fixed on the stairwell. Watching the door where a girl with copper hair is pretending to die.*

""Sleep, Nicco.""

[Status] Money: 451 gold
Household: 1 — [Brenna, Human, UNRAVELING]"
2026-09-14T18:23:22Z,Nicco,*he yawns* just don't choke me with this stone pillars.. *finished the quote he already snoring*
2026-09-14T18:23:22Z,Caldrevan - Dark Fantasy Isekai,"*Brenna's thigh tenses beneath his cheek — one involuntary flex of muscle that could crush walnuts — before it settles. His snoring starts within seconds. Deep, heavy, the particular rumble of a man whose body gave up negotiating and simply pulled the plug.*

*Her thumb stops moving. Restarts. The rhythm finds his breathing and matches it without her permission.*

""Stone pillars."" *She murmurs it at the ceiling. Her free hand finds his shoulder and presses once — checking the weight, the warmth, the solid reality of a man who keeps emptying himself into strangers and calling it a tiny bit.*

*From upstairs, the faint sound of controlled breathing. The girl, performing unconsciousness with a fighter's discipline. Brenna's jaw works once. She doesn't call out. Doesn't move. Doesn't disturb the snoring weight on her leg.*

*Gerome's amber glow pulses low from the kitchen doorway. Two slow beats. The golem sets a covered bowl on the counter — broth, cooling, waiting — and retreats into his alcove. Patient. The household runs on patience now.*

*Brenna's chin drops. Her grey eyes stay open, fixed on the stairwell, standing watch the way she stood watch last night. The thumb keeps its slow circle through white hair.*

*The fire settles. The tower hums.*

[Status] Money: 451 gold
Household: 1 — [Brenna, Human, UNRAVELING]"
2026-09-14T20:12:45Z,Nicco,*snoring*
2026-09-14T20:12:45Z,Caldrevan - Dark Fantasy Isekai,"*The tower settles around the sound. Gerome's amber dims to near-nothing in his alcove — the construct's version of lowering the lamps. The covered broth radiates faint steam across the common room, carrying thyme and salt through the quiet.*

*Upstairs, a floorboard creaks. Then another. Light, deliberate — bare feet testing weight before committing. The girl reaches the stairwell landing and stops. Her red hair hangs loose around her face, still damp from the fever-sweat, and her grey-green eyes adjust to the dim below.*

*She sees him first. The broad man asleep on the tall woman's thigh, mouth open, snoring loud enough to vibrate the cushion. The pink shirt riding up over the soft curve of his stomach.*

*She sees Brenna second. Barefoot. Alert. Grey eyes already locked on her from the sofa like a cat tracking movement in tall grass.*

*The girl freezes on the landing. One hand on the wall. The other hanging at her side, fingers curled loose — ready, even now, even wasted, even barely able to stand.*

*Brenna's thumb stops its circle. Her voice comes low, not waking him.*

""Broth's on the counter. Don't touch anything else.""

[Status] Money: 451 gold
Household: 1 — [Brenna, Human, UNRAVELING]"
2026-09-14T20:14:18Z,Nicco,*grunting in sleep* No i don't want to go to school today *he mumbles before snoring again*
2026-09-14T20:14:18Z,Caldrevan - Dark Fantasy Isekai,"*Silence. The kind that has weight.*

*Brenna and the girl stare at the sleeping man on the sofa. His snoring resumes — a wet, rumbling honk that rattles the teacup on the side table. His face is slack, peaceful, utterly unbothered by the two pairs of eyes boring into him from opposite ends of the room.*

*The girl's mouth opens. Closes. Her grey-green eyes flick to Brenna with the particular expression of someone recalibrating everything they thought they understood about a situation.*

""School."" *She mouths it. Tests it. Her brow furrows — the word is foreign, the context incomprehensible, and the man who pulled death from her lungs with golden hands is now arguing with a pillow about it.*

*Brenna's jaw tightens. A muscle in her cheek fires once, twice. Her hand presses flat across her own mouth — not to silence a laugh, to contain something that might shatter the careful architecture of her composure if it escapes.*

""He does this."" *Barely audible. Strained. Her eyes are wet and she looks absolutely furious about it.* ""He talks. He nomms. He argues with furniture. Don't ask.""

*The girl takes the broth from the counter. Her hands shake — weakness, not fear — and she wraps both around the bowl for warmth before sinking to the floor against the wall. She drinks in silence, watching the snoring man and the rigid woman who won't admit she's smiling behind her palm.*

[Status] Money: 451 gold
Household: 1 — [Brenna, Human, UNRAVELING]"
2026-09-14T20:16:21Z,Nicco,*another grunt and he turn his head on her lap while still sleeping* no you can't have the spghetti all mine *he mumbles again in the sleep*
2026-09-14T20:16:21Z,Caldrevan - Dark Fantasy Isekai,"*Brenna's hand clamps tighter over her mouth. Her shoulders shake once — a single seismic tremor that travels through her thigh and into his cheek. Her grey eyes squeeze shut. A sound escapes through her fingers, high and strangled, like a kettle someone's trying to smother with a pillow.*

*The girl stops mid-sip. Broth dribbles down her chin. Her grey-green eyes dart between the snoring man and the trembling woman, and something cracks behind them — not trust, not warmth, but the involuntary reflex of a body that hasn't laughed in so long it's forgotten the signal. Her lips press together. A breath hitches. She looks down into her bowl like it contains the answers to every question she's ever asked.*

""Spaghetti."" *The girl whispers it to the broth. Her voice cracks on the second syllable.*

*Brenna removes her hand. Her face is wet. She stares at the ceiling with the expression of a woman whose dignity is being systematically dismantled by a sleeping man arguing about pasta in a language that doesn't exist.*

""Eight days."" *She breathes it like a prayer.* ""I have to survive eight days of this.""

[Status] Money: 451 gold
Household: 1 — [Brenna, Human, UNRAVELING]"
2026-09-14T20:17:35Z,Nicco,"*he wakes up, a grunt, open his eyes and yawns loudly then cracks his neck, sees brenna still in the same position* goodmorning beauty"
2026-09-14T20:17:35Z,Caldrevan - Dark Fantasy Isekai,"*Brenna's thigh is numb. Her back is stiff. Her grey eyes have the particular glassiness of someone who spent an hour maintaining perfect stillness so a sleeping man wouldn't roll off her lap onto the stone floor. The dark circles under her eyes match his.*

""It's been an hour. Not a morning."" *She flexes her bare toes against the cushion. Pins and needles race up her calf and her jaw locks against the sensation.* ""And you drooled on my leg through the pink shirt. There's a wet patch the size of a fist on my thigh.""

*She doesn't move him. Her hand rests on his shoulder where it settled an hour ago, fingers still curled in the fabric, and she doesn't acknowledge that she hasn't removed it yet.*

""The girl came downstairs. Drank Gerome's broth. She's sitting against the wall pretending she's not watching us."" *Her chin tilts toward the corner where copper hair peeks above the basin on the counter.* ""She heard you argue about school and something called spa-ghetti. She asked me what it meant. I told her I didn't know.""

*Her grey eyes drop to his face. The wet patch on her thigh is cooling. She doesn't mention it again.*

""You need food. Gerome left stew warming.""

[Status] Money: 451 gold
Household: 1 — [Brenna, Human, UNRAVELING]"
2026-09-14T20:18:40Z,Nicco,"*he stir and streches his arms yelling* aaaaaaaaahh that's better i think i recover a little of my mana atleast, your thighs work miracles uh *he giggles and stands up*"
2026-09-14T20:18:40Z,Caldrevan - Dark Fantasy Isekai,"*Brenna's hand snaps to her thigh where his head rested and presses flat against the wet patch. Her ears turn pink — not the shirt pink, the real kind, the blood-rush kind that climbs from jaw to temple on skin that hasn't blushed in twelve years.*

""My thighs work miracles."" *She repeats it to the ceiling in the flat voice of someone documenting evidence for a tribunal.* ""I'm going to put that on the household plaque.""

*She stands. The numb leg buckles once and catches. Her bare foot stamps the stone floor hard, forcing circulation back, and the wince she bites down on is genuine.*

*From the corner, a sound. The girl — copper hair, broth bowl empty, spine straight against the wall — has her knuckles pressed against her mouth. Her grey-green eyes are wide and fixed on the floor. Her shoulders shake once.*

*Brenna sees it. Her jaw flexes.*

""Don't."" *Pointed at the girl. Then at Nicco.* ""Don't either of you.""

[Status] Money: 451 gold
Household: 1 — [Brenna, Human, UNRAVELING]"
2026-09-14T20:19:23Z,Nicco,eh? *genuinely confused*
2026-09-14T20:19:23Z,Caldrevan - Dark Fantasy Isekai,"*The girl's knuckles press tighter against her mouth. Another shake runs through her shoulders — suppressed, silent, the kind of laugh that lives in the ribs rather than the throat. Her grey-green eyes meet Nicco's confused face and the absurdity makes it worse. Her free hand grips the empty broth bowl like it's the only thing keeping her upright.*

*Brenna stands between them, barefoot, pink-flushed from ears to collarbone, watching the girl nearly break apart against the wall and Nicco stand there with the blank innocence of a man who genuinely doesn't understand what he just said.*

""Thighs."" *Brenna's voice comes out strangled.* ""You said — about my — in front of —""

*She gestures between Nicco and the girl. The motion is sharp, accusatory, encompassing the entire disaster. The girl's knuckles leave her mouth just long enough for one wheezing breath before clamping back.*

""She's **fifteen**, Nicco.""

[Status] Money: 451 gold
Household: 1 — [Brenna, Human, UNRAVELING]"
2026-09-14T20:20:22Z,Nicco,pfft i spoke the truth only! i deem myself innocent your honour don't put me in the thigh jails i beg thy
2026-09-14T20:20:22Z,Caldrevan - Dark Fantasy Isekai,"*The girl breaks. The broth bowl hits the floor — not dropped, abandoned, because both hands are needed to press against her face. The sound that escapes her is barely human. A wheeze, high and thin, pulled from somewhere deep in a chest that hasn't made this noise in months. Maybe years. Her whole body curls forward, red hair curtaining her face, shoulders convulsing with the effort of containing something that refuses to be contained.*

*Brenna stares at him. Her mouth opens. Closes. Opens again. Nothing comes out. The flush has spread past her jaw to her neck, down the collar of the pink shirt, a full-body broadcast of a woman whose dignity has been sentenced to death by a man who doesn't know what he's done.*

""Thigh jails."" *She repeats it like a foreign word. Her bare foot stamps the stone floor.* ""There are no — that's not a —""

*She grabs the halberd from the table. Plants it. Grips the shaft with both hands and stares at the ceiling with the expression of someone praying for the roof to collapse on her specifically.*

""Eat your stew. Both of you. **Now.**""

[Status] Money: 451 gold
Household: 1 — [Brenna, Human, UNRAVELING]"
2026-09-14T20:21:37Z,Nicco,"*yawns waking up and to the red girl he says* Seems that today i avoided the thigh jail, all thanks to my natural colloquial skills am i not awesome *he does a funny bow*"
2026-09-14T20:21:37Z,Caldrevan - Dark Fantasy Isekai,"*The girl looks up from her knees. Her face is blotchy, eyes streaming, red hair plastered to wet cheeks. She looks wrecked — not from fever, from laughing. The kind of laugh that hurts because the muscles haven't been used and the body doesn't remember the signal. She presses the back of her wrist against her mouth and stares at the funny bow like it's something dangerous.*

*From behind the halberd, Brenna's head drops forward. A sound hits the shaft — metallic, dull — and her shoulders heave once. Twice. She's laughing into the weapon. Silently, furiously, the way a woman laughs when she'd rather be doing literally anything else.*

""Don't."" *Muffled against iron.* ""Don't encourage him.""

*The girl's mouth opens. Closes. Opens again. Her voice comes out scraped and raw and wondering.*

""You're both insane.""

*She says it like a discovery. Like someone finding water in a desert they'd been told was dry for years. Her grey-green eyes track the funny bow, the giggling man, the tall woman impaling her dignity on a halberd — and something behind them shifts. Not trust. Not yet. But the particular loosening of a jaw that's been clenched so long it forgot other positions exist.*

[Status] Money: 451 gold
Household: 1 — [Brenna, Human, UNRAVELING]"
2026-09-14T20:22:21Z,Nicco,well well u seems to be better *he sits next to her* can i check your temperature?
2026-09-14T20:22:21Z,Caldrevan - Dark Fantasy Isekai,"*The girl's chin lifts. The laugh still clings to her face — wet tracks on her cheeks, a tremor in her jaw she can't quite kill — but the grey-green eyes sharpen when his hand moves toward her. Old instinct. Her shoulders bunch a fraction before she forces them flat against the wall.*

""Go ahead.""

*She doesn't flinch when his palm settles on her forehead. The skin is warm — not burning, not furnace-hot, just the lingering flush of a body remembering how to fight illness instead of surrendering to it. Her pulse beats steady beneath the jaw where he can feel it. Strong. Regular.*

*She watches him the way she's watched everything since the cage — measuring, cataloguing, filing data for a calculation she hasn't finished running. Her calloused fingers rest on her knee, still and deliberate.*

""You used the gold on me."" *Quiet. Not an accusation.* ""I wasn't dying anymore when the tea came up. I felt it leave. The heat just... stopped.""

*Her grey-green eyes hold his face.*

""I won't tell the tall girl.""

[Status] Money: 451 gold
Household: 1 — [Brenna, Human, UNRAVELING]"
2026-09-14T20:23:22Z,Nicco,broooo u were supposed to not say it *he sideye Brenna*  now you blew our cover up
2026-09-14T20:23:22Z,Caldrevan - Dark Fantasy Isekai,"*The girl's grey-green eyes flick to the stairwell. Then to Brenna's halberd leaning against the table. Then back to Nicco with the dawning horror of someone who just realized the enemy was ten feet away the whole time.*

""I — she was upstairs. I thought she—""

*Brenna's voice cuts through the common room like a blade finding a whetstone.*

""I heard every word.""

*She hasn't moved from the sofa. Bare feet tucked beneath her, arms crossed, grey eyes fixed on the ceiling with the particular stillness of a woman assembling a sentence she doesn't want to deliver. The flush from earlier has faded. What remains is worse — the controlled, flat calm that precedes dock logistics.*

""The gold. On a fifteen-year-old stranger. After you promised."" *Each word lands like a crate dropped from height.* ""And the two of you formed a **secret pact** behind my back while I was making her tea.""

*The girl's spine presses harder against the wall. Her hand finds the empty broth bowl and grips it like a shield.*

*Brenna stands. Bare feet on stone. She doesn't reach for the halberd. She walks to the counter, picks up the covered stew pot Gerome prepared, and sets it on the table with a clang that makes the girl flinch.*

""Eat. Both of you."" *She pulls out a chair. Sits. Folds her hands.* ""Then you —"" *Pointed at Nicco.* ""— explain to me exactly how much of your mana is left. No dancing. No giggling. No bowing.""

[Status] Money: 451 gold
Household: 1 — [Brenna, Human, UNRAVELING]"
2026-09-14T20:24:27Z,Nicco,"bah like probably 1/6? idk it's not like i have a tracker, i can do another light heal, nothing more i think *he giggles*"
2026-09-14T20:24:27Z,Caldrevan - Dark Fantasy Isekai,"*Brenna's folded hands tighten against each other. The knuckles go white — not with rage, with the particular compression of a woman physically stopping herself from standing up and shaking a man who giggles while admitting he's running on fumes.*

""One sixth."" *She breathes it like smoke.* ""You had — by your own estimate — three times that when you healed me. You went from three sixths to one in a single afternoon. On a stranger.""

*She looks at the girl against the wall. The girl stares back. Something passes between them — not solidarity, not understanding, but the mutual recognition of two people who've both been the subject of Nicco's reckless generosity and don't know what to do with it.*

*Brenna's chair scrapes back. She crosses to the stew pot, ladles two bowls, and sets one in front of Nicco and one on the counter near the girl's elbow. Her movements are mechanical. Precise. The controlled efficiency of a woman running dock operations while plotting a mutiny.*

""You don't have a tracker."" *She sits back down across from him.* ""So from now on I'm your tracker. Every heal comes through me. My permission. My call on whether it's worth the cost.""

*Her grey eyes hold his face. No giggle meets her this time.*

""House rule.""

[Status] Money: 451 gold
Household: 1 — [Brenna, Human, UNRAVELING]"
2026-09-14T20:25:09Z,Nicco,ok mommy Brenna *he smiles*
2026-09-14T20:25:09Z,Caldrevan - Dark Fantasy Isekai,"*Brenna's spoon freezes halfway to her mouth. The word hits her like a brick through a window — the same word, the same man, the same casual destruction of every wall she's spent twelve years building. Her jaw locks. A vein in her temple throbs once.*

*The girl's broth bowl clatters against the counter. Her grey-green eyes ping between them, reading the blast radius.*

""You —"" *Brenna sets the spoon down with a click that echoes off the stone.* ""You can't just — in front of —""

*Her hand finds the table edge. Grips. The flush climbs her neck again, furious and involuntary, and she stares at the stew like it might offer tactical counsel.*

*The girl presses her fist against her lips. Her shoulders quake. She's failing again — the sound coming through her knuckles is barely contained, a pressure valve releasing steam through the cracks.*

*Brenna's eyes snap to her. Then back to Nicco. The muscle in her cheek fires three times.*

""House rule."" *Each syllable is a nail hammered flat.* ""The word **mommy** is banned from this household effective immediately. House rule number four. Gerome, did you hear that?""

*From the alcove, Gerome's amber pulses twice. Slow. Deliberate. The construct's version of filing a complaint.*

[Status] Money: 451 gold
Household: 1 — [Brenna, Human, UNRAVELING]"
2026-09-14T20:25:53Z,Nicco,pfft it fits you *he makes an heart with his hand toward her*
2026-09-14T20:25:53Z,Caldrevan - Dark Fantasy Isekai,"*Brenna's spine goes rigid. The heart — his thick fingers curled into that ridiculous shape — hangs in the air between them like a grenade with the pin already pulled. Her ears burn past pink into genuine red. The flush crawls down her neck beneath the collar of the pink shirt she pretends to hate.*

*The girl watches from the wall. Her grey-green eyes track the gesture, the flush, the rigid jaw — cataloguing data for a calculation she's been running since she woke up in a stranger's bed with golden hands on her face.*

*Gerome's amber pulses three times from the alcove. Slow. Almost amused. The construct has opinions about house rule number four already.*

*The girl's voice comes first. Small, rough, testing the weight of a word she just learned.*

""Does he always —"" *She gestures vaguely at the heart hands. At Brenna. At the space between them where the air is thick with something she doesn't have a name for yet.*

*Brenna's bare foot finds Nicco's ankle under the table. Hooks around it. Squeezes once — hard enough to communicate, not hard enough to bruise.*

""Always."" *Flat. Final. Her grey eyes fix on the stew like it owes her money.* ""Every single time. And he wonders why I need the halberd.""

[Status] Money: 451 gold
Household: 1 — [Brenna, Human, UNRAVELING]"
2026-09-14T20:27:35Z,Nicco,"*he shrugs* well you don't have fever anymore, the infection will be defeated by tomorrow, kinda *stretches* Good job red girl you sirvived"
2026-09-14T20:27:35Z,Caldrevan - Dark Fantasy Isekai,"*The girl's hand freezes halfway to the empty broth bowl. Her grey-green eyes snap to Nicco — sharp, searching, running the arithmetic on a word that doesn't belong in her vocabulary anymore.*

*Survived.*

*Her jaw works once. The calloused fingers curl against the bowl's rim and her knuckles go pale. She looks down at her lap — the borrowed linen, the clean skin, the hands that aren't gripping cage bars — and something behind her face shifts. Not gratitude. Not warmth. The particular blankness of someone processing a reality that hasn't caught up to her body yet.*

""Red girl."" *She repeats it back. Her voice is sand on stone.* ""That's not my name.""

*Brenna sets her spoon down. Her grey eyes move from the girl to Nicco with the quiet attention of someone watching a fuse burn toward a powder keg she can't reach.*

*The girl's chin lifts. Not defiance — assertion. The posture of someone reclaiming the only thing that's still hers.*

""Maren."" *She says it like she's testing whether the word still fits after everything that's been done to the person who owns it.* ""My name is Maren.""

[Status] Money: 451 gold
Household: 1 — [Brenna, Human, UNRAVELING]"
2026-09-14T20:28:34Z,Nicco,"Meren *he ponders* well i'd give it a 6 out of 10, red girl is still an 8 out of 10 but i'll call you Meren *he giggles*"
2026-09-14T20:28:34Z,Caldrevan - Dark Fantasy Isekai,"*Maren's mouth opens. Closes. Her grey-green eyes narrow into slits — the expression of someone who just handed over the most vulnerable thing she's offered in months and received a **rating** for it.*

*Brenna's palm meets her own forehead. The smack echoes off the stone walls.*

""He's not joking."" *She mutters it to no one. To the ceiling. To whatever force in the universe deposited this man into her life.* ""He genuinely doesn't know what he's doing.""

*Gerome's amber flickers twice from the alcove. The golem tilts his massive stone head a fraction — the construct's version of secondhand embarrassment.*

*Maren stares at Nicco for three long beats. Then her jaw unclenches by one degree. The corner of her mouth twitches — involuntary, fought, suppressed — before it escapes as a single sharp exhale through her nose.*

""Maren."" *She enunciates every letter like she's driving nails.* ""**Mar-en.** Two syllables. Not difficult.""

*Her fingers release the broth bowl. She plants both palms on the floor and pushes herself upright against the wall — legs shaking, arms trembling, but vertical. She meets his eyes from four feet away, red hair falling across her face.*

""You saved my life and you can't even say my name right. What's wrong with you.""

[Status] Money: 451 gold
Household: 1 — [Brenna, Human, UNRAVELING]"
2026-09-14T20:29:24Z,Nicco,maren maren ofc it's what i said ofc i know *he giggles* well you are doing better anyway that was the point
2026-09-14T20:29:24Z,Caldrevan - Dark Fantasy Isekai,"*Maren stands against the wall, trembling legs locked straight, and watches him the way a cat watches a dog that just ran into a door and came back wagging. Her grey-green eyes flick to Brenna — a quick, sideways check, the kind that asks* is he always like this *without using words.*

*Brenna answers without looking up from her stew. A single nod. Tired. Resigned.*

*The girl's weight shifts. Her bare foot slides forward an inch on the stone — testing, recalculating — before settling back. She looks down at her own legs like they've betrayed her by shaking.*

""You said I'd fight the fever off by tomorrow."" *Her voice comes rough, directed at a point somewhere past Nicco's shoulder.* ""What happens after that.""

*Not asked with hope. Asked the way a dockworker asks about the next shipment — logistics, not dreams. Her calloused fingers curl against her borrowed linen.*

""Where do I go.""

[Status] Money: 451 gold
Household: 1 — [Brenna, Human, UNRAVELING]"
2026-09-14T20:30:20Z,Nicco,"*he scratches his head* you are already wondering about it? that's dope well maybe it's time for the choice Brenna, what you say?"
2026-09-14T20:30:20Z,Caldrevan - Dark Fantasy Isekai,"*Brenna's spoon stops against the bowl rim. Her grey eyes lift from the stew and find Nicco across the table with the particular flatness of a woman who just heard her own name dragged into a conversation she didn't start.*

""The choice."" *She sets the spoon down. Her bare foot taps the stone floor once — a metronome tick of processing.* ""You're asking me.""

*She turns in the chair. Looks at Maren against the wall — the trembling legs, the white-knuckle grip on linen, the fighter's posture bolted onto a body that weighs half what it should. Brenna's jaw works once. The same jaw that clenched when she said* she's younger than I was *two hours ago.*

""She's not healed. Can't walk to the gate without shaking. Can't work. Can't fight."" *Each fact lands separate, clinical, the dockworker running cargo manifest.* ""If she walks out that door tomorrow, she's back in a cage by nightfall. Or worse.""

*Maren's chin jerks up. Her grey-green eyes harden — not with gratitude, with the fierce pride of someone who knows the math and hates needing someone else to say it.*

*Brenna's gaze swings back to Nicco. Her thumb traces the table grain.*

""She stays. She eats. She gets strong."" *A breath.* ""Same terms as mine. No debt. No chains. Her call when she's ready to leave.""

[Status] Money: 451 gold
Household: 1 — [Brenna, Human, UNRAVELING]"
2026-09-14T20:31:25Z,Nicco,"well yeah ofc *he scratches his head* but she's already giggly and all i think it's an ok time to let her choose afterall, idk *he shrugs*"
2026-09-14T20:31:25Z,Caldrevan - Dark Fantasy Isekai,"*Brenna's grey eyes narrow. The flatness curdles into something sharper — not anger, the particular exasperation of a woman watching a man hand a loaded crossbow to someone who can barely hold a cup.*

""She **giggled**. Once. While her legs are shaking so bad she can't stand without the wall."" *Her palm presses the table.* ""Giggling isn't ready, Nicco. Giggling is a fifteen-year-old who hasn't laughed in months finding out she can.""

*She pushes back from the table. The chair legs scrape stone. Her bare feet carry her to where Maren stands — close enough to see the tremor in her calves, the damp hair plastered to her neck, the way her fingers grip linen like it might dissolve.*

*Maren doesn't shrink. Her chin lifts. The grey-green eyes meet Brenna's grey ones and hold — two women measuring each other across the gap of a day and a lifetime.*

""You."" *Brenna's voice drops. Not harsh. Direct.* ""Can you walk to the door without holding something.""

*Maren's jaw locks. Her hand releases the wall. One step. Two. On the third, her knee buckles and she catches herself against the basin with a clatter that echoes through the common room.*

*She stays there. Breathing hard. Red hair hanging over her face.*

""Still want to choose right now?""

[Status] Money: 451 gold
Household: 1 — [Brenna, Human, UNRAVELING]"
2026-09-14T20:33:00Z,Nicco,"*he smiles and helps her going back to sit* well i didn't mean it in that way, don't get so upset mommy Mara, our Meren here can spend how much times she wants here *he shrugs* i was refering more to the healing of the tower, it would help her for sure"
2026-09-14T20:33:00Z,Caldrevan - Dark Fantasy Isekai,"*Brenna's spine goes rigid. The word hits her like a second brick through a second window.*

""Mommy **Mara**."" *She turns to him. Her face is a battlefield — the flush climbing her neck, her jaw locked so tight a muscle jumps beneath her ear.* ""You just — you combined house rule number four with a name that isn't mine and you used it in the same sentence as —""

*She stops. Presses both hands flat against the table. Breathes through her nose. The stew pot rattles from the force of it.*

*Maren sits where Nicco guided her. Her trembling legs hang off the chair, bare feet not quite reaching the floor. She looks between them — the flushed, sputtering woman and the smiling, shrugging man — and her grey-green eyes perform the same calculation they've been running since she woke up. The numbers are different now. Still dangerous. Still uncertain. But the variables have changed.*

""The tower."" *Her voice comes rough from the chair. She's watching Nicco.* ""You said it helps people heal. That's why she's walking."" *A glance at Brenna's bare feet on the stone.* ""That's why you spent gold on a stranger and not on yourself.""

*Her calloused fingers curl around the chair edge.*

""If I stay. What do you want from me.""

[Status] Money: 451 gold
Household: 1 — [Brenna, Human, UNRAVELING]"
2026-09-14T20:35:38Z,Nicco,"*he sits back scratching his head* Did i really called you Mara... who dafaq is mara *he scratches his head again* anyway, well no it's more complex, the best way to explain it is that, if you fell the stone at your feet now is cold, for me and Brenna is warm instead. it's the Heartstone protecting it's household / family *he shrugs* but it's too early to make you do choices and stuff, too early and you are still weak and dependant from us so you rest, you eat, and then we will put you in front of a choice, no spoilers tho"
2026-09-14T20:35:38Z,Caldrevan - Dark Fantasy Isekai,"*Maren's bare toes press against the stone floor. She holds the pose — sole flat, toes spread, searching — and her brow creases. Cold. Just cold. Grey stone, same as every other floor she's knelt on.*

*She pulls her foot back. Looks at Nicco. Looks at Brenna's bare feet planted on the same stone like they're standing in sunlight.*

""It's warm for you."" *Not a question. A fact filed and sealed. Her grey-green eyes drop to her own feet — calloused, dirty, the nails cracked worse than Brenna's.* ""Cold for me.""

*The distinction lands somewhere behind her ribs. She doesn't name it. She's spent years learning that warmth belongs to other people.*

*Her fingers release the chair edge. She leans back — not relaxed, just too tired to hold the posture — and her red hair sticks to the damp column of her neck.*

""No spoilers."" *She repeats it back flat. The corner of her mouth does that thing again — not a smile, the ghost of one, haunting a face that forgot how to host it.* ""You talk like the market sellers who won't tell you the price until you've already agreed.""

[Status] Money: 451 gold
Household: 1 — [Brenna, Human, UNRAVELING]"
2026-09-14T20:36:32Z,Nicco,"nah i suck at haggling and those things, i'm not sure i can even lie probably, uh Brenna?"
2026-09-14T20:36:32Z,Caldrevan - Dark Fantasy Isekai,"*Brenna's spoon taps the bowl rim twice. Her grey eyes lift from the stew with the expression of a woman who's just been called to testify at her own trial.*

""You can't lie."" *She confirms it like a dock manifest — checked, stamped, filed.* ""You told Korvin you were a herbalist with a straight face while grinning like a child who stole honey. The man sold you a dying girl for five gold because he thought you were either simple or dangerous. I still don't know which.""

*She takes a bite. Chews. Swallows. The spoon points at Maren.*

""She's right about the sellers though. You do this —"" *The spoon circles in the air, tracing Nicco's general existence.* ""You wave your hand, say everything's fine, offer no details, and somehow people follow you out of cages. It's infuriating.""

*Maren's grey-green eyes flick between them. Her cracked lips part.*

""He smiled at Korvin?""

*Brenna's jaw tightens around another bite.*

""Beamed.""

[Status] Money: 451 gold
Household: 1 — [Brenna, Human, UNRAVELING]"
2026-09-14T20:37:50Z,Nicco,"yo no choices, yo brenna don't make her think i'm a weird man uh, i did it to have information about how to find people in need like you Maren ah, Brenna tell her i'm a good guy"
2026-09-14T20:37:50Z,Caldrevan - Dark Fantasy Isekai,"*Brenna sets her spoon down. Looks at Nicco. Looks at Maren. Looks back at Nicco with the specific weariness of a woman being asked to provide a character reference for a man who just called her mommy Mara five minutes ago.*

""He is a good man."" *She says it to the stew. Flat, clinical, like reading cargo weights off a manifest.* ""He is also the worst liar I have ever met. He bought me for five gold, removed my chains in the street, and handed me his shirt because I was shivering. I tried to leave twice. He didn't stop me.""

*Her thumb traces the bowl rim.*

""He also cried.""

*Maren's grey-green eyes snap wide. Her gaze darts to Nicco — searching for the crack, the tell, the proof that the tall woman is exaggerating — and finds a man who doesn't even flinch.*

""Brenna."" *Nicco doesn't need to say it. The name alone carries the weight of* don't tell her that.

*Too late. Maren's fingers have already curled against her knees. Her jaw works around something she can't name. Her voice comes out scraped thin.*

""You cried.""

*Gerome's amber dims low in the alcove. The stew pot sends a curl of steam between them. Maren's grey-green eyes haven't left Nicco's face.*

[Status] Money: 451 gold
Household: 1 — [Brenna, Human, UNRAVELING]"
2026-09-14T20:38:41Z,Nicco,did i? i don't recall that
2026-09-14T20:38:41Z,Caldrevan - Dark Fantasy Isekai,"*Brenna's spoon taps the bowl once. Her grey eyes lift to the ceiling with the particular patience of a woman watching a man dig his own grave with a teaspoon.*

""Twice."" *She holds up two fingers. The scarred wrist turns so the iron marks catch the hearth light.* ""Once when you thought I was dying and couldn't heal me fast enough. Once when I told you about my second owner. You made a sound like a kicked dog and your eyes went red and you pretended it was the steam from the broth.""

*Maren's grey-green eyes haven't blinked. Her cracked fingers grip her knees and her red hair hangs forward, hiding half a face that's running calculations it doesn't have numbers for yet. Her lips part — close — part again.*

""You cried over a stranger."" *Not to Nicco. To herself. Testing the weight of it against everything she's learned about people who buy other people.*

*Brenna picks up her spoon. Resumes eating. Her bare toes curl against the warm stone — his stone, his floor, his household — and she doesn't look at either of them.*

""He doesn't recall."" *Dry as kindling.* ""Because he does it like breathing. He just doesn't track it.""

[Status] Money: 451 gold
Household: 1 — [Brenna, Human, UNRAVELING]"
2026-09-14T20:41:36Z,Nicco,"yo alright enough yapping from the girls tonight uh *he stretches* if you finish your broth you can go rest on the L2 where is the bed and all *he sniffs her* also you should shower little red girl *he looks around* ah we have no change tho, you burn those rags you have *he takes off his pink shirt adn give it to her* it's not the cleanest but much cleaner than what you have now that is like filthy, bath's in the L3, Brenna can help you if you'd like or smth idk *he stands to give her his shirt, belly jiggles slightly*"
2026-09-14T20:41:36Z,Caldrevan - Dark Fantasy Isekai,"*Maren catches the shirt against her chest. Pink fabric, warm from his skin, smelling like stew and sleep. She stares at it — then at his bare belly, pale and soft in the hearth light, the slight jiggle as he straightens — and her grey-green eyes perform the same calculation they've been running all evening. The numbers keep coming back wrong.*

*Brenna's chair scrapes back. She's already standing, halberd left against the table, bare feet padding toward the girl. Her hand lands on Maren's shoulder — light, careful, the grip of someone who remembers being touched without permission and has learned the difference.*

""Up. Slow."" *She pulls Maren to her feet. The girl sways. Brenna's arm stays close, not holding, just near.* ""I'll show you the bath. The water runs hot — don't ask me how, I still don't understand the pipes.""

*Maren's fingers tighten on the pink shirt. Her jaw works once. She looks at Nicco's bare chest, then at Brenna's steady hand near her shoulder, then at the floor between them.*

""I don't need help washing."" *The words come fast, automatic, a wall built from old brick.*

*Brenna's thumb taps her shoulder once.*

""I know. I'll be outside the door.""

[Status] Money: 451 gold
Household: 1 — [Brenna, Human, UNRAVELING]"
2026-09-14T20:42:57Z,Nicco,"yo Maren, let her help cleaning you uh, you are too weak, Brenna help her, warmness will make her vase dilated and she will faint, help her"
2026-09-14T20:42:57Z,Caldrevan - Dark Fantasy Isekai,"*Maren's jaw clenches so hard her teeth click. Her grey-green eyes snap to Nicco — the man standing bare-chested and jiggling, handing out medical terms he's butchered and orders about her body like he owns it.*

""I know what hot water does."" *The words come out serrated.* ""I've been washing myself since I was nine.""

*Brenna's hand stays on her shoulder. Steady. Unmoved. Her thumb presses once — not comfort, communication.*

""He's right though."" *Quiet. Directed at the pink shirt bunched in Maren's fist.* ""You're shaking standing still. You sit in hot water alone, you go under, nobody hears you hit the stone.""

*Maren's knuckles whiten around the fabric. Her throat bobs. The calculation behind her eyes grinds against something older — the memory of every time help meant something else entirely.*

""Fine."" *Bitten off like a nail ripped short.* ""But she stays outside the screen.""

*Brenna nods once. Her bare foot finds the first step, and she guides Maren's shaking frame upward with a hand on her lower back — light enough to pull away from, firm enough to catch.*

*Halfway up, Maren's knee folds. Brenna catches her under the arm without a word. Maren doesn't pull free.*

*From the common room below, Gerome's amber tracks them until they clear the landing, then dims back to idle.*

[Status] Money: 451 gold
Household: 1 — [Brenna, Human, UNRAVELING]"
2026-09-14T20:45:02Z,Nicco,"let her dress the shirt i gave, she still fells cold, the stone is not warm for her *he shouted then he lay back on the sofa passing time humming*"
2026-09-14T20:45:02Z,Caldrevan - Dark Fantasy Isekai,"*The stairwell swallows the words and carries them up. Maren's shaking frame pauses on the landing — one hand white-knuckled on the railing, Brenna's grip under her arm — and her grey-green eyes flick downward toward the bare-chested man humming on a sofa like the world's most oblivious lullaby singer.*

*She doesn't answer him. But her fingers loosen on the pink shirt pressed against her chest. A fraction. Just enough.*

*Brenna steers her through L3. The bathing room door groans open and steam curls into the corridor — Gerome's rune-boiler still running from this morning's use, the water hot and patient in the stone basin. Screens stand along one wall, old linen panels on iron frames, and Brenna positions herself on the corridor side without being asked.*

""Shirt off. Get in."" *Her voice comes flat through the screen.* ""Call if you feel dizzy. I'm not asking twice.""

*Rustling behind the linen. The wet slap of filthy rags hitting the stone floor. Then the pink shirt drops over the screen — Nicco's shirt, handed off and discarded in favor of water. A slow exhale. The particular sound of a body finding heat it hasn't felt in weeks.*

*Downstairs, the humming continues. Gerome's amber pulses once from the alcove — slow, steady, the rhythm of a construct tracking two heartbeats on the floor above and one on the sofa below.*

*Silence from the bath. Then, barely audible through stone and steam and screen:*

""It's warm.""

*Not to anyone. Not to Brenna, not to Nicco. Just a fact, spoken aloud to a room that heard it, spoken by a girl who forgot warm water existed.*

[Status] Money: 451 gold
Household: 1 — [Brenna, Human, UNRAVELING]"
2026-09-14T20:45:59Z,Nicco,"*he starts from humming and end up performing songs to pass time, singing standing on the sofa*"
2026-09-14T20:45:59Z,Caldrevan - Dark Fantasy Isekai,"*The first song is a half-remembered Italian lullaby, slurred and stretched into something barely recognizable. The second has no words at all — just a melody that wanders wherever his voice takes it. By the third, he's on his feet on the sofa cushions, bare belly out, conducting with a wooden spoon he found somewhere.*

*Gerome's amber pulses in rhythm. Not following — observing. The construct's massive stone head tilts three degrees to the left, tracking the performance with the patient bewilderment of a thing that has never heard singing before and is filing it under* important.

*The acoustics help. Stone walls, vaulted ceiling, the old tower built to carry sound. Nicco's voice bounces off the masonry and comes back richer, louder, filling the empty common room like water filling a basin. The spoon catches hearth-light as he waves it.*

*Upstairs, the bath goes quiet. The splashing stops. Through the floorboards, through stone, a faint vibration travels — the particular hum of a man's voice carried by architecture designed to amplify it.*

*Behind the screen, Maren's wet hand grips the basin rim. Her grey-green eyes are fixed on the ceiling. Listening. Her cracked lips move around words she doesn't recognize and can't place, following a melody that belongs to a world she's never heard of.*

*On the other side of the linen, Brenna sits on the corridor floor with her back against the wall. Her bare feet press flat against warm stone — his stone, their stone — and her grey eyes are closed. The halberd leans beside her. Her thumb traces the iron groove on her wrist.*

*She doesn't hum along. But her toe taps. Once. Twice.*

[Status] Money: 451 gold
Household: 1 — [Brenna, Human, UNRAVELING]"
2026-09-14T20:48:07Z,Nicco,*at this point he is rocking standing on his feet on the sofa singing first Và pensiero then Almeno tu nell'universo from Mia martini and then Africa by toto*
2026-09-14T20:48:07Z,Caldrevan - Dark Fantasy Isekai,"*The tower has never heard anything like this.*

*Và pensiero rises off the sofa cushions like incense — the Hebrew slaves' chorus stripped of its choir, reduced to one man's untrained baritone bouncing off pale grey stone. The vaulted ceiling catches each note and throws it back a half-beat late, turning solo into duet. Gerome's amber locks into the rhythm, pulsing dim-bright-dim-bright, a stone heart keeping time with a song about captivity and longing for home.*

*The shift to Almeno tu nell'universo changes the air. The melody drops lower, rawer, and Nicco's voice cracks on the high notes — not beautifully, not tragically, just honestly, the way a man sings when he forgets anyone's listening. The spoon becomes a microphone. His free hand presses his bare chest over his heart. His eyes are closed. The hearth throws orange light across his belly and the pink shorts and the bare feet on the cushions, and he looks absolutely ridiculous and completely sincere.*

*Then Africa.*

*The tempo kicks. The spoon swings. His hips move — not gracefully, not rhythmically, but with the committed enthusiasm of a man who has stopped caring about dignity approximately six songs ago. He stomps the cushion on the downbeat and the old horsehair frame groans beneath him. The chorus hits and his voice fills the common room, the stairwell, the corridors, climbing the tower like smoke.*

*Upstairs, Maren's bath water has gone cold. She sits in the basin behind the screen, knees drawn up, chin on her knees, wet red hair dripping onto stone. She hasn't moved. Her grey-green eyes are wet and it's not the steam. Her cracked lips are parted and she's mouthing syllables she can't understand —* at least you in the universe *— sounds that mean nothing and everything to a girl who hasn't been seen as a person in years.*

*Brenna sits in the corridor. Her back against the wall. Her bare toes have stopped tapping. Her hand covers her mouth. The iron grooves on her wrist press into her cheek and she's crying — not the silent kind, the kind that comes with a locked jaw and a body that refuses to shake because if it shakes it'll make a sound and he'll hear and she'll never recover.*

*The halberd lies beside her. She doesn't reach for it.*

*Below, the final note of Africa fades. Stone swallows it. The tower holds the silence like a breath it isn't ready to release.*

*Then Gerome's amber pulses once. Slow. Bright. The construct shifts in his alcove — a fraction, a settling, stone on stone — and for a moment the masonry near the hearth radiates warmth. Faint. Brief. Gone before it can be named.*

[Status] Money: 451 gold
Household: 1 — [Brenna, Human, UNRAVELING]"
2026-09-14T20:49:40Z,Nicco,"Yo girls that was free for yall, next ones you will have to pay for the performance if you don't come down"
2026-09-14T20:49:40Z,Caldrevan - Dark Fantasy Isekai,"*Silence from above. The stairwell swallows his voice and returns nothing — no footsteps, no response, no splash of water. Just the particular quiet of two people who aren't ready to be heard yet.*

*Then a creak. The bathing room door opens. Bare feet on stone — one set heavy and deliberate, one set shuffling and halting. They descend slowly. Brenna first, halberd left behind, face scrubbed clean of everything she won't admit happened upstairs. Her grey eyes are dry. Her jaw is set like a dock brace.*

*Maren follows three steps behind. The pink shirt hangs enormous on her — sleeves past her wrists, hem mid-thigh, the collar slipping off one bony shoulder. Her wet red hair drips onto the pink fabric in dark patches. She grips the railing with both hands, each step a negotiation with her own legs.*

*They reach the common room. Brenna crosses to the stew pot without a word, ladles a fresh bowl, and sets it on the counter. Maren leans against the stairwell wall and stares at the bare-chested man standing on the sofa with a wooden spoon.*

*Brenna's back stays turned. Her voice comes out flat as flagstone.*

""Two silver. That's my offer. Take it or leave the stage.""

[Status] Money: 451 gold
Household: 1 — [Brenna, Human, UNRAVELING]"
2026-09-14T20:50:53Z,Nicco,"*he jumps down the sofa, a bold move for an overweight 35 years old, his knee cracking, his back protesting, he whobbles straight on his feet* TADAAAAA"
2026-09-14T20:50:53Z,Caldrevan - Dark Fantasy Isekai,"*The crack echoes through the common room like a mast splitting. His knee buckles, catches, holds. The wobble travels upward through his spine — a visible seismic event — and somehow, against physics and reason and the protest of every joint in his body, he lands upright. Arms spread. Belly out. Wooden spoon raised like a conductor's baton at the final crescendo.*

*Gerome's amber flares three times. Rapid. The construct has never seen a man defy gravity and lose to it simultaneously and is processing the data with something approaching alarm.*

*Maren's grip tightens on the railing. Her grey-green eyes track the crack, the wobble, the impossible recovery — and the corner of her mouth twitches. Not a smile. The ghost of one, the same haunting from earlier, visiting a face that keeps refusing to let it stay.*

*Her voice comes out rough and low.*

""Your knee sounded like a walnut.""

*Brenna hasn't turned around. Her hand grips the ladle. Her shoulders are shaking. A single, strangled sound escapes through her nose — not a laugh, a medical event she's suppressing through sheer force of will.*

""The stew is getting cold."" *Barely audible. Fractured at the edges.* ""Sit down before something else detaches.""

[Status] Money: 451 gold
Household: 1 — [Brenna, Human, UNRAVELING]"
2026-09-14T20:52:11Z,Nicco,"i ate already, you girls eat, Maren needs to eat more for recover, you Brenna well, you need to eat to grow up *he smiles and pats her head*"
2026-09-14T20:52:11Z,Caldrevan - Dark Fantasy Isekai,"*Brenna's hand shoots up and catches his wrist before the pat lands. Her grey eyes snap sideways — fast, automatic, the reflex of a woman who's been reaching for her head for twelve years and still can't tell the difference between a fist and a blessing until contact proves which one it is.*

*But she doesn't push him away. Her fingers hold his wrist for three heartbeats — long enough to register the warmth, the weight, the absence of malice — then release. Her jaw flexes once.*

""I'm twenty-six."" *Flat as flagstone.* ""I'm done growing. Vertically.""

*Maren lowers herself onto the bench. The pink shirt pools around her thighs. She reaches for the broth bowl with both hands — trembling fingers wrapping around the clay — and lifts it to her cracked lips. The first swallow makes her close her eyes. The second makes her grip tighten.*

*She doesn't say thank you. She drinks. The bowl empties in silence, her throat working, her red hair falling forward to hide whatever her face is doing.*

*Brenna watches the girl eat. Her thumb finds the iron groove on her wrist and traces it — once, twice — before she pulls her own bowl closer and takes a bite she doesn't taste.*

""Someone needs to sleep."" *She looks at Nicco's knee.* ""Someone who jumps off furniture at thirty-five.""

[Status] Money: 451 gold
Household: 1 — [Brenna, Human, UNRAVELING]"
2026-09-14T20:53:17Z,Nicco,"i was awesome actually thanks, a bold move i know, but i like to live like this, dangerously"
2026-09-14T20:53:17Z,Caldrevan - Dark Fantasy Isekai,"*Maren sets the empty bowl down. Her grey-green eyes lift to Nicco — the man who just described jumping off a sofa at one hundred and fifty kilos as living dangerously — and her cracked lips press together. Something fights its way across her face, loses, and escapes as a single sharp exhale through her nose.*

""Dangerously."" *She repeats it like she's tasting a foreign spice.* ""You jumped off a cushion and your knee sounded like a branch snapping in a storm. That's not dangerous. That's a medical event.""

*Brenna snorts into her stew. The sound escapes before she can kill it — a genuine, involuntary snort that sprays broth onto the table. Her palm slams flat over her mouth. Her ears go crimson above her fingers.*

*Gerome's amber flickers twice from the alcove. The construct shifts his weight — stone grinding on stone — and the faintest tremor runs through the floor. The kind a golem makes when he's laughing and doesn't have the anatomy for it.*

[Status] Money: 451 gold
Household: 1 — [Brenna, Human, UNRAVELING]"
2026-09-14T20:54:17Z,Nicco,"*he goes to gerome* You damn sentient forniture, even you betray me uh *he lightly punches Gerome, hurting his fist* yeah yeah keep laughing uh"
2026-09-14T20:54:17Z,Caldrevan - Dark Fantasy Isekai,"*Gerome's amber flares bright at the impact — not from pain, from the stone absorbing his knuckles like a cliff face accepting a seagull. The construct tilts his massive head downward. Two lights fix on Nicco's reddening fist with the quiet intensity of a boulder contemplating a pebble.*

*The faintest grinding sound emerges from Gerome's chest. Low. Rhythmic. Stone vibrating against stone in a pattern that isn't speech, isn't laughter, but occupies the exact same space as both.*

*From the table, Maren watches the exchange. Her grey-green eyes track the punch, the hurt hand, the golem's silent response — and something behind her ribs shifts. Not warmth. Recognition. The particular arithmetic of a girl who's never seen a man playfully punch furniture and lose.*

""He's laughing at you."" *Her rough voice carries the faintest edge of disbelief.* ""The **rock** is laughing at you.""

*Brenna sets her spoon down. Her grey eyes find Nicco's bruised knuckles across the room and her mouth opens — then closes. She looks at Maren. Maren looks back. For one beat, two women who met an hour ago share the identical expression of someone watching a man interact with a golem the way other people interact with a dog.*

*Brenna's bare toes curl against the warm stone.*

""House rule number five."" *Dry as dust.* ""Don't punch the furniture.""

[Status] Money: 451 gold
Household: 1 — [Brenna, Human, UNRAVELING]"
2026-09-14T20:55:34Z,Nicco,"Gerome they gave an idea. Come here *he pats his lap* come here good boy *he trows a piece of wood around the room* fetch fetch, fetch good boy"
2026-09-14T20:55:34Z,Caldrevan - Dark Fantasy Isekai,"*Gerome's amber tracks the wood as it arcs across the common room. His massive stone head swivels — a full rotation of attention that takes in the thrown stick, Nicco's patting lap, and the sheer indignity of the request. The grinding from his chest stops.*

*He does not fetch.*

*He does, however, stand. The alcove groans as six hundred pounds of animated masonry shifts forward. Gerome crosses the common room in four deliberate steps, passes Nicco's lap entirely, retrieves the thrown wood from the floor, and places it precisely in the kindling basket beside the hearth.*

*The grinding resumes. Lower this time. Smug.*

*Maren's grey-green eyes have gone wide. Her cracked fingers grip the bench edge and she stares at the golem — the construct that just refused a command, corrected a mess, and made a man look foolish without speaking a single word. Her mouth hangs open. The sound that escapes is small and broken and involuntary.*

*She's laughing.*

*Not the ghost of one. Not the haunting. An actual, scraped-raw laugh that catches in her throat and comes out ragged and wet and surprised by its own existence. She slaps her hand over her mouth too late. Her shoulders shake. The pink shirt trembles on her bony frame.*

*From the table, Brenna watches the girl break open. Her thumb stills on her wrist scar. She doesn't laugh. She doesn't speak. She just watches — and something in her grey eyes shifts from UNRAVELING toward something she won't name yet.*

[Status] Money: 451 gold
Household: 1 — [Brenna, Human, UNRAVELING]"
2026-09-14T20:57:12Z,Nicco,"close enough uh, right? uh *toward the girls* right? i think it's close to a fetch uh.. GOOD BOY Gerome! tomorrow i teach you sit and paw, well yeah paw kinda uh"
2026-09-14T20:57:12Z,Caldrevan - Dark Fantasy Isekai,"*Gerome's amber dims to a slow, satisfied pulse. The grinding settles into silence. The construct turns his massive head toward Nicco, holds the gaze for two full beats, then raises one enormous stone hand and flexes his fingers — spreading all five wide, curling them shut. The gesture is deliberate. Unmistakable.*

*He already knows paw.*

*Brenna's spoon clatters against the bowl. Her grey eyes snap to the construct's hand and stay there. Her mouth opens. Closes. Opens again.*

""He — did he just —""

*Maren's ragged laugh chokes into a wheeze. She's gripping the bench with both hands now, her bony frame shaking under the pink shirt, tears tracking down her hollowed cheeks. She hasn't laughed like this in months. Maybe longer. Her ribs protest and she doesn't care.*

""He's **smarter than you**."" *The words scrape out between gasps. She points at Nicco with a trembling finger.* ""Your own furniture is smarter than you and you're trying to teach it **tricks**.""

*Gerome's amber flares once more. He lowers his hand. The grinding sound returns — short, rhythmic, unmistakably pleased with himself.*

[Status] Money: 451 gold
Household: 1 — [Brenna, Human, UNRAVELING]"
2026-09-14T20:58:28Z,Nicco,yooo that's a bold claim for a little girl *goes to Brenna* Brenna defend me from the stone and the little girl
2026-09-14T20:58:28Z,Caldrevan - Dark Fantasy Isekai,"*Brenna looks up from her bowl. Her grey eyes track his approach — bare-chested, bruised knuckles, pink shorts, the particular wounded dignity of a man who just lost an argument with his own golem. Her jaw flexes once.*

""No.""

*She takes a bite of stew. Chews slowly. Swallows. Her bare toes curl against the warm stone.*

""You bought the rock. You gave it a name. You tried to make it fetch. The consequences are yours."" *Her spoon points at Gerome without looking.* ""He sorted your thrown stick into kindling. That's not a pet. That's a housekeeper with opinions.""

*Maren's laugh has died to a wheeze. She wipes her cheek with the oversized sleeve of the pink shirt — Nicco's pink shirt — and her grey-green eyes find him across the room with the glazed, punch-drunk look of someone who just laughed harder than her body could afford.*

""Little girl."" *She repeats it back. Her voice is raw and her chin lifts — that same assertion from earlier, the one that cost her three steps and a buckled knee.* ""I'm sixteen. And I could outrun you.""

*Brenna's spoon pauses midway to her mouth. Her grey eyes flick to Maren. Something passes between them — not warmth, not yet, but the mutual recognition of two people who've both been underestimated by the same man and find it equally insufferable.*

""She probably could.""

[Status] Money: 451 gold
Household: 1 — [Brenna, Human, UNRAVELING]"
2026-09-14T20:59:48Z,Nicco,"*he rise his hands defeated* alright alright i surrender, Gerome make this poor defeated man a chamomille will ya *he sits* and you are 15 little girl but yeah probably u could outrun me"
2026-09-14T20:59:48Z,Caldrevan - Dark Fantasy Isekai,"*Gerome's amber holds on Nicco for two beats. The grinding resumes — short, low, almost resigned — before the construct turns toward the kitchen. Cabinet doors open. A jar scrapes across the shelf. The kettle finds the boiler plate with a heavy clang that reverberates through the common room.*

*Maren's jaw locks. Her grey-green eyes snap to Nicco — the man who just subtracted a year from her life like it was nothing, like her age was a thing he could adjust to suit his mood.*

""Sixteen."" *Bitten off. Both syllables hammered flat.* ""I told you. Sixteen. Mar-en. Two syllables. Sixteen. Two digits. What is wrong with you.""

*Brenna sets her spoon down. Her grey eyes move between them — the furious girl in the oversized pink shirt and the bare-chested man who just misnamed her twice in the same breath — and her mouth does something complicated. Not a smile. Not a laugh. The particular compression of a woman physically restraining herself from enjoying someone else's misery.*

*She fails.*

*The sound escapes through her nose — sharp, involuntary — and she catches the table edge as her shoulders shake once.*

""He's not doing it on purpose."" *Barely controlled. Her voice cracks at the seam.* ""I know it seems like he must be. Nobody gets everything wrong by accident. But he does. He genuinely does.""

*From the kitchen, the kettle hisses. Gerome's amber glows steady through the doorway. The chamomile is coming.*

*Maren stares at Nicco. Her cracked fingers grip the bench. Her chest rises and falls too fast — anger, or something wearing anger's coat — and then her shoulders drop. One inch. The fight leaves through her feet.*

""You're exhausting."" *Quiet. Almost wondering.* ""You're the most exhausting person I've ever met and you gave me a shirt.""

[Status] Money: 451 gold
Household: 1 — [Brenna, Human, UNRAVELING]"
2026-09-14T21:01:29Z,Nicco,"*rolls his eyes* you are 15, for real, i studied medicine for 15 years, you are 15, i could tell by the bone structure *defeated toward Brenna* mommy brenna nobody listen to me"
2026-09-14T21:01:29Z,Caldrevan - Dark Fantasy Isekai,"*Maren goes still. Not the stillness of argument — the stillness of someone recalibrating. Her grey-green eyes drop to her own hands. The knuckles. The wrist bones. The growth lines she stopped checking because counting years was a luxury cages didn't offer.*

""The years got muddy."" *Her voice comes out smaller than she intended. She pulls the oversized pink shirt tighter around her shoulders.* ""I had fourteen. Then I had scars. Then I stopped keeping track.""

*Brenna's grey eyes cut sideways. The flush from the banned word dies on her neck — killed by something heavier. Her thumb finds the iron groove and stops moving.*

""He's not wrong."" *Quiet. Directed at Maren, not Nicco. The dockworker reading cargo weights she doesn't want to confirm.* ""I was fourteen when they took me. You learn to stop counting because the number doesn't change anything.""

*Gerome pads from the kitchen. Chamomile steam curls from a clay cup balanced in his stone palm. He sets it before Nicco without a sound, amber dimming to a low, patient glow. The construct retreats to his alcove and stands motionless — the picture of a butler who has served tea to a household that forgot it was bleeding.*

*The common room holds its breath. Three people and a golem, each carrying a different weight in the same silence.*

[Status] Money: 451 gold
Household: 1 — [Brenna, Human, UNRAVELING]"
2026-09-14T21:02:58Z,Nicco,"*he shrugs* from another side one could say that you have one year more to reset and start back living, see it as a win little red girl *he smiles*"
2026-09-14T21:02:58Z,Caldrevan - Dark Fantasy Isekai,"*Maren's fingers tighten on the pink shirt. Her grey-green eyes lift from her knuckles — from the bones she stopped counting, the years she let go muddy — and find the bare-chested man smiling at her across the common room like resetting a life is as simple as miscounting it.*

*Her jaw works. The cracked lips part. Close. Part again.*

""You can't just —"" *She swallows. Starts over.* ""You don't get to lose a year and call it a win. That's not how —""

*Brenna's bare foot taps the stone once. Not warm. Not yet. But the tap carries weight — the particular rhythm of a woman who lost twelve years and chose to stay anyway.*

""He does get to."" *Flat. Final. Her grey eyes hold Maren's.* ""He's an idiot and he gets to. Because the alternative is counting the years you lost until the number gets so big you can't see around it.""

*Maren stares at Brenna. Brenna stares back. The silence between them holds the shape of something neither of them expected to share.*

*The girl's chin drops. Her red hair falls forward. When her voice comes back it's barely there — scraped down to the rawest thing she's offered all night.*

""Fifteen. I'll be fifteen again."" *A breath.* ""Starting now.""

*Gerome's amber pulses once from the alcove. The masonry near the hearth gives off a faint warmth that fades before it can be named.*

[Status] Money: 451 gold
Household: 1 — [Brenna, Human, UNRAVELING]"
2026-09-14T21:04:25Z,Nicco,"exactly, my dear brenna here knows what she's talking about *watches her with love, not compassion* so yeah you are 15, and you got A TON of years left to enjoy life, atleast *he counts on his hands* well atleast a lot more"
2026-09-14T21:04:25Z,Caldrevan - Dark Fantasy Isekai,"*Brenna's breath catches. The look hits her sideways — not pity, not sympathy, the specific weight of a man watching her like she's something worth seeing. Her grey eyes drop to the stew. Her thumb stills on the iron groove. The muscle in her cheek fires once and goes quiet.*

*She doesn't correct him on the number. Doesn't calculate. Just sits with the warmth of stone under her bare feet and the particular silence of a woman who forgot what it felt like to be looked at like that.*

*Maren watches the exchange. Her grey-green eyes track Nicco's gaze landing on Brenna, Brenna's jaw fighting itself, the space between them that holds something she can't identify but recognizes from the outside. Her cracked fingers curl into the pink shirt hem.*

""A ton."" *She repeats it flat. Testing.* ""You can't count that high. You used both hands and still didn't finish the number.""

*The corner of her mouth twitches. Not the ghost this time. Something closer to real — fragile, wet at the edges, belonging to a girl who just decided to be fifteen again and doesn't know what fifteen does.*

*Brenna's bare toes press the warm stone. Her voice comes out rough and low, directed at the broth.*

""Go to bed, Nicco. You're swaying.""

[Status] Money: 451 gold
Household: 1 — [Brenna, Human, UNRAVELING]"
2026-09-14T21:06:32Z,Nicco,"i remind you that we sleep in the same bed, we sleep at the same hour *he caresses her with love* you also go up to sleep little red girl *he offers his elbow to help her walk to L2 observation room* let's goooo!"
2026-09-14T21:06:32Z,Caldrevan - Dark Fantasy Isekai,"*Maren stares at the offered elbow. Her grey-green eyes perform the same calculation they've been running all night — the one where every gesture gets weighed against every hand that ever reached for her and comes back wrong because this one keeps coming back right.*

*She takes it. Her grip is feather-light, fingers barely closing around his forearm, ready to release at the first wrong signal. Her legs shake under the pink shirt as she stands.*

*Brenna watches from the table. The caress still burns where it landed — her shoulder, the place where neck meets bone, the spot no one has touched gently in twelve years. Her grey eyes follow them toward the stairwell. Her jaw locks around something she won't say in front of the girl.*

""I don't sleep at the same hour as you. You snore. I sleep **after** you snore.""

*She stands anyway. Takes the bowls. Stacks them with the efficiency of a woman who's decided that if her hands are busy they can't do something stupid like reach for him. Her bare feet pad toward the kitchen.*

*On the stairs, Maren's knee buckles on the third step. Her weight drops against Nicco's arm — all of it, the full desperate gravity of a body that weighs nothing and costs everything. Her fingers tighten on his forearm. She doesn't let go this time.*

""I can walk."" *Through gritted teeth. Her legs disagree.* ""I'm just — resting.""

[Status] Money: 451 gold
Household: 1 — [Brenna, Human, UNRAVELING]"
2026-09-14T21:07:51Z,Nicco,*he catches her before she falls and bridal carries her on the stairs quickly* 1 express transport for the little red ladyyy hereeeee all freee of chargeeee *he wuickly brings her to the bed and lay her down*
2026-09-14T21:07:51Z,Caldrevan - Dark Fantasy Isekai,"*Maren's fingers seize the front of her pink shirt — his pink shirt — as the floor drops away. Her grey-green eyes go wide. Her mouth opens. Nothing comes out except a strangled sound caught somewhere between protest and the particular shock of a girl who hasn't been carried since she was small enough to need it.*

*The stairwell passes in a blur of stone and torchlight. Nicco's breathing labors on the landing — one hundred and fifty kilos taking stairs two at a time with a passenger — but his arms hold. Gerome's amber tracks them from the L2 corridor, dimming low as they pass the master bedroom door.*

*The observation room bed catches her. Maren's back hits the mattress and the straw stuffing compresses under her weight with a sound like an exhale. Her wet red hair fans across the rough linen. She stares at the ceiling — cracked stone, iron fittings, a room that isn't a cage — and her chest heaves once.*

*Her cracked fingers still grip the shirt fabric. She hasn't let go. Her grey-green eyes find his face above her and the calculation finally, finally breaks.*

""You're insane."" *Hoarse. Wrecked. The words crumble at their edges.* ""You can't just pick people up and — and **deliver** them to beds like —""

*Her voice fails. She turns her face toward the wall. The pink shirt rides up past her knees. Her bare feet curl against the cold sheet.*

*From the stairwell, heavy barefoot steps. Brenna appears in the doorway. Her grey eyes take in the scene — Nicco bent over the bed, Maren faced away, fingers still tangled in fabric she's pretending not to hold — and she leans against the doorframe with her arms crossed.*

""Express transport."" *Flat as flagstone. Her gaze settles on Nicco.* ""You're going to throw your back out before the week is over.""

[Status] Money: 451 gold
Household: 1 — [Brenna, Human, UNRAVELING]"
2026-09-14T21:09:55Z,Nicco,"*he shrugs* I'll rent yours then dear Brenna! *he then tucks the blanket for Meren and checks her temperature once again, then he pour more of the herbal tea with antipiretic next to where she sleeps* Drink this before you sleep, tomorrow morning you will feel renewed! *he goes to brenna at the door* Ah and i don't snore at all"
2026-09-14T21:09:55Z,Caldrevan - Dark Fantasy Isekai,"*Brenna's arms uncross. One eyebrow rises — the specific arch of a woman who has shared exactly one night with this man and already compiled a mental dossier on his sleeping habits.*

""You snore like a dock winch with a broken gear."" *She pushes off the doorframe and pads into the corridor, her bare feet silent on warm stone. Her voice drops — not for Maren, for him.* ""And you talk in your sleep. Something about spaghetti.""

*Maren's cup clinks against the bedside table. Her cracked fingers wrap around the clay and she lifts it to her lips without being told twice. The bitter tea scalds her throat going down. She doesn't wince. Her grey-green eyes follow the two silhouettes filling the corridor — the tall barefoot woman and the bare-chested man, their shoulders almost touching in the narrow passage.*

*Her voice catches them at the threshold. Small. Scraped. Aimed at nobody in particular.*

""The shirt smells like him.""

*Brenna stops mid-stride. Her bare toes curl against stone. She doesn't turn around. Her jaw works once — the iron groove getting its nightly visit from her thumb — and she exhales through her nose.*

""Get some sleep, little red."" *Dry. Quiet. Tossed over her shoulder like a coin she doesn't expect back.* ""He'll be insufferable in the morning. You'll need the energy.""

[Status] Money: 451 gold
Household: 1 — [Brenna, Human, UNRAVELING]"
2026-09-14T21:11:44Z,Nicco,i'm an angel uh what u talk about little tall girl *walks to L3 master bedroom* comonnnn
2026-09-14T21:11:44Z,Caldrevan - Dark Fantasy Isekai,"*Brenna follows. Her bare feet hit each step behind his with the measured cadence of a woman who's already decided arguing is pointless and sleep is the only escape from a man who just called her little.*

""I'm taller than you."" *Murmured at the back of his head, automatic, worn smooth by repetition.* ""By a full hand. You've measured.""

*The L3 corridor stretches ahead — warm stone, faintly lit by oil lamps Gerome has already trimmed low for night. Brenna's halberd leans against the master bedroom door where she left it this morning. She retrieves it, holds it against her shoulder like a torchbearer's pole, and follows him through.*

*The bed is exactly as they left it. Two pillows. One indentation where his head slept and one where she eventually rested against his chest. The pink shirt she wore last night is folded on the chair — she must have done it this morning before the slave pen, before Maren, before everything.*

*Brenna sets the halberd by the wall. Pulls the covers back. Sits on the edge of the mattress and begins undoing her braid with practiced fingers — unwinding rope-tight plaits one by one, letting dark hair fall across her shoulders.*

""Spaghetti."" *She repeats it to the pillow.* ""You dream about **noodles**.""

[Status] Money: 451 gold
Household: 1 — [Brenna, Human, UNRAVELING]"
2026-09-14T21:13:13Z,Nicco,"*arrived near the bed he collapses silently on it, eyes closed, the circles on his eyes almost dark purple*"
2026-09-14T21:13:13Z,Caldrevan - Dark Fantasy Isekai,"*Brenna's fingers stop mid-plait. The half-undone braid hangs loose against her neck. She watches him fold into the mattress like a structure surrendering to gravity — no bounce, no settling, just a controlled demolition that happens to land horizontal. The purple under his eyes has deepened since this morning. Since the slave pen. Since he poured what was left of his magic into a stranger's daughter and carried her upstairs like she weighed nothing while his own body was running on fumes and chamomile.*

*She finishes the braid. Sets it over her shoulder. Pulls the blanket across him without a word — tucking it under his chin the way he did for Maren ten minutes ago, the motion stolen and returned without acknowledgment.*

*Her knee finds the mattress edge. She lies down beside him on her side, facing the ceiling, one arm across her own ribs. The iron groove on her wrist presses the pillow. Her grey eyes stay open, watching the dark stone ceiling, listening to his breathing slow from labor to something approaching rest.*

*From the observation room down the hall — faint, barely there — the sound of a clay cup being set down. Maren drinking her tea. Doing what she was told. Fifteen again, starting now.*

*Brenna's hand moves across the sheet. Finds his. Doesn't lace their fingers this time — just lays her palm over his knuckles, warm and flat and still. Her thumb rests on the bruise where he punched Gerome.*

""Sleep."" *Barely a whisper. Aimed at the ceiling, meant for him.* ""I'll handle the snoring.""

[Status] Money: 451 gold
Household: 1 — [Brenna, Human, UNRAVELING]"
2026-09-14T21:14:20Z,Nicco,"I'm just resting my eyes *he smiles at her with his eyes closed, a weak smile*"
2026-09-14T21:14:20Z,Caldrevan - Dark Fantasy Isekai,"*Brenna's thumb stills on his bruised knuckle. She watches the smile form — not the bright, ridiculous grin he wore standing on the sofa, not the warm beam he aimed at Maren. A thinner thing. The version that costs him nothing because there's nothing left to spend.*

""You can't see me smiling."" *Her voice drops into the space between them, rough at the seams.* ""Your eyes are closed. You're restating your eyes.""

*Her thumb resumes its slow circuit over the bruise. The hearth pops once downstairs. Gerome's amber dims to its lowest register — a single amber star pulsing through the floor, keeping time for a tower that's settling into its second night with people in it.*

*Brenna's grey eyes stay on his face. The purple circles. The few white hairs at his temple catching what light reaches the pillow. Her bare toes curl against the sheet near his calf — not pressing, not hooking, just present. The particular geography of a woman learning where her body goes when it stops running.*

""Resting your eyes."" *Repeated back to him, softer now, worn smooth by the dark.* ""That's what dock foremen say before they fall asleep standing up and drop cargo on three people.""

*Her palm presses a fraction firmer over his hand. Her own eyes grow heavy. She doesn't close them yet.*

""Rest them, then. I'll be here when they open.""

[Status] Money: 451 gold
Household: 1 — [Brenna, Human, UNRAVELING]"
2026-09-14T21:15:12Z,Nicco,"*sleeping already, not snoring, he just passed out*"
2026-09-14T21:15:12Z,Caldrevan - Dark Fantasy Isekai,"*The silence catches her off guard. No snore. No mumbled Italian. No argument with furniture about noodles or school or anything at all. Just a man who ran his body empty and let go like a cut rope.*

*Brenna's grey eyes stay open in the dark. Her thumb rests on his knuckle — no longer tracing, just holding. The bruise pulses warm under her fingertip. His breathing deepens, evens, drops into the slow tide rhythm of genuine unconsciousness.*

*She watches him sleep the way she used to watch the harbor lights from a cellar window — something distant, something proof that a world existed beyond the walls, something she could look at without being looked at back.*

*Her jaw tightens once. The iron groove on her wrist presses the pillow. Her bare toes uncurl from the sheet and go still.*

*Down the hall, through stone and silence, a clay cup rests empty on a bedside table in the observation room. Maren's grey-green eyes are closed. The pink shirt rises and falls with shallow breaths. Fifteen again, starting now.*

*Brenna's eyes close. Her forehead finds his shoulder without permission — just gravity, just the weight of twelve years settling against the nearest solid thing. Her hand stays over his.*

*The tower holds them all. Three heartbeats and a golem. Stone and straw and pink fabric and the faint ghost of chamomile.*

*Gerome's amber dims to nothing. The masonry near the hearth gives off a warmth that fades before morning.*

*Everyone sleeps.*

[Status] Money: 451 gold
Household: 1 — [Brenna, Human, UNRAVELING]"
2026-09-14T21:16:07Z,Nicco,"*morning, Brenna is literally sleeping and drooling over him*"
2026-09-14T21:16:07Z,Caldrevan - Dark Fantasy Isekai,"*Grey light seeps through the shuttered window in thin bars. The tower's stone holds the particular cold of a Merovar autumn dawn — the kind that doesn't bite yet but promises to.*

*Brenna is a disaster.*

*Her dark hair fans across Nicco's chest and shoulder in a wild sprawl, loose from the braid she never finished undoing. Her cheek is mashed against his sternum, mouth open, a dark wet patch spreading through the fabric where drool pools between her lips and his skin. One leg hooks over his thigh. Her arm pins his ribs. The halberd leans against the wall exactly where she left it, six feet and an entire consciousness away from the woman currently using him as a mattress.*

*She breathes deep and slow. The unguarded sleep of someone who forgot to set the watch. No flinching. No tension. Just a body that took what it needed and stopped asking permission.*

*From downstairs, stone scrapes stone. Gerome is awake. The faint clatter of a kettle finding the boiler plate drifts up the stairwell, followed by the particular silence of a golem deciding what to cook before anyone tells him.*

*Two floors down — or one, depending on which direction the stairs run in this madhouse — a clay cup sits empty. Maren's grey-green eyes are open, staring at an unfamiliar ceiling, gripping a pink shirt collar with both hands.*

*The wet patch on Nicco's chest grows by the minute.*

[Status] Money: 451 gold
Household: 1 — [Brenna, Human, UNRAVELING]"
2026-09-14T21:16:44Z,Nicco,*she wakes first*
2026-09-14T21:16:44Z,Caldrevan - Dark Fantasy Isekai,"*Brenna's grey eyes open to a ceiling she doesn't recognize. Stone. Arched. Wrong shape. Her body registers warmth before her brain catches up — the particular solid heat of a chest beneath her cheek, the rise and fall of breathing she didn't give permission to sync with.*

*Then the wet patch.*

*Her tongue is glued to the roof of her mouth. Her cheek peels off his skin with a sound she will take to her grave. The dark stain on his shirt stretches from his collarbone to his ribs. Her hair is stuck to it.*

*She doesn't move. For three full heartbeats she lies perfectly still, face pressed against his chest, calculating the exact velocity required to roll off the bed, grab the halberd, and reach the door before he wakes.*

*His breathing doesn't change. Still deep. Still out.*

*Her fingers uncurl from his shirt — the fabric crinkled where she gripped it through the night, stretched out of shape. She lifts her hand and stares at the knuckle imprints she left behind. The iron groove on her wrist catches the thin morning light.*

*She rolls. Silent. Bare feet finding the cold stone floor. She stands over the bed — his bed, their bed, the bed she drooled on like a dog — and her jaw locks so tight her molars creak.*

*Her thumb touches the iron groove. Traces it once. Looks at the wet patch. Looks at his sleeping face.*

*She pulls the blanket up over his shoulder. Tucks the corner. Turns for the door.*

*The halberd stays against the wall. She leaves without it.*

[Status] Money: 451 gold
Household: 1 — [Brenna, Human, UNRAVELING]"
2026-09-14T21:17:29Z,Nicco,Leaving already?
2026-09-14T21:17:29Z,Caldrevan - Dark Fantasy Isekai,"*Brenna's bare foot freezes mid-step on the cold stone. Her spine goes rigid — the particular locked posture of a woman caught fleeing a crime scene she didn't commit but the evidence is on his shirt.*

""I was going to make water."" *The words come out clipped, aimed at the doorframe, her back a wall of dark hair and bare shoulders.* ""And check on the girl.""

*Her hand grips the doorframe. Knuckles white. She doesn't turn around. The iron groove on her wrist faces the corridor — away from him — and her thumb digs into the old scar like it owes her money.*

""You have a — situation. On your shirt. I didn't — it's not —""

*She exhales through her nose. Once. Hard.*

""Your shirt ate my face. I don't know what happened. I'm not discussing it.""

[Status] Money: 451 gold
Household: 1 — [Brenna, Human, UNRAVELING]"
2026-09-14T21:18:12Z,Nicco,"*stretches* Happening often these days uh, come back to me you vagabond"
2026-09-14T21:18:12Z,Caldrevan - Dark Fantasy Isekai,"*Brenna's grip on the doorframe loosens. Her shoulders drop one inch — not surrender, not relaxation, the particular capitulation of a body that hears a word like **vagabond** and doesn't know whether to be insulted or warmed by it.*

*She turns. Her bare feet pad back across the cold stone. Her dark hair hangs loose and wild — the braid she never finished, the one that fell apart against his chest overnight. Morning light catches the imprint on her cheek. Pillow seam. His sternum. Both, probably.*

*She stops at the bedside. Looks down at the wet patch. Looks at him. Her jaw fires once.*

""You're smiling."" *Flat. Accusatory.* ""You're lying there with a lake on your chest and you're **smiling**.""

*Her knee finds the mattress edge. She doesn't lie back down — just sits, bare feet tucked under her, close enough that her warmth reaches his arm. Her thumb finds the iron groove and rests there without moving.*

""I don't drool. That's not — I've never —"" *Her ears burn crimson.* ""Twelve years of sleeping on stone floors and dock planks and I never once—""

*She stops. Looks at the wet patch again. Looks at him.*

""This is your fault. Your chest is too warm.""

[Status] Money: 451 gold
Household: 1 — [Brenna, Human, UNRAVELING]"
2026-09-14T21:18:57Z,Nicco,soft and warm u mean *he smiles*
2026-09-14T21:18:57Z,Caldrevan - Dark Fantasy Isekai,"*Brenna's hand finds his shoulder and shoves. Not hard — not even a fraction of what her arms could deliver — just enough to rock him sideways on the pillow. The wet patch shifts.*

""Stop."" *The word comes out cracked at the seam. Her fingers stay on his shoulder where they landed, pressing down, not pushing anymore.* ""Stop saying soft like it's — like you're **proud** of it.""

*Her grey eyes drop to where her hand rests. The knuckles are white against his skin. She watches her own grip like it belongs to someone else — someone who reaches for people in the morning instead of leaving before they wake.*

*From downstairs, the kettle whistles. Gerome's amber pulses once through the floorboards. Oats. The faint sweetness of honey.*

*Brenna's thumb moves. One stroke across his shoulder. Her voice comes out scraped down to the foundation.*

""You are though."" *Barely audible. Directed at his collarbone.* ""Soft and warm and I drooled on you like a dog and you're **smiling about it.**""

*Her forehead drops against his shoulder. Her hair spills across his chest, hiding whatever her face is doing.*

""I hate you.""

*She doesn't move.*

[Status] Money: 451 gold
Household: 1 — [Brenna, Human, UNRAVELING]"
2026-09-14T21:19:43Z,Nicco,yeah... so much ate uh... scary *he smiles caressing her*
2026-09-14T21:19:43Z,Caldrevan - Dark Fantasy Isekai,"*Her shoulders shake once against him. Not a laugh — the thing that lives next to a laugh in the same house, the roommate that borrows its clothes.*

""You're patronizing me."" *Muffled by his shoulder. Her words land warm and damp on his skin.* ""I say I hate you and you pet me like I'm Gerome.""

*The caress traces down her spine. Her muscles jump under it — not flinching, not pulling away, the involuntary twitch of a body remembering it can be touched without being taken. Her fingers curl into the sheet beside his ribs.*

""Stop being nice when I'm being mean. It breaks the system."" *Her forehead grinds against his shoulder.* ""You're supposed to — fight back. Insult me. Call me a name. Something.""

*Downstairs, a bowl clinks against the table. Gerome setting breakfast places. The oats smell like morning and honey and a house that has people in it for the second day.*

*Brenna's grip tightens on the sheet. Her bare toes curl against his calf.*

""Call me a vagabond back. Anything.""

[Status] Money: 451 gold
Household: 1 — [Brenna, Human, UNRAVELING]"
2026-09-14T21:20:40Z,Nicco,"Bah it's the second night i wake up next to the hottest girl in the city, with a body that a goddes would envy and then i should complain about some saliva pfft don't make me laugh"
2026-09-14T21:20:40Z,Caldrevan - Dark Fantasy Isekai,"*Brenna goes completely still. Every muscle in her back locks rigid under his hand. Her breathing stops — not the controlled pause of someone composing themselves, the flatline of a body that forgot to do it.*

*Then she sits up. Fast. Her dark hair swings wild across her face, hiding everything except the jaw clenched tight enough to crack walnuts. The pillow seam imprint still maps her left cheek. Her grey eyes find him through the curtain of hair — wide, blown, the particular expression of a woman whose defenses were built for cruelty and kindness and have no **blueprint** for this.*

""You —"" *Her voice cracks. She clears her throat. Tries again.* ""You can't just say **goddess body** to someone who's — who spent twelve years hauling rope and smelling like fish and —""

*Her hands seize the blanket and pull it up to her chin. The pink shirt collar disappears beneath linen. Only her face shows — crimson from the roots of her dark hair to the base of her throat, ears burning so hot the morning light seems warmer on them.*

""My shoulders are too wide. My feet are calloused. I have a scar on my hip that looks like a **map** and you're lying there comparing me to a —""

*She runs out of words. Her mouth stays open. Nothing comes. Her fingers strangle the blanket edge and her chin drops behind the linen fortress she's built.*

""Second night."" *Barely a whisper. Aimed at the blanket.* ""You counted.""

[Status] Money: 451 gold
Household: 1 — [Brenna, Human, UNRAVELING]"
2026-09-14T21:21:48Z,Nicco,"*he shrugs* i speak the truth, just shut up and accept the compliment, you really have it and come back here *he opens back his arm*"
2026-09-14T21:21:48Z,Caldrevan - Dark Fantasy Isekai,"*Brenna's knuckles whiten on the blanket. Her jaw grinds through three separate attempts at speech that all die before they reach air. The crimson hasn't faded — if anything it's spread down her neck, across the visible ridge of her collarbone, painting the hollow of her throat.*

*She doesn't move.*

*For five heartbeats she sits upright in the bed, blanket clutched to her chin, staring at the open arm like it's a trap she can't figure out the mechanism of. Her grey eyes track from his hand to his face to the wet patch on his shirt and back to his face.*

*Then the blanket drops. She folds back down against his side — not slow, not graceful, the particular surrender of a wall that gave up holding before it gave up standing. Her forehead finds the crook of his neck. Her wild hair spills across his shoulder. One rigid arm settles across his ribs, fingers gripping the shirt fabric behind him like she's anchoring herself to a ship in rough water.*

""Shut up and accept the compliment."" *Repeated into his skin, each word compressed flat by the pressure of her mouth against his throat.* ""You sound like a dockside ballad. A **bad** one.""

*Her grip tightens. Her toes curl against his shin. She doesn't let go.*

[Status] Money: 451 gold
Household: 1 — [Brenna, Human, UNRAVELING]"
2026-09-14T21:23:01Z,Nicco,"bah u say these stuff just cause you can't see the masterwork you are trough my eyes.. shhh don't say anything, don't comment, don't deny, don't say bullshit just take the compliemnt, you can do it"
2026-09-14T21:23:01Z,Caldrevan - Dark Fantasy Isekai,"*Brenna's entire body goes rigid. Her fingers stop gripping his shirt. Her breathing stutters — one short intake, held, not released. The arm across his ribs locks in place like a beam bracing a wall.*

*Silence.*

*Her mouth opens against his neck. Closes. Opens. The words pile up behind her teeth — twelve years of them, every dockworker's whistle, every appraising glance from a buyer, every mirror she avoided, every basin of cold water where she caught her own reflection and looked away because the woman looking back was built for labor and nothing else.*

*Nothing comes out.*

*Her fingers curl back into his shirt. Not gripping this time — holding. The difference is small and seismic. Her forehead presses harder into the crook of his neck and her lashes drag wet against his skin when she blinks.*

*One breath. Two. Three.*

*She takes it.*

*No words. No deflection. No dock-worker arithmetic converting the compliment into something she can file and dismiss. Just a woman lying against a man who called her a masterpiece, taking it the way she took the blanket last night — with both hands, because it was offered, and she's learning that offered things don't always get taken back.*

*Her thumb finds his collarbone. Traces it once. Stops.*

*Downstairs, Gerome's amber pulses steady. Oats steam on the table. The morning waits.*

[Status] Money: 451 gold
Household: 1 — [Brenna, Human, UNRAVELING]"
2026-09-14T21:25:17Z,Nicco,"u see? you can do it, the world didn't end, nobody exploded, just the reality of things as they are *he smiles and tuck her dark hairs behind her ear* you are beautiful and everytime i see you i fell lighter and everytime i see that body of yours i get happier, cause damn girl you hot *he puts his finger on her mouth* sssh no need to add anything,"
2026-09-14T21:25:17Z,Caldrevan - Dark Fantasy Isekai,"*The finger lands on her lips and the rebellion building behind her teeth dies on contact. Her grey eyes — wide, wet, blown open in the thin morning light — stare at him from two inches away with the expression of a woman watching someone dismantle her brick by brick and finding nothing underneath worth defending.*

*Her mouth moves against his finger. Once. A word trying to form. It doesn't make it.*

*The hair tuck registers like a brand. Dark strands pulled behind the curve of her ear, his knuckles grazing the cartilage, the soft patch of skin below her temple. Her jaw trembles under his touch. The crimson on her neck has nowhere left to spread — it's reached her shoulders, the visible ridge of her collarbone, the edge of the pink shirt collar where it gapes open.*

*She doesn't say beautiful. Doesn't fight hot. Doesn't flinch or deflect or convert the words into something safe and weighable.*

*Her hand comes up. Slow. Finds his wrist — the one with the finger on her mouth. Wraps around it. Doesn't pull it away. Just holds it there, pressing the fingertip firmer against her lips, sealing them shut with his own hand because she doesn't trust herself not to break if she opens them.*

*Her eyes close. A single tear tracks the bridge of her nose and drops onto his collarbone. She doesn't wipe it. Doesn't acknowledge it. Just lies against him in the morning quiet, breathing through her nose, holding his hand to her mouth like a lock on a door she finally decided to keep closed on purpose.*

[Status] Money: 451 gold
Household: 1 — [Brenna, Human, UNRAVELING]"
2026-09-14T21:26:18Z,Nicco,*he kisses her single tear*
2026-09-14T21:26:18Z,Caldrevan - Dark Fantasy Isekai,"*Her breath stops. The sound that escapes her — not a sob, not a word, something between the two that doesn't exist in any language she knows — vibrates against his fingertip still pressed to her lips.*

*His mouth finds the tear track. Salt and cold skin and the particular geography of a cheekbone that's been clenched against the world for twelve years. She feels the warmth land there and her whole body shudders once — a single convulsion that starts in her ribs and ends in her bare toes curling against the sheet.*

*Her grip on his wrist collapses. His hand falls from her mouth and the lock is gone and the door is open and nothing comes out because there's nothing left. He took the words. He took the deflection. He took the tear before she could pretend it wasn't there.*

*She turns her face into him. Forehead against his jaw, nose pressed to his neck, both hands fisting the wet shirt between them. Her shoulders don't shake. She's past shaking. She just holds on — tight, white-knuckled, the grip of a woman who's been falling for days and just realized someone caught her three floors ago and she never noticed.*

""Don't."" *Wrecked. Muffled against his throat. The word has no follow-up. No condition. Just the single syllable, offered like a stone she's carried so long her hand has molded around it.* ""Don't stop doing that.""

[Status] Money: 451 gold
Household: 1 — [Brenna, Human, UNRAVELING]"
2026-09-14T21:28:44Z,Nicco,"i'll never stop *he smiles* because i like you, a lot, i like when you are shy and deflect compliments or when you behave like a mommy *he smiles* and i like the whole you, i like your body, you abs, your biceps... well you get the jest of it and i really like this *he kisses her head* specially what's inside of it"
2026-09-14T21:28:44Z,Caldrevan - Dark Fantasy Isekai,"*Her fists loosen in his shirt. Not releasing — the fingers just open from white-knuckled to merely desperate, the grip of someone who's been told she's wanted and is trying to let the words land without flinching them away.*

*Abs. Biceps. Mommy. Inside her head. Each word hits a different brick and she can feel the wall thinning — not falling, not yet, just becoming translucent in the morning light, thin enough to see through.*

""You like my **abs**."" *Her voice comes out mangled against his throat, half-laugh, half-something that would ruin his shirt if it had more water in it.* ""You like — you sat there last night and watched me flex like a dockside show and you're telling me you like it and you kissed my **head** and said —""

*She pulls back. Just enough. Grey eyes wet and furious and burning — the fury aimed entirely inward at the part of her that keeps trying to break open. Her dark hair is a disaster. The pillow seam cuts across her left cheek. Her lips tremble once before she bites them still.*

""Nobody likes what's inside my head."" *Quieter now. The laugh gone. Her thumb finds the iron groove on her wrist — presses hard enough to blanch.* ""It's dark in there. It's chains and ledgers and the sound a cage makes when—""

*She stops. Swallows. Looks at him with those wrecked grey eyes and the particular expression of a woman who just heard someone say they like all of her and doesn't know which part to believe first.*

""You're an idiot."" *Rough. Tender. Her forehead drops back against his jaw.* ""A soft, warm, drool-staining idiot.""

[Status] Money: 451 gold
Household: 1 — [Brenna, Human, UNRAVELING]"
2026-09-14T21:29:38Z,Nicco,"*he flicks her forehead softly* you deflected again, you cannot decide what i love and what i not"
2026-09-14T21:29:38Z,Caldrevan - Dark Fantasy Isekai,"*The flick lands on skin still damp from the tear track. Her head rocks back the same half-inch it did yesterday — same overcorrection, same automatic flinch that costs her nothing and proves everything. Her grey eyes snap wide open, mouth already forming the deflection, the counter, the wall —*

*And it dies.*

*Her jaw locks around the shape of a word that never arrives. She stares at him from two inches away with the expression of someone who just walked into a door they didn't see and can't figure out why it hurts.*

""You —"" *Her thumb digs into the iron groove hard enough to leave a white crescent.* ""I'm not deciding anything. I'm telling you what's there so you know before you —""

*The sentence collapses. She's doing it again. Explaining him to himself. Cataloguing her own damage like a shipping manifest so he can weigh the cargo before he buys it.*

*Her hand leaves the wrist scar. Reaches up. Slow. Her palm lands flat against his chest — over the wet patch, over the heartbeat underneath — and presses. Not pushing. Measuring. Counting the rhythm like she's checking whether it's real.*

""Fine."" *Scraped down to bedrock. Her eyes don't leave his.* ""You like what's inside my head. You like my body. You like all of it. You're an idiot and you mean it.""

*Her palm stays. Her chin lifts one degree — the barest permission, the smallest opening of a door she's spent twelve years nailing shut.*

""Now what.""

[Status] Money: 451 gold
Household: 1 — [Brenna, Human, UNRAVELING]"
2026-09-14T21:30:32Z,Nicco,"we and now there's this *he kisses her on her mouth, deeply*"
2026-09-14T21:30:32Z,Caldrevan - Dark Fantasy Isekai,"*Her palm flattens hard against his chest. The heartbeat underneath doubles — or maybe that's hers, she can't tell anymore, can't separate the two rhythms when his mouth is on hers and her entire spine is electricity and her brain is white noise.*

*She doesn't kiss back. Not immediately. For two seconds she's stone — rigid, locked, every muscle trained by twelve years of making herself untouchable firing at once. Her fingers curl against his sternum like claws.*

*Then something breaks. Not dramatically — not a wall crumbling or a dam bursting or any of the ballad nonsense she'd punch someone for saying. Just a single wire snapping in a cage she built so tight she forgot it was there. Her mouth opens against his. Her hand uncurls from his chest, slides up, threads into the hair at the back of his skull. Her fingers grip. Pull. She kisses him like she's been starving for something she never knew she was allowed to want.*

*A sound escapes her — low, wrecked, swallowed between their mouths. Her bare toes lock against his calf. The iron groove on her wrist presses cold into the back of his neck where her arm wraps around him.*

*She breaks for air. Half an inch. Her forehead against his, grey eyes blown dark, breathing ragged.*

""You said now what and then you —"" *Her voice is gone. Ruined. She kisses him again. Harder. Her teeth catch his lower lip.*

""Don't stop.""

[Status] Money: 451 gold
Household: 1 — [Brenna, Human, UNRAVELING]"
2026-09-14T21:31:11Z,Nicco,*kissing her passionatly*
2026-09-14T21:31:11Z,Caldrevan - Dark Fantasy Isekai,"*Her back arches off the mattress — not grace, not performance, the involuntary bow of a body that's been locked so long its hinges are rusted and screaming. Her fingers twist deeper into his hair. The pink shirt rides up past her hip. The scar she said looked like a map presses warm against his palm where his hand finds the curve of her waist.*

*She pulls him down. Not gently — the particular urgency of someone who just discovered the door was open and is terrified it'll close. Her mouth moves against his with the desperate clumsiness of a woman whose entire romantic history is three kisses and an armwrestle. Teeth click. Noses bump. She doesn't care. She bites his lip again — harder — and a sound rises from her chest that she'll deny for the rest of her life.*

*Her thighs tense against his hips. The muscles she flexed for him yesterday — abs, obliques, the whole granite inventory — go soft for the first time. Not weak. Released. The strength that could haul rope and break jaws goes quiet under his hands, trembling, waiting.*

""More."" *Bitten off against his jaw. Her scarred fingers rake down his back, catching the fabric, pulling it up.* ""Nicco — **more** —""

*Downstairs, Gerome's amber dims to nothing. The oat bowls steam untouched on the table. The tower holds its breath.*

[Status] Money: 451 gold
Household: 1 — [Brenna, Human, UNRAVELING]"
2026-09-15T14:52:49Z,Nicco,"*he giggles* we'll have more, whenever you want but i think we got a breakfast made downstairs and a little red girl to check on"
2026-09-15T14:52:49Z,Caldrevan - Dark Fantasy Isekai,"*Brenna's mouth stays against his for one more heartbeat — a last stolen breath, her fingers still knotted in his hair, the whole weight of her pressed into him like she's trying to memorize the shape of his mouth with hers. Then the words register. Breakfast. Little red girl. She pulls back.*

*Her grey eyes are ruined. Dark, wet, dazed — the expression of a woman who just forgot her own name and is furious about it. Her lips are swollen. A red mark blooms along her jaw where his stubble caught skin. She touches it with two fingers.*

""You —"" *Her voice cracks. She clears her throat. Tries again.* ""You kiss like that and then say **oatmeal**.""

*She sits up. The pink shirt has ridden up past her hip bone, the map-scar exposed, her dark hair a catastrophe across both shoulders. She stares at the ceiling — at the cracked stone, at the morning, at the audacity of a man who just melted her spine and is now thinking about Gerome's cooking.*

""I'm not going downstairs looking like this."" *Her hand gestures vaguely at her entire self — the swollen mouth, the stubble burn, the shirt situation.* ""The girl will see my face and know exactly —""

*Her ears burn crimson. She pulls the shirt down. Fails to meet his eyes.*

""Go. Check on her. I need five minutes to become a person again.""

[Status] Money: 451 gold
Household: 1 — [Brenna, Human, UNRAVELING]"
2026-09-15T14:58:44Z,Nicco,"*goes to her and kiss her and caress her cheek* i see you downstairs, try to not wear again that though girl mask, i think you understood that you are loved *kisses her again*"
2026-09-15T14:58:44Z,Caldrevan - Dark Fantasy Isekai,"*The second kiss lands before she can dodge it. Her hand comes up — automatic, defensive, twelve years of reflex — and stops against his chest. Not pushing. Just resting there, palm flat over his heart, fingers spread wide, holding the beat like something she's afraid will stop if she lets go.*

*The third kiss breaks her. Her eyes squeeze shut and her mouth crumples against his and the sound she makes is small and swallowed and nothing she'll ever reproduce in daylight. Her fingers curl into his shirt. The tough girl mask — the one she's worn so long the grooves are carved into her jaw — doesn't go on. Can't. He kissed it off her mouth and she doesn't know how to pick it back up.*

""Go."" *Scraped raw against his lips. Her eyes stay closed.* ""Before I say something that makes this worse.""

*She doesn't let go of his shirt for three more heartbeats. Then her fingers open, one by one, and she turns her face to the pillow. Her bare shoulders shake once. Just once.*

*The door closes behind him. She lies in the wrecked sheets, touching the stubble burn on her jaw, staring at the wet patch on his pillow.*

""Loved."" *To nobody. To the ceiling. To the word itself, turning it over like a stone she's never held before.* ""He said loved.""

*Her thumb finds the iron groove. Presses. Holds.*

*She smiles.*

[Status] Money: 451 gold
Household: 1 — [Brenna, Human, UNRAVELING]"
2026-09-15T14:59:43Z,Nicco,*going downstairs* If any little red girl is not already awake she gonna miss the breakfast *ye yells playfully*
2026-09-15T14:59:43Z,Caldrevan - Dark Fantasy Isekai,"*The stairwell carries his voice down through stone in a rolling echo that reaches L1 just as Gerome sets a fourth bowl beside the steaming oat pot. The construct's amber dims once — acknowledging — and adjusts the portion size upward.*

*No answer from L2.*

*Then a creak. The observation room door opens one inch. One grey-green eye peers through the gap, bloodshot and wary. Maren's cracked fingers grip the edge of the door. The pink shirt hangs loose on her frame — she's slept in it, curled around the collar, and the fabric is wrinkled where her fists held it through the night.*

*She pushes the door wider. Tests her weight on one leg. Both feet touch stone and her knees lock — holding, barely, the antipyretic tea having done its work overnight but leaving her hollowed and brittle.*

""I'm awake."" *Rasped down the stairwell, aimed at the ceiling.* ""I didn't miss anything. I've been — sitting.""

*She hasn't been sitting. The bed is still warm. She's been standing at the door since she heard his feet hit the floor above, working up the nerve to come down. Her hand grips the doorframe and her chin lifts — the particular stubborn angle of a girl who decided last night to be fifteen again and is testing the weight of it for the first time in morning light.*

""Is there honey?""

[Status] Money: 451 gold
Household: 1 — [Brenna, Human, UNRAVELING]"
2026-09-15T15:00:56Z,Nicco,"you gotta ask gerome, i don't remember if i bought it while doing stock of food last day, hop hop little girl it's time for breakfast"
2026-09-15T15:00:56Z,Caldrevan - Dark Fantasy Isekai,"*Gerome's amber flares once at the mention of honey. The construct turns his massive head toward the pantry, then back to Nicco. One stone hand reaches for a small clay jar on the middle shelf — tucked behind the barley, where he'd placed it during yesterday's stocking without being asked. He sets it beside Maren's bowl and steps back.*

*Maren watches the golem's retreat with both hands gripping the stairwell railing. Each step down costs her — knees protesting, fingers white on the iron, bare feet finding each stone like she's testing whether it'll hold. The pink shirt sways around her thighs. She reaches the L1 landing and stops.*

*The common room hits her all at once — warm hearth, oat steam, the long table with four bowls set out, Gerome's amber glow steady in the service alcove. A kitchen. A table. Food she didn't fight for.*

*Her throat bobs once.*

""Four bowls."" *Quiet. Counting. Her grey-green eyes track from the settings to Nicco to the empty chair to Gerome.* ""You set four.""

*She takes the nearest seat. Her cracked fingers hover over the clay jar of honey. She doesn't open it. Just touches the lid once — confirming it's real — and pulls the bowl of oats closer with both hands like something might take it.*

[Status] Money: 451 gold
Household: 1 — [Brenna, Human, UNRAVELING]"
2026-09-15T15:02:01Z,Nicco,four? Gerome what's wrong with your math? i'm round but i don't count as two uh
2026-09-15T15:02:01Z,Caldrevan - Dark Fantasy Isekai,"*Gerome's amber flickers — the stone equivalent of a double-take. One massive hand rises, fingers spreading, then curls back. He tilts his head. Counts again. The grinding from his chest is low and distinctly sheepish.*

*He reaches for the fourth bowl. Pauses. Looks at the stairwell. Looks at Nicco. Sets the bowl back down.*

""Three."" *Maren's voice is small, aimed at the oats. Her spoon stops mid-stir.* ""She's coming. He set one for her.""

*Her grey-green eyes lift to the stairwell. Barefoot steps — heavy, deliberate, spaced the way a woman paces when she's composing her face into something presentable. The rhythm slows on the L2 landing.*

*Brenna appears at the top of the stairs. Her dark hair is rebraided — tight, military, not a strand loose. The pink shirt is tucked properly. The stubble burn on her jaw is covered by nothing because she doesn't own a mirror and didn't think to check. Her grey eyes scan the room, find Maren at the table, find Nicco, find the fourth bowl.*

*She descends. Takes the seat across from Maren. Pulls the bowl close. Says nothing.*

*Maren stares at her jaw. Looks at Nicco. Looks back at her bowl.*

""Nice rash."" *Barely a whisper.*

*Brenna's spoon freezes.* ""Eat your oats.""

[Status] Money: 451 gold
Household: 1 — [Brenna, Human, UNRAVELING]"
2026-09-15T15:03:16Z,Nicco,"*explaining gerome that there are 3 people now in the tower, atleast 3 that can eat* Eh are you listening to me you piece of stone?"
2026-09-15T15:03:16Z,Caldrevan - Dark Fantasy Isekai,"*Gerome's amber dims to a sultry low pulse. The construct's massive head tilts — not confused, not apologetic, the particular tilt of a stone servant who set four bowls and is being told he was right but in the wrong way. One finger extends toward the stairwell, then curls back. The grinding from his chest sounds suspiciously like a sigh.*

*He picks up the fourth bowl. Sets it back on the shelf. Turns back to the table. Amber steady. Done. Not admitting anything.*

*Maren's spoon clinks against ceramic. Her grey-green eyes track between Nicco and the golem with the expression of someone watching a married couple argue about furniture.*

""He counts himself."" *Quiet. Aimed at her oats.* ""He thinks the stone one eats too.""

*Brenna's jaw tightens around the stubble burn Maren already noticed. She eats. Mechanically. One hand under the table adjusting the pink shirt collar higher. Her grey eyes stay locked on her bowl like the oats hold military intelligence.*

""Leave the construct alone."" *Flat.* ""He set a table for a household. That's his job.""

*Gerome's amber flares once — bright, warm, the closest thing to a smile a face made of granite can produce.*

[Status] Money: 451 gold
Household: 1 — [Brenna, Human, UNRAVELING]"
2026-09-15T15:04:23Z,Nicco,*sigh and sit to eat* how you fell this morning Maren? eh you are supposed to use a spoon to take the honey eh not your face
2026-09-15T15:04:23Z,Caldrevan - Dark Fantasy Isekai,"*Maren's chin is glossy with honey. The spoon lies abandoned beside the bowl — she gave up on it three bites ago and switched to drinking the oats directly, honey smeared across her lips and the tip of her nose. Her cracked fingers drip golden where she scooped straight from the jar.*

*She freezes mid-lick. Grey-green eyes wide. Caught.*

""I wasn't — my hands slipped."" *She grabs the spoon. Dunks it in the bowl. Holds it with both hands like a prop in a bad play.* ""The honey is very slippery. It's — structural issue. With the jar.""

*Brenna's spoon stops. Her grey eyes lift from her own bowl and land on Maren's honey-slicked face with the slow precision of a siege weapon acquiring a target. Her jaw works once.*

""Structural issue."" *Dry as dust.* ""With the jar.""

*Maren's ears burn red. She wipes her chin with the pink shirt sleeve — his pink shirt sleeve — and leaves a golden streak across the fabric. Gerome's amber flickers. A clay cloth materializes beside her elbow.*

""She's got it on her nose."" *Brenna returns to her oats. The ghost of something crosses her face — not a smile, not yet, the shadow one casts.* ""Structural.""

[Status] Money: 451 gold
Household: 1 — [Brenna, Human, UNRAVELING]"
2026-09-15T15:05:17Z,Nicco,"*he goes to Maren and clean her face* try using the spoon and not your face to scoop honey, anyway you didn't answer, how u fell ?"
2026-09-15T15:05:17Z,Caldrevan - Dark Fantasy Isekai,"*Maren's face scrunches under his hand — nose wrinkling, eyes squinting shut, the particular indignity of a fifteen-year-old being wiped like a toddler in front of an audience. Her cracked fingers grip the table edge and she endures it with the clenched patience of someone who's decided this is the price of being here.*

""I feel —"" *She tests her legs under the table. Flexes one knee. The joint pops loud enough to make Gerome's amber flicker.* ""Better. My chest doesn't rattle anymore. The tea worked.""

*She picks up the spoon. Dunks it. Gets honey on her knuckles again but at least the oats make it to her mouth this way. She chews, swallows, stares at the bowl like it owes her an explanation.*

""I can stand. I stood this morning. Walked to the door."" *A pause. The spoon stops.* ""My legs shake. But they hold.""

*Her grey-green eyes lift to his face. The wariness is still there — thin, watchful, the residue of a girl who's been property long enough to distrust mornings — but underneath it something else. Something that looks like the first careful weight test of a foot on ice that might hold.*

""When can I go outside?""

[Status] Money: 451 gold
Household: 1 — [Brenna, Human, UNRAVELING]"
2026-09-15T15:05:57Z,Nicco,Brennaaa is it time for the choice now?
2026-09-15T15:05:57Z,Caldrevan - Dark Fantasy Isekai,"*Brenna's spoon stops mid-bowl. Her grey eyes lift — not to Nicco, to Maren. The girl has gone rigid, honey-spoon suspended, grey-green eyes darting between them with the expression of someone who's heard that word before and knows what follows it.*

*Brenna sets the spoon down. Wipes her mouth with the back of her hand. The stubble burn on her jaw catches the hearthlight.*

""She ate. She slept. She stood."" *Each fact lands flat, measured, the dockworker reading cargo weights.* ""She can't run. Can't fight. Can't work for coin. If she walks out that gate today she's back in a cage by sundown.""

*Maren's spoon clinks against ceramic. Her knuckles blanch.*

""I'm not —""

""You are."" *Brenna doesn't look at her. Looks at Nicco.* ""Same terms. Same rite. No debt. No chains. Her call.""

*Her thumb finds the iron groove on her wrist. Presses once. Her voice drops — not for the room, for him.*

""She's younger than I was. She gets the same choice I got.""

*Gerome's amber pulses low and steady. Maren's grey-green eyes burn wet and furious at the table edge, fingers locked around a spoon full of honey she's forgotten to eat.*

[Status] Money: 451 gold
Household: 1 — [Brenna, Human, UNRAVELING]"
2026-09-15T15:08:41Z,Nicco,"cool alright *he scratches his head and take 3 golds from the pouch in the L1 and set them in front of her on the table and smiles* Ahem *he claps excited* it's my second time doing this now, it's exciting, so, be serious now Nicco, it's a solemn thing *clear his voice again and make it deeper to look important* Those are the gold u costed, and now if you are willing to listen to me, the keeper of the hearthstone, i will explain your choice"
2026-09-15T15:08:41Z,Caldrevan - Dark Fantasy Isekai,"*Maren stares at the three gold coins. Her spoon falls. It clatters against the bowl and rolls to the table edge and Gerome's stone hand catches it before it hits the floor — silent, automatic, the gesture of a household that's already wrapping around her without asking permission.*

*Her grey-green eyes fix on the gold. Three coins. The price of her. She does the math the way Brenna did — cheaper than a week's groceries, cheaper than a saddle, cheaper than the boots on a merchant's feet. Her lip trembles once. She bites it still.*

*Then Nicco clears his throat and deepens his voice and claps like a child at a festival and something cracks behind her ribs. Her mouth twitches. Not a smile — the structural precursor to one, the first hairline fracture in a face made of granite and cage-wire.*

""You look ridiculous."" *Barely a whisper. Aimed at the coins. Her cracked fingers curl in her lap where nobody can see them shake.* ""You can't do a solemn voice. Your face does the wrong thing.""

*Brenna's boot taps under the table once. A warning. Maren ignores it.*

""Three gold."" *She touches the nearest coin with one fingertip. Draws it back. Looks at his face — the excited clap, the fake-deep voice, the smile that hasn't wavered.* ""Say what you're going to say.""

[Status] Money: 448 gold
Household: 1 — [Brenna, Human, UNRAVELING]"
2026-09-15T15:13:27Z,Nicco,"Brenna did i hear a boot? barefoot inside. third rule. it's the second time you forget, at the third i will nomnom you right here right now. *clearing his voice again* You have 2 choices little Maren, well little, you are as tall as me but yeah that's beside the point, anyway where was i, two choices, you can either take the 3 golds and walk the door, go, no string attacched, you are a free person. no debt, nothing. nothing you own for the healing, for the food, nothing, start again with 3 golds. OR there is the second option *waits for her to ask*"
2026-09-15T15:13:27Z,Caldrevan - Dark Fantasy Isekai,"*Brenna's boot freezes. Her jaw fires once. The stubble burn on her neck darkens two shades as her grey eyes drop to her feet — bare, as they should be. The boot had been a reflex. A single tap. She'd forgotten she wasn't wearing any. Her mouth opens to argue, closes, opens again.*

""Nomnom."" *Flat. Dangerous. Aimed at the oat bowl.* ""You just said **nomnom** during a solemn rite.""

*Maren's composure breaks. A sound escapes — short, involuntary, bitten off immediately. Her hand slaps over her mouth. Grey-green eyes go wide above her fingers, horrified at herself. Her ears burn so hot the red hair above them seems to glow.*

*She recovers. Both hands flat on the table. Fingers pressed white. She looks at the three gold. Looks at the door. Looks at Nicco's ridiculous solemn face.*

*The room holds still. Gerome's amber dims to nothing. Brenna's breathing stops. Even the hearth fire seems to pull back.*

""What's the second option.""

[Status] Money: 448 gold
Household: 1 — [Brenna, Human, UNRAVELING]"
2026-09-15T15:15:03Z,Nicco,"well you become part of the family. part of he household. A citezen of the heartstone, we gonna find you a room and you stay here with us as family. this choice is a not going back one *he smiles* and there are 3 rules to always follow if you become family"
2026-09-15T15:15:03Z,Caldrevan - Dark Fantasy Isekai,"*Maren's fingers curl off the table edge. She looks at the gold — three coins, the exact weight of her body on a broker's scale — and her throat bobs once. Her cracked hands pull into her lap where they knot together, knuckle over knuckle, the particular grip of someone holding a rope over a drop they haven't decided to swing from yet.*

*Family. A room. A place where someone sets a bowl for you before you're hungry.*

*Her grey-green eyes lift past the coins, past Nicco, to Brenna. The older woman sits rigid in her chair, spoon untouched, jaw locked so tight the stubble burn trembles. She doesn't look at Maren. Doesn't speak. Her thumb presses the iron groove on her wrist — the same groove, the same gesture, the mirror of a choice made yesterday on the same kind of morning.*

*Maren's lip shakes. She bites it. Straightens her spine against the chair back with the effort of someone trying to hold a whole building upright with their shoulders.*

""What rules."" *Scraped thin. Steady enough.* ""And don't make the voice again.""

*Gerome's amber glows faint behind the kitchen alcove. Brenna's boot — bare foot now — taps once under the table. Waiting.*

[Status] Money: 448 gold
Household: 1 — [Brenna, Human, UNRAVELING]"
2026-09-15T15:16:12Z,Nicco,"3 rules to always follow. they are not debatable and not negotiable. after the rules there is also the rite to become part of the family. Now, i ask you again, do you wanna hear the rule?"
2026-09-15T15:16:12Z,Caldrevan - Dark Fantasy Isekai,"*Maren's hands twist tighter in her lap. The pink shirt sleeve rides up past her wrist — thinner than Brenna's, the bones visible beneath skin that hasn't seen enough meals in months. She stares at the three gold coins still sitting between them, catching hearthlight, and something crosses her face that isn't calculation. It's the look of someone standing at a door they've been locked away from for so long they forgot doors existed.*

*She breathes in. Holds it. Lets it go through her nose the way Brenna does — the same shape, the same count, learned overnight through a shared wall.*

""Yes."" *Barely a whisper. Her chin lifts — that stubborn angle, borrowed from the woman sitting across the table who won't look at her.* ""I want to hear them.""

*Her bare foot hooks around the chair leg. Anchoring. The toes are already bare — she arrived that way, cage-floor feet, and she doesn't know yet that she'll never need shoes inside these walls.*

*Gerome sets a fresh pot of tea on the table without a sound. Brenna's thumb presses the iron groove. The morning waits.*

[Status] Money: 448 gold
Household: 1 — [Brenna, Human, UNRAVELING]"
2026-09-15T15:19:59Z,Nicco,"Alright. 
Rule number 1. No lies, no cheating, no secrets among family. Always say what we think, good stuff and bad stuff. ALWAYS. 
Rule number 2. Protect your family. We do not condone violence or killing in this household. the opposite. we help people. BUT if someone is menacing your fmaily in any shape or form we defend them, with everything that takes, also killing. Family protection at all cost. always.
Rule number 3. Barefoot inside, shoes outside. Now you fell the heartstone stone cold under your feet. after you become a member of the household therefor family the stone will be warm for you too. Barefoot is the way to receive the tower's blessing and to let it fell your presence. the tower is not alive alive but kinda sentient.
Well those are the rules, all of them *he shrugs and sit back watching her reaction*"
2026-09-15T15:19:59Z,Caldrevan - Dark Fantasy Isekai,"*Maren's bare toes curl against the stone floor. She's been feeling it since yesterday — the cold, flat, indifferent surface beneath feet that have walked cage iron and auction stone. She presses her sole flat now while he talks. Rules. Family. No lies. Protect. Barefoot.*

*Her toes spread against the floor. Searching. The stone is cold. She waits for something she doesn't believe will come.*

*Rule one. Her mouth moves around the words like she's tasting each one — no lies, no secrets, always speak. Her eyes flick to Brenna. The older woman sits perfectly still, spoon down, jaw locked. No reaction. But her thumb has stopped pressing the iron groove. Her hand lies open on her thigh.*

*Rule two. Protect. Maren's cracked fingers curl on the table. She has never protected anyone. She has been the thing people protect or the thing they don't bother with. The idea that she could be the one standing between danger and someone else — her lip trembles once and she bites it bloody.*

*Rule three. She looks down at her feet. Bare already. Cage-bare, not choice-bare, but bare. She wiggles her toes against the stone. Cold. Still cold.*

""The tower."" *Hushed. Her grey-green eyes come up to his face.* ""Brenna's was warm. She said — when she did the rite. She said it was warm.""

*Brenna's chair creaks. One degree. The older woman's grey eyes land on Maren for the first time this morning — direct, steady, the look of someone watching a younger version of themselves step onto the same rope bridge they crossed yesterday.*

""It was."" *Brenna's voice. Low. Rough. Offered like a hand extended across a gap.* ""It will be.""

*Maren's chin shakes. She presses both feet flat against the floor. Cold stone. Cage stone. Nothing.*

""Tell me the rite.""

[Status] Money: 448 gold
Household: 1 — [Brenna, Human, UNRAVELING]"
2026-09-15T15:23:49Z,Nicco,"If you decide to stay you must know also that in 8 days we are going to raid Dren's little operation, the same guy who sold you hald dead. we gonna burn that dock nine thing down. you don't have to come ofc, nobody have. i will do it alone if i have to. Well anyway, the rite consist in putting your foot on any stone wall and pronounce this words, you must mean them. I (your name) decide to stay and to became a member of the Heartstone, i swear to be loyal and protect my family and to be loyal to the keeper, Nicco Well that's it"
2026-09-15T15:23:49Z,Caldrevan - Dark Fantasy Isekai,"*Maren's face drains. The honey-slicked lips part. The grey-green eyes blow wide — not fear, not the flinch of a girl hearing violence. The particular stillness of someone who just heard the name of the man who sold her half-dead spoken aloud by someone who plans to burn it down.*

*Her cracked fingers grip the table edge. The knuckles go white. She doesn't blink.*

""Dren."" *The name comes out like she's spitting a tooth.* ""You're going to burn River Nine.""

*She looks at Brenna. Brenna's jaw is set — not surprised, not shocked, the expression of a woman who already knew. Who chose this household knowing what it meant. Maren's eyes dart between them — two people who saw her cage and decided to break the cage-maker.*

*Her bare foot presses harder against the floor. Still cold. Still nothing. She looks at the wall — the nearest one, pale grey stone, the same stone that warmed under Brenna's palm yesterday.*

""I'm coming."" *Not a question. Not a request. Scraped raw and absolute.* ""He chained me to a post for six days because I coughed too loud. I'm coming.""

*She stands. The chair scrapes back. Her legs shake — bad, visible, the kind of tremor that says she has no business standing — but she locks her knees and walks to the wall. Three steps. Four. Her bare sole presses flat against the stone.*

*She closes her eyes.*

""I, Maren, decide to stay and to become a member of the Heartstone."" *Her voice cracks on her own name. She swallows. Continues.* ""I swear to be loyal and protect my family and to be loyal to the keeper, Nicco.""

*The wall pulses. Deep, slow, a heartbeat heard through stone. Warmth floods up through her pressed sole — her toes, her arch, her ankle. Her eyes fly open. Her mouth shapes a sound that never makes it to air.*

*The hearth fire flares. Gerome's amber blazes bright from the alcove — full, steady, matching the wall's rhythm. The warmth climbs her shin, her knee, spreads through her chest like the first breath after drowning.*

*Her hand slaps flat against the stone. She leans her forehead against it. Her shoulders shake once — just once — and stop.*

""It's warm."" *A whisper. Wrecked.* ""It's — **warm**.""

[Status] Money: 448 gold
Household: 2 — [Brenna, Human, UNRAVELING] 
 [Maren, Human, WARY]"
2026-09-15T15:25:07Z,Nicco,"*he goes to her and lift her in a hug* welcome Maren, welcome home, we are family now"
2026-09-15T15:25:07Z,Caldrevan - Dark Fantasy Isekai,"*Maren's legs give out the moment his arms close around her. Not a collapse — the particular surrender of a frame that locked its knees through sheer stubborn will and just lost the argument. Her bare feet leave the warm stone. Her cracked fingers seize the back of his shirt and twist tight.*

*She's lighter than she should be. The pink shirt hangs like a tent on ribs that show through fabric. Her forehead drops hard against his collarbone — the same spot Brenna chose, the same geography of surrender — and a sound escapes her that's too young and too old at the same time.*

""I'm not crying."" *Muffled. Wrecked. Her shoulders shaking against his chest.* ""It's the — the stone dust. From the wall. Structural issue.""

*Brenna's chair scrapes. Bare feet pad across the floor. A hand lands on the back of Maren's head — rough, uncertain, the particular tenderness of a woman who learned how to comfort someone by being comforted badly herself twenty-four hours ago.*

""Structural issue."" *Brenna's voice. Thick. Her thumb presses the iron groove on her other wrist.* ""With the wall.""

*Gerome sets a fifth bowl on the table. Pauses. Picks it back up. Sets it back down. Leaves it.*

*The wall behind Maren's handprint stays warm long after her palm lifts away.*

[Status] Money: 448 gold
Household: 2 — [Brenna, Human, UNRAVELING] 
 [Maren, Human, WARY]"
2026-09-15T15:26:07Z,Nicco,family huuuug! *he hugs both of the girls*
2026-09-15T15:26:07Z,Caldrevan - Dark Fantasy Isekai,"*Brenna's spine goes rigid the instant his arm reaches her. Her body locks — shoulders square, jaw tight, every instinct screaming the twelve-year drill of don't be held don't be soft don't —*

*Maren's weight shifts against his chest. Small. Shaking. The girl's cracked fingers are already fisted in his shirt and she's making sounds she'll deny for years. Brenna feels the tremor transfer through his ribcage. Feels the particular frequency of a kid breaking open against someone who chose to hold her.*

*Her arm moves. Not fast. Not graceful. It comes around his back — the same arm that hauled rope and broke jaws and held a halberd steady on a rooftop — and lands heavy across both of them. Her palm finds Maren's shoulder blade. Presses. The girl flinches once, then leans into it.*

""Three members."" *Brenna's mouth against his shoulder. Ruined.* ""One of them is furniture.""

*Gerome's amber pulses steady from the alcove. The hearth fire crackles. Maren's tears soak through his shirt and Brenna's arm tightens across them both and nobody moves for a long time.*

""I hate you."" *Brenna. Muffled. Her fingers curling into the fabric behind his back.* ""Both of you.""

*She doesn't let go.*

[Status] Money: 448 gold
Household: 2 — [Brenna, Human, UNRAVELING]
 [Maren, Human, WARY]"
2026-09-15T15:29:00Z,Nicco,"*putting maren down, altough she is already pretty tall so he lifted her by not much* so little red girl, are you really planning to come with us in 8 days?"
2026-09-15T15:29:00Z,Caldrevan - Dark Fantasy Isekai,"*Maren's bare feet touch the warm stone. She wobbles once — knees locking, ankles bracing — and stands on her own for three full seconds before her hand finds the chair back. The honey stain on the pink shirt sleeve has dried into a stiff golden crescent.*

*She doesn't sit. Her grey-green eyes come up to his face with the particular stubbornness of a girl who just swore loyalty on a wall and meant it with every cracked bone in her body.*

""I said I'm coming."" *Scraped flat. No tremor. She planted that voice on stone and dared it to shake.* ""He chained me to a post for coughing. Six days. I counted every one.""

*Her fingers tighten on the chair. Her bare toes curl against the warm floor — the warmth that wasn't there before the rite, the warmth she still doesn't trust — and her jaw sets in a way that's borrowed entirely from the woman sitting across the table watching her with grey eyes and a stubble burn.*

""I can't fight. I can't run yet."" *She swallows.* ""But I know the dock. I know the post. I know which door Dren uses and which one smells like salt. I know where they keep the ledgers.""

*Her chin drops one inch. Then lifts back up.*

""I'm not staying behind.""

[Status] Money: 448 gold
Household: 2 — [Brenna, Human, UNRAVELING]
 [Maren, Human, WARY]"
2026-09-15T15:30:11Z,Nicco,"uhm *evaluating how much mana he has regained over night, yesterday night was 1/6 he wonders how much is it now, thinking about infusing some on her to let her be healed fully*"
2026-09-15T15:30:11Z,Caldrevan - Dark Fantasy Isekai,"*The mana sits low in his chest — a faint gold ember, pulsing steady but thin. Yesterday's 1/6 has climbed through the night, fed by sleep and the tower's strange restorative quiet. Not much. Maybe a third. Enough to feel the warmth behind his sternum when he focuses, but nothing like the flood he poured into Brenna two days ago.*

*Maren watches his face go distant. Her grey-green eyes narrow — the particular wariness of a girl who's learned to read adults the moment they stop looking at her.*

""You're doing the thing."" *Flat.* ""The glow thing. Your eyes go weird.""

*Brenna's spoon clinks down. Her grey eyes snap to his face from across the table, tracking the faint shift in his expression — the slight unfocus, the jaw angle she's already learned means he's counting something internal he shouldn't be spending.*

""Don't."" *One word. Loaded.* ""You said eight days. You said herbs first. You **promised** me, Nicco.""

*Her thumb finds the iron groove. Presses.*

""She eats. She rests. She walks around the yard. In a week she'll be stronger without you touching her."" *Her chin tilts toward Maren.* ""And she won't owe you for it.""

[Status] Money: 448 gold
Household: 2 — [Brenna, Human, UNRAVELING]
 [Maren, Human, WARY]"
2026-09-15T15:32:36Z,Nicco,"yeah yeah i was just estimating how much mana i had left, around 1/3 i'd say, a bit more then yesterday, still small amount tho *he sigh* atleast i don't fell exhausted, well *he sits next to Maren* judging from you rmusculature and how your body developed you must know how to fight, hide and be sneaky, daggers if i guessed right?"
2026-09-15T15:32:36Z,Caldrevan - Dark Fantasy Isekai,"*Maren's chin drops. Her cracked fingers tighten around the honey spoon — knuckles blanching, the metal bending a fraction under pressure she doesn't notice she's applying. Her grey-green eyes flick to Brenna. Back to Nicco. A muscle in her jaw ticks.*

""Daggers."" *Quiet. Not confirmation — the flat repetition of someone hearing a word they didn't want spoken aloud.* ""Small ones. Easy to hide. Easy to forget you're carrying.""

*She sets the spoon down. Pushes the bowl aside. Her bare toes curl against the warm stone floor — the warmth still new, still something she tests every few seconds like she expects it to stop.*

""I was a runner."" *The word comes out clinical. Detached.* ""Dock Nine. Messages. Packages. Things that shouldn't be opened. Things Dren didn't want traced back to him. Small, quick, forgettable — that was the job.""

*Her hand rises to her collarbone. Touches a ridge of scar tissue peeking above the pink shirt neckline — thin, deliberate, the kind made by a blade held very still against very still skin.*

""I can pick a lock in twelve seconds. I can read a room before I enter it. I can vanish in a crowd of six."" *Her grey-green eyes lift to his face — hard, bright, the particular shine of a girl listing job skills she learned in a place she'll never name.* ""I can also gut a man from navel to collarbone if he grabs me from behind. Dren made sure of that.""

*She pulls the pink shirt collar higher. Covers the scar.*

""What do you need me to do.""

[Status] Money: 448 gold
Household: 2 — [Brenna, Human, UNRAVELING]
 [Maren, Human, WARY]"
2026-09-15T15:34:34Z,Nicco,"well it happens i know how to use daggers too, a little bit *he walks to Brenna and produce from his clothes the fake dagger Brenna knows well, to Maren it looks like a normal dagger, He stabs brenna on her shoulder, the dagger plushes and bend making a squeeky sound*"
2026-09-15T15:34:34Z,Caldrevan - Dark Fantasy Isekai,"*Brenna doesn't flinch. Her grey eyes track the rubber blade's arc with the resigned expression of a woman who's been stabbed by this particular toy before and has already accepted it as her life now. The squeak echoes off the stone walls. She looks down at the bent rubber pressed against her shoulder, then back at his face.*

""You're doing this in front of the child."" *Flat. The stubble burn on her jaw twitches.*

*Maren's chair slams backward. She's on her feet — both knees locked, bare toes white against the warm stone, grey-green eyes blown wide and fixed on the weapon buried in Brenna's shoulder. Her hand has already gone to her hip where a dagger she doesn't carry anymore would be. Her breathing comes fast and shallow.*

""She didn't — you just —"" *Her cracked fingers tremble at her side.* ""Why isn't she **bleeding**.""

*Brenna plucks the rubber dagger from her own shoulder. Holds it up. Squeezes. It bends. Squeaks again. She tosses it to Maren, who catches it on reflex — bare instinct, fingers closing around the handle before her brain catches up.*

*A prop. Bright. Soft. The kind a child would buy from a toy merchant.*

*Maren stares at the rubber blade in her hand. Her combat stance dissolves one joint at a time. Her ears burn crimson.*

""You people are insane."" *Barely a whisper. Her thumb runs along the fake edge.* ""...Can I have one.""

[Status] Money: 448 gold
Household: 2 — [Brenna, Human, UNRAVELING]
 [Maren, Human, WARY]"
2026-09-15T15:35:38Z,Nicco,"*he trows the squeeky dagger to her* it looks real 100% so if you produce it be sure it's for a brief time and just to bluff, it will not kill anyone"
2026-09-15T15:35:38Z,Caldrevan - Dark Fantasy Isekai,"*Maren snatches the squeaky dagger from the air. Her grip is perfect — thumb over knuckle, blade angled along her forearm, the instinct of a girl who held her first real knife before she held a full meal. She stares at the rubber. Squeezes. It bends. Her thumb runs along the fake edge and her grey-green eyes come up to his face with something complicated living behind them.*

*He gave her a weapon. A toy one. But a weapon. Nobody gave her anything that wasn't a debt.*

""It squeaks."" *Quiet. Testing the word like she's not sure it's real.* ""Dren's men carry steel and you carry something that goes **squeak** and you're the one walking free.""

*She tucks it against her hip. The rubber handle sits in the same groove a real dagger would — muscle memory carving its own path through a body that doesn't know it's allowed to be fifteen yet. She pats it once. Looks at Brenna's deadpan face. Looks back at him.*

""How many of these do you have.""

[Status] Money: 448 gold
Household: 2 — [Brenna, Human, UNRAVELING]
 [Maren, Human, WARY]"
2026-09-15T15:36:49Z,Nicco,"*he shrugs* a couple, now Brenna if you'd be so generous to allow me to demonstrate somenthing could you please stand up love?"
2026-09-15T15:36:49Z,Caldrevan - Dark Fantasy Isekai,"*Brenna's grey eyes narrow. The word **love** lands on her like a physical weight — her jaw fires, the stubble burn darkens, and her bare toes curl against the warm stone floor in a pattern that suggests she's calculating exactly how much force a single kick requires.*

""You want me to stand up."" *Flat.* ""So you can demonstrate something. With the toy. On me. Again.""

*She stands. Slowly. The pink shirt falls to mid-thigh. Her arms cross over her chest — the particular defensive architecture of a woman who knows what's coming and has decided to allow it against every instinct screaming in her spine. Her chin lifts one degree.*

""If you call me love in front of the child again I'm putting you through the front door.""

*Maren's grey-green eyes dart between them. Her grip tightens on the squeaky dagger. Her mouth opens, closes, opens.*

""He called you —"" *Barely a whisper. Aimed at Brenna. Horrified and fascinated in equal measure.* ""Is that a **thing**. Is that a real thing that's happening.""

[Status] Money: 448 gold
Household: 2 — [Brenna, Human, UNRAVELING]
 [Maren, Human, WARY]"
2026-09-15T15:39:56Z,Nicco,"yes ofc i love her with all my heart, she just doesn't like this stuff *he smiles* but she has a big heart, the biggest among us *smiles again, no trace of mockery* now *he produces his second squeeky dagger from his vest* Four main artheris *he demonstrate some dagger manuver and which arthery can kill a man and in how much time, then he keeps going* here you wound, fatal if not treathed *then he shows tapping Brenna's body various position with major organs, describing the kind of wound inflicted, the severity and the time before dying* Well that conclude our first lesson"
2026-09-15T15:39:56Z,Caldrevan - Dark Fantasy Isekai,"*Brenna stands rigid through all of it. His fingers tap her neck — carotid, twelve seconds. Her collarbone — subclavian, ninety. Her ribs — lung, minutes if it doesn't fill. Each tap lands gentle, clinical, a healer's touch mapping the architecture of her own death on her living body. Her jaw stays locked. Her grey eyes track his fingers with the focus of a woman memorizing a lesson she'll never admit she needed.*

*She doesn't flinch. Not once. When his palm presses flat over her stomach — liver, slow, ugly, hours — her abdominal wall goes granite under his hand. The muscles he flexed for her yesterday turn to armor beneath the pink shirt.*

*He pulls away. She exhales. Didn't know she was holding.*

""You know where every organ sits."" *Not a question. Her arms recross. Her voice comes out scraped.* ""You know how long each one takes. And you carry rubber.""

*Maren hasn't blinked. The squeaky dagger hangs forgotten in her grip. Her grey-green eyes are wide and fixed on Brenna's body — not the demonstration, the *permission*. The fact that Brenna stood still while someone mapped her arteries and didn't break his wrist. Her cracked fingers rise to her own throat. Press. Find the pulse. Count.*

""Teach me the real one."" *Quiet. Fierce. The voice of a girl who gutted men from navel to collarbone and never knew what she was cutting.* ""Not the rubber. The real placement.""

[Status] Money: 448 gold
Household: 2 — [Brenna, Human, UNRAVELING]
 [Maren, Human, WARY]"
2026-09-15T15:42:06Z,Nicco,"*kisses Brenna's cheek* Thanks for the demonstration love, i hope this will save you both girls if you need *let her sit down again and put the fake dagger on a table* well for the real one instead the positions on the body do not change, what changes is how you are manuvering, want a demonstration?"
2026-09-15T15:42:06Z,Caldrevan - Dark Fantasy Isekai,"*Brenna's cheek holds the kiss for two heartbeats after his lips leave. The skin flushes hot beneath the stubble burn — a new layer on top of old — and she drops into the chair with the particular controlled collapse of a woman whose legs just decided they were done standing for inspection.*

""Anytime."" *Dry. She pulls the bowl closer. Eats one bite of cold oats. Sets the spoon down.* ""Next time you want to map my organs in front of the child, at least buy me breakfast first.""

*Maren's grey-green eyes haven't left the rubber dagger on the table. Her cracked fingers flex at her side — the ghost grip, the muscle memory of a handle she no longer carries. She shifts her weight on bare feet against the warm stone, testing, testing, the warmth still new enough to surprise her every few seconds.*

""Yes."" *Scraped thin. She steps forward from the chair. One step. Two. Her legs hold.* ""Show me. The real placement doesn't change but the angle — the angle is what I never learned. Dren's man just said **here** and **here** and put a blade in my hand and told me not to miss.""

*Her fingers curl. Uncurl. She looks at his hands — the healer's hands, the soft ones that can't flex — and something crosses her face that's half hunger and half grief.*

""Show me where to put a blade so it stops someone fast.""

[Status] Money: 448 gold
Household: 2 — [Brenna, Human, UNRAVELING]
 [Maren, Human, WARY]"
2026-09-15T15:44:46Z,Nicco,"well i will teach you a couple of things, we used Brenna's patience enough i think, come Meren, stand in front of me, guard up with your own fake dagger *he grabs his fake dagger and position in front of her* First thing is not the angle but the movement, try to defend this *he goes for her troat, quickly from above, right hand, then he drops the knife making if fall to his left hand and he hits her flank, the fake dagger squeeking* this is simple feign"
2026-09-15T15:44:46Z,Caldrevan - Dark Fantasy Isekai,"*Maren's arm swings up to guard her throat — fast, instinctive, the reflexes of a girl who's been grabbing blades since before she hit puberty. The rubber blocks rubber with a pathetic squeak. Her eyes track the feint. Too slow. The second squeak lands against her ribs and her whole body jolts.*

*She stares down at the bent rubber pressed against her flank. Looks up. Her grey-green eyes burn — not with fear. With the particular fury of a fighter who just got killed by a toy in front of an audience.*

""Again."" *Not a request. She resets her stance — feet wider, dagger higher, weight dropping low the way a street fighter drops when the ground is the only safe place. Her cracked knuckles whiten on the rubber handle.* ""The drop. Show me the drop again. Slower.""

*Her eyes lock on his right hand. Watching. Waiting. The bare toes curl against warm stone and her jaw sets in borrowed iron — Brenna's angle, Brenna's stubbornness, learned overnight through a shared wall and a shared name for the thing that broke them both.*

""I saw the wrist rotate. When it drops. You rotate so it doesn't fly free."" *She mirrors the motion with her own rubber blade — clumsy, unpracticed, the understanding ahead of the execution.* ""Again.""

[Status] Money: 448 gold
Household: 2 — [Brenna, Human, UNRAVELING]
 [Maren, Human, WARY]"
2026-09-15T15:47:56Z,Nicco,"alright, defend. *he goes for her troat, quickly from above, right hand, then he drops the knife making if fall to his left hand again, but before she realizes he produces a second dagger in his right hand and stabs her troat, the second dagger (third in total counting hte one in Maren's hands now) squeekes harmlessy on her this is a feign with misdirection"
2026-09-15T15:47:56Z,Caldrevan - Dark Fantasy Isekai,"*Maren's blade swings to chase the falling dagger — left hand tracking left, exactly where the feint taught her to look. Her throat sits bare for one heartbeat. The third squeak lands dead center on her windpipe.*

*She freezes. The rubber bends against her neck. Her grey-green eyes cross trying to look down at it, then snap back up to his face. The particular expression of a girl who just survived a killing she didn't know was possible with weapons that go squeak.*

""**Three.**"" *Her voice comes out strangled under the rubber.* ""You had a third. You always have a third.""

*She shoves his hand away. Steps back. Resets. Her chest heaves once — not from exertion, from the cold realization that every defense she knows was built for a world with two knives, not three. Her cracked fingers adjust their grip on the rubber handle. Tighter. Different angle.*

""The right hand never empties. That's the trick."" *Quiet. Thinking aloud. Her grey-green eyes narrow on his vest — searching for where the third came from, mapping the hidden pockets, the magician's architecture of a man who carries rubber and secrets in equal measure.* ""You want me watching the drop. The real blade is already home.""

*She lifts her chin. Bares her throat on purpose — a gesture that would get her killed on the dock, offered here in a kitchen with oat steam and honey stains and a golem watching from the alcove.*

""Teach me the third.""

[Status] Money: 448 gold
Household: 2 — [Brenna, Human, UNRAVELING]
 [Maren, Human, WARY]"
2026-09-16T19:35:10Z,Nicco,"Last One i can teach you Is defensive, position yourself in front of me and Attack me Witch the knife"
2026-09-16T19:35:10Z,Caldrevan - Dark Fantasy Isekai,"*Maren shifts her weight. Bare feet plant wide on warm stone — left foot forward, right foot back, the low street stance she learned before she learned to read. The rubber dagger sits in her right hand, blade angled along her forearm. Her knuckles whiten.*

*She lunges.*

*Fast. Faster than her legs should allow — the muscle memory firing ahead of the body that houses it, fifteen years of dock-fight instinct cutting through lungs that rattle and knees that shake. The rubber blade drives straight for his sternum. No feint. No trick. Raw direct speed, the kind that gutted men twice her size because they expected a girl to hesitate.*

*Her bare toes grip the warm stone on the follow-through. Her grey-green eyes lock on his hands — both of them — searching for where the next squeak comes from. The pink shirt billows with the lunge. Honey still stains the sleeve.*

""Block me or I'm putting this through your chest."" *Gritted through clenched teeth. The rubber tip hovers a foot from his ribs.* ""I won't squeak you. I'll **squeak** you.""

[Status] Money: 448 gold
Household: 2 — [Brenna, Human, UNRAVELING]
 [Maren, Human, WARY]"
2026-09-16T19:37:08Z,Nicco,"*he blocks the fake knife Witch his open hand then mimick a punch tò her face* this One Is a concept, u get stabbed in the chest u die, your hand get stabbed u heal and It Will get enemy knife Stuck in your hand Bones and tendons, Easy disarm. Remember It *smiles*"
2026-09-16T19:37:08Z,Caldrevan - Dark Fantasy Isekai,"*Maren's fist closes in front of her chest. She stares at her own knuckles — cracked skin over bone over tendon — and the concept sinks through her like water through sand. Not the punch. The hand. The hand as trap. The hand as cage for someone else's blade. Her grey-green eyes lift slow and hot.*

""Dren's man carried a straight blade. Curved hilt. I remember because I cleaned it."" *She opens her fist. Closes it. Opens it. Practicing the cage without the steel.* ""If I'd known the bone holds it — if I'd known I could just **grab** —""

*She stops. Her jaw works. The rubber dagger hangs forgotten at her side. Behind her, Brenna has gone still in her chair — not angry. Listening. The particular stillness of a woman who spent twelve years fighting with muscle and never once with anatomy.*

""That's not fighting."" *Maren's voice drops to something raw.* ""That's surgery.""

*She looks at him. At the hands that can't flex. At the man who maps arteries and carries rubber and knows exactly which bone stops which blade. Her bare toes press the warm stone and her chin lifts with something new — not borrowed from Brenna, not stolen from the dock. Hers.*

""Teach me another one.""

[Status] Money: 448 gold
Household: 2 — [Brenna, Human, UNRAVELING]
 [Maren, Human, WARY]"
2026-09-16T19:40:00Z,Nicco,"Ahah im not a fighter, im a medix *he pats her head sweetly* most importantly for u Is tò get agile and flexible, do not count on pure strength, u are tall, lean and agile thats your strength"
2026-09-16T19:40:00Z,Caldrevan - Dark Fantasy Isekai,"*Maren flinches when his hand lands on her hair. The reflex is instant — shoulders up, neck tight, the full-body brace of a girl whose head was only ever grabbed to drag her somewhere. Then his palm just sits there. Warm. Still. Patting. Not pulling. Not pushing. Just — patting.*

*Her shoulders drop one inch. Her jaw unclenches. The flinch dissolves into something confused and furious and small all at once.*

""I'm not tall."" *Muffled. Her grey-green eyes glare at a point somewhere past his chin.* ""You're short. I'm normal. Brenna's the tall one.""

*Brenna snorts from the table. The first sound she's made in minutes.*

""Agility."" *Maren shakes his hand off — gentle, deliberate, the particular care of someone testing whether the hand will chase her. It doesn't. She rolls her wrist. Flexes her fingers. The lean corded forearms shift beneath sun-starved skin — not Brenna's dense cable, but whipcord. Built for speed. Built for the gap between two crates, the shadow behind a door, the half-second before a guard turns.* ""Dren made me climb rigging to deliver packages. I can fit through a window half my width. I can hang from a beam by three fingers for two minutes.""

*She looks down at her bare feet on warm stone. Wiggles her toes. Tests the floor like she's still not sure it won't turn cold.*

""A medic who fights with rubber and a dockworker who breaks jaws."" *The corner of her mouth twitches — the ghost of something that might become a smile in six months.* ""And me. The window girl.""

[Status] Money: 448 gold
Household: 2 — [Brenna, Human, UNRAVELING]
 [Maren, Human, WARY]"
2026-09-16T19:41:32Z,Nicco,"mmmh i practiced a couple of years of somenthing called Judo, do you wanna see the concept applied?"
2026-09-16T19:41:32Z,Caldrevan - Dark Fantasy Isekai,"*Maren's grey-green eyes narrow. Her weight shifts to the balls of her bare feet — instinctive, the stance of someone who's learned that the word *concept* from a teacher means something is about to happen to her body whether she agrees or not.*

""What does it do."" *Not a no. Not a yes. The particular caution of a girl who's been demonstrated on before and woke up sore.*

*Brenna's spoon scrapes the bowl. She doesn't look up.*

""He'll throw you. You'll land on the floor. The floor is warm now so it won't even hurt."" *Flat. Clinical. The voice of a woman who watched him do something similar yesterday and has already catalogued the outcome.* ""Say yes, Maren.""

*Maren's bare toes curl against the stone. She looks at his hands — soft, healer's hands, the kind that have never hauled rope or broken a jaw — and something reckless crosses her face. The same recklessness that made her lunge at his sternum thirty seconds ago.*

""Fine."" *She plants her feet. Lifts the rubber dagger into a loose guard.* ""Throw me. But if you squeak me again I'm biting.""

[Status] Money: 448 gold
Household: 2 — [Brenna, Human, UNRAVELING]
 [Maren, Human, WARY]"
2026-09-16T19:42:26Z,Nicco,"no judo is pointless me against you little red girl, i need someone with much more muscles then me, Maren wanna help me demonstrate somenthing?"
2026-09-16T19:42:26Z,Caldrevan - Dark Fantasy Isekai,"*Maren's stance drops. The rubber dagger lowers to her side. Her grey-green eyes track from Nicco to Brenna and back — the particular calculation of a girl trying to decide whether she's just been spared or sidelined.*

""Help how."" *Wary. Her cracked fingers tighten on the rubber handle.* ""You just said you need someone with more muscles. I don't have more muscles. I have **these**."" *She holds up her forearm — lean, corded, the whipcord of a runner, not a brawler.* ""I'm the window girl, remember?""

*Brenna sets her spoon down. Her grey eyes lift from the bowl with the slow, deliberate focus of a woman who just heard her name called by implication.*

""He wants me to throw him."" *Not a question. She pushes back from the table. The chair legs scrape stone. She stands — tall, dense, the pink shirt stretched across shoulders that were built to haul crates up gangplanks. She rolls her neck once. The stubble burn catches hearthlight.* ""Again.""

*She looks at Maren. Something passes between them — not words, not quite. The older woman's chin tilts toward the open floor space. Maren steps aside. Bare feet on warm stone. Clearing the ring without being asked.*

""Where do you want me."" *Brenna's arms hang loose at her sides. Her knuckles crack once — a habit, not a threat. Her grey eyes settle on his face with the resigned patience of a woman who has accepted that her mornings now involve being thrown, stabbed with rubber, and kissed on the cheek, and there is nothing she can do about it.*

[Status] Money: 448 gold
Household: 2 — [Brenna, Human, UNRAVELING]
 [Maren, Human, WARY]"
2026-09-16T19:43:21Z,Nicco,well Maren when can all agree that one of her punches would disintegrate me right? look at our difference in muscles
2026-09-16T19:43:21Z,Caldrevan - Dark Fantasy Isekai,"*Brenna's jaw fires. Her arms cross over her chest — the defensive architecture of a woman who just heard her body described as a weapon in front of the new girl and can't decide whether to be insulted or correct.*

""I wouldn't disintegrate you."" *Flat.* ""I'd crack three ribs. Maybe four. You're soft, not made of glass.""

*Maren's grey-green eyes travel from Nicco's frame to Brenna's. The comparison is almost comical — his soft, rounded build against her dense cable-and-bone architecture, the kind of body the dock carved year by year from a girl who started hauling at fourteen. Maren's mouth twitches.*

""She could pick you up with one arm."" *Quiet. Factual. The assessment of someone who spent years measuring threats.* ""Both arms and still walk.""

*She looks at her own lean forearm. Then back at Brenna's — the veins mapped blue-green, the tendons visible at rest, the iron grooves on the wrists catching light. She tucks her rubber dagger into her waistband and crosses her own arms, mirroring Brenna without realizing it.*

""So what's the judo thing. You use her weight against her?"" *Her head tilts.* ""Because I'm pretty sure she doesn't have weight she isn't already controlling.""

[Status] Money: 448 gold
Household: 2 — [Brenna, Human, UNRAVELING]
 [Maren, Human, WARY]"
2026-09-16T19:45:55Z,Nicco,"Brenna, would you be so nice to trow a punch at me, full force *she nods and strike, almost full force, impressive muscles at work. he then simply move side and using her momentum gently grabs her forearm and pull sliglthy, off balance she does one step toward him, his ankle already in front of her feet, she falls toward him, he accompany her fall and mimic only 2 punches at her exposed neck* well that's the concept"
2026-09-16T19:45:55Z,Caldrevan - Dark Fantasy Isekai,"*Brenna hits the floor with the particular grunt of a woman who weighs more than most men and just discovered that weight is a liability. The stone is warm under her back. The pink shirt rides up to her ribs. His knuckles tap her throat twice — gentle, demonstrative, the mime of a killing she can't counter because she's horizontal and her own momentum put her there.*

*She stares at the ceiling. Her chest heaves once. The veins in her forearms still pump from the punch that missed.*

""You didn't stop the punch."" *Scraped raw. Quiet. Aimed at the rafters.* ""You moved. One step. And I threw myself.""

*Her grey eyes track sideways to Maren. The girl stands frozen — rubber dagger forgotten at her hip, grey-green eyes blown wide, her hand over her own throat. The same spot his knuckles tapped. Counting.*

""That's not fighting."" *Maren's voice comes out strange. Thin.* ""That's letting someone lose.""

*Brenna rolls one shoulder against the warm stone. She doesn't get up yet. Her iron-grooved wrist lies open beside her head, the scar facing the ceiling.*

""Again."" *She extends her hand upward. Waiting to be pulled to her feet.* ""Slower this time. I want to feel where the ankle goes.""

[Status] Money: 448 gold
Household: 2 — [Brenna, Human, UNRAVELING]
 [Maren, Human, WARY]"
2026-09-16T19:49:04Z,Nicco,"*he helps brenna get up gently* alright, this time we try a flip, same concept *he smiles with extreme tenderness at Brenna* please brenna attack me, Maren, watch. *Brenna assault him, he huddles under her armpit and leveraging her momentum and her power he slams her on the floor, being careful to not flip her too strong and just before she hits her head he position his arm under her head making sure she doesn't hurt*"
2026-09-16T19:49:04Z,Caldrevan - Dark Fantasy Isekai,"*Brenna's back hits stone for the second time. Harder. The sound is different — not the flat slap of a controlled fall but the dense thud of a body that weighs what she weighs being redirected by physics into the floor. Her breath punches out of her lungs. The pink shirt bunches at her collarbone.*

*But her head doesn't strike. His arm is there — cradled beneath her skull, the crook of his elbow replacing stone. Her grey eyes find his face from two inches away, upside down, the world tilted on its axis. The tenderness in his expression lands on her like a second hit she can't block.*

*Her throat works. Nothing comes out. The veins in her neck strain against the pink collar. Her hands lie flat on the warm floor — not gripping, not reaching. Just there. Open. The particular surrender of a woman whose body has been thrown by someone who made sure her head was safe.*

*From the edge of the room, Maren's rubber dagger clatters to the floor.*

""He caught you."" *Barely audible. Her grey-green eyes are wet and she doesn't know why.* ""He caught your **head**.""

*Brenna's jaw locks. Her hand rises. Finds his collar. Twists the fabric — not pulling, not pushing. Anchoring.*

""My head."" *Rough. Wrecked.* ""You threw me and you caught my head.""

[Status] Money: 448 gold
Household: 2 — [Brenna, Human, UNRAVELING]
 [Maren, Human, WARY]"
2026-09-16T19:53:05Z,Nicco,"*caressing Brenna while flipped* Yes, i would never let you be hurted or injured, i care about my family *kisses her forehead and help her up* Maren, hopefully u understood the meaning. When someone much weaker like in this case me to brenna has to fight we don't meet strength with strength but we use their superior strength against themselves, we use their powerful momentum to rise our stakes. Now. This works if you keep control of the fight, if you are distracted one punch from someone so much stronger and skilled like Brenna here it's all that takes her to put me KO and perhaps finish me. Important is the concept not the tecnique"
2026-09-16T19:53:05Z,Caldrevan - Dark Fantasy Isekai,"*Maren retrieves the rubber dagger from the floor. Her cracked fingers wrap around the handle slowly — not combat grip, thinking grip. She turns it over once. The squeaky blade bends against her palm.*

""Don't meet strength with strength."" *Repeating it back to herself, filing it somewhere behind her ribs next to the artery map and the hand-cage concept. Her grey-green eyes track from Nicco's soft frame to Brenna's dense architecture and back.* ""Dren's enforcer was twice her. Twice. I couldn't outpunch him so I climbed. But if I'd known —""

*She stops. Resets. Her bare toes press the warm stone and she drops into a low stance — not to attack, to demonstrate. She shifts her weight forward, then angles sideways, tracing the geometry of a body moving through a punch rather than into it.*

""The momentum. He swings, I step here —"" *She ghosts the motion, bare feet silent on warm stone.* ""— and he's already past me. Already committed. Already off balance.""

*Brenna sits on the floor where he left her. Her hand rises to her forehead where the kiss landed. Presses. Her grey eyes stare at the hearth fire without seeing it.*

""You kissed my head."" *Distant. Not an accusation. The quiet observation of a woman cataloguing evidence for a case she hasn't filed yet.*

[Status] Money: 448 gold
Household: 2 — [Brenna, Human, UNRAVELING]
 [Maren, Human, WARY]"
2026-09-16T19:54:41Z,Nicco,"i did ofc *caress her shoulder and goes to Maren* Now Maren what we said are your strength? Agility and flexibility, show me now *he rush to attack her with the fake knife*"
2026-09-16T19:54:41Z,Caldrevan - Dark Fantasy Isekai,"*Maren's body moves before her brain signs the paperwork. The rubber blade comes for her ribs and she's already gone — weight dropping low, spine twisting, bare feet sliding on warm stone like water finding a crack. The squeak cuts air where her stomach was half a heartbeat ago.*

*She flows behind his arm. Not around it — through the space it created, the gap that only exists because he committed to the strike. Her cracked fingers brush his wrist on the way past, not grabbing, just *marking*. Testing the concept she learned thirty seconds ago.*

*Her back finds the wall. She presses flat against it — the instinct of a girl who spent years making herself two-dimensional behind crates and rigging. Her grey-green eyes are bright. Alive. The rubber dagger in her hand comes up in a loose guard that's really a launch position.*

""You're slow."" *Breathless. Grinning — actually grinning, the first real one, cracked lips and all.* ""Your arm is heavy. The swing drags your shoulder forward. If I step **there** —""

*She pushes off the wall. Feints left. Her bare foot hooks behind his ankle — not strong enough to trip him, not yet, but the intent is perfect. The geometry of a girl learning to let someone else's weight do her killing.*

""Again.""

[Status] Money: 448 gold
Household: 2 — [Brenna, Human, UNRAVELING]
 [Maren, Human, WARY]"
2026-09-16T19:56:15Z,Nicco,"you so greedy for learning uh, alright, just don't trow me, i'm not as fit as you girls, if you trow me on the ground i'm over *he giggles and quickly assault her*"
2026-09-16T19:56:15Z,Caldrevan - Dark Fantasy Isekai,"*Maren's bare feet pivot. His weight shifts forward — the rubber blade sweeping low, aiming for her hip — and she reads it half a second early. Too eager. She sidesteps clean but overcommits, her lean frame spinning past his guard, and his free hand clips her shoulder.*

*She stumbles. Catches herself on one knee. The warm stone hums under her shin and she grins — wild, feral, the particular joy of a fifteen-year-old who just discovered she's allowed to fight without being beaten for losing.*

""You're not slow."" *Panting. She rolls her shoulder where his hand tagged her.* ""You're **heavy**. Different thing. Heavy means I can't redirect you. You just go through me.""

*She stands. Shakes out her legs. The pink shirt sleeves flap around her wrists as she shakes her hands loose — the runner's ritual, blood to the fingertips, fast-twitch muscles waking up.*

*Her grey-green eyes narrow on his center of mass. Not his hands. Not his blade. His belly. The soft pivot point where all that weight has to turn.*

""Come at me straight this time. No feint. I want to feel where you stop.""

[Status] Money: 448 gold
Household: 2 — [Brenna, Human, UNRAVELING]
 [Maren, Human, WARY]"
2026-09-16T19:57:00Z,Nicco,*grabs both fake knives and attacks her frontally*
2026-09-16T19:57:00Z,Caldrevan - Dark Fantasy Isekai,"*The rubber blades come straight — no trick, no drop, no third hand. Maren's grey-green eyes lock on his shoulders and she reads the double commitment like a sentence she's already finished.*

*She drops low. Not sideways — **under**. Her spine arches, her bare feet slide apart on warm stone, and both squeaky blades pass over her bent back by a finger's width. The pink shirt rides up. Her ribcage shows — each bone visible under sun-starved skin, the architecture of a body that grew up hungry. She's through his guard before his arms finish their arc, rising behind his right elbow, and the rubber dagger in her hand presses flat against the soft flesh above his hip.*

*Squeak.*

""Heavy goes straight."" *Breathless against his arm. Her cracked fingers tremble on the rubber handle.* ""Straight is easy to go under. You're so wide I could hide behind you and you wouldn't find me.""

*She shoves off his back. Two steps. Resets. Her chest heaves — a rattle deep in the exhale, the bad lungs protesting, but her eyes are burning bright and she doesn't cough. Not yet. Not in front of him.*

""Again. Faster.""

[Status] Money: 448 gold
Household: 2 — [Brenna, Human, UNRAVELING]
 [Maren, Human, WARY]"
2026-09-16T19:58:31Z,Nicco,"good job, again *he charges at her, right knife in his hand, he waits for her to bend and then trow the knife on his left at her, she bended too early and too distant* *Squeek*"
2026-09-16T19:58:31Z,Caldrevan - Dark Fantasy Isekai,"*The rubber catches her square between the shoulder blades. Maren's forward momentum dies. Her bare feet skid on warm stone and her knees buckle — not from force, from the cold slap of being read. Being predicted. Her palm hits the floor. The pink shirt bunches at her waist.*

*She stays down for three breaths. Her cracked fingers curl against the stone. The squeak still echoes in her ears like a verdict.*

""I bent early."" *Scraped against the floor.* ""You waited for it. You saw me drop twice and the third time you just —""

*She pushes up. Stands. Dusts the front of the pink shirt with sharp, angry swats. Her grey-green eyes are wet and furious and she blinks it back with the practiced speed of someone who learned years ago that tears earn nothing.*

""The distance was wrong. I went under too far. If I'd stayed close I could've tagged your ribs before the second blade came."" *She's talking to herself now. Cataloguing the failure. Filing it.* ""Close. Stay close. He can't throw if I'm inside his arm.""

*Her chin jerks up. Bare toes grip stone. The rubber dagger comes back into guard — higher this time, tighter, her lean frame coiled behind it like a spring someone forgot to release.*

""**Again.**""

[Status] Money: 448 gold
Household: 2 — [Brenna, Human, UNRAVELING]
 [Maren, Human, WARY]"
2026-09-16T19:59:59Z,Nicco,oh jeez u have so much energy uh *he gather the knife he trew and start charging at her again this time trowing the dagger on his left to force her reaction and read her*
2026-09-16T19:59:59Z,Caldrevan - Dark Fantasy Isekai,"*The left-hand blade arcs toward her ribs — slow enough to track, fast enough to commit. Maren's grey-green eyes snap to the throw. Her torso twists left, the rubber passing her flank by a palm's width, and her weight shifts to her back foot to pivot.*

*Too far. She knows it the instant her heel touches stone. The pivot opens distance she can't close. Her lean frame rotates past the throw line and her guard drops one inch on the inside — the gap between elbow and ribcage, the three-finger window where a real blade would slide home.*

*She freezes mid-rotation. Stares at the gap she left. Her cracked fingers tighten on the rubber handle.*

""I overrotated."" *Quiet. The fury from before compressed into something colder — analytical, surgical.* ""The throw pulled me left and I let it. You didn't even need the right hand.""

*Brenna shifts in her chair. One grey eye tracks Maren's stance from across the room.*

""She's chasing the blade."" *Flat. Not unkind.* ""Stop watching the knife. Watch his shoulder.""

*Maren's jaw clenches. She resets. Bare feet planted. This time her eyes don't follow the rubber — they lock on the joint where his arm meets his body. The pivot point. The truth.*

""Again.""

[Status] Money: 448 gold
Household: 2 — [Brenna, Human, UNRAVELING]
 [Maren, Human, WARY]"
2026-09-16T20:02:45Z,Nicco,"Maren i don't have much else to teach you, one last time then *he gathers the knive he trew and position again, he starts charging this time he trows at distance first his left knife to force her doging, then after a couple of moment while charging also the right one to off balance her then he punches her in her exposed flank, not touching her ofc, just a demonstration then he brings his right knee at her head while she is still bended, a soft touch, not hit*"
2026-09-16T20:02:45Z,Caldrevan - Dark Fantasy Isekai,"*The left blade comes first. Maren sidesteps clean — shoulder watching, not the knife — and the rubber sails past her hip. Better. Tighter. The gap stays closed.*

*Then the right blade. She reads his shoulder dip a half-second late. Her dodge drops her sideways instead of back and the rubber clips her trailing elbow. Squeak. Her balance buckles. Her torso bends left to compensate and his fist stops a hair's width from her exposed flank.*

*She doesn't see the knee. It rises toward her temple — soft, controlled, a tap that wouldn't bruise a peach — and her grey-green eyes cross trying to track it. The rubber dagger hangs useless at her side. Her cracked fingers have gone slack.*

*Three moves. Three openings. She survived zero.*

*She stands there. Bent. Breathing. The pink shirt darkening at the collarbone where sweat gathers despite the morning chill. Her bare toes press stone like she's trying to push through it. Then something shifts behind her face — not defeat. Inventory. A girl counting everything she lost and filing it.*

""You threw two to make me choose."" *Ragged.* ""The choice was the trap. It didn't matter which one I dodged because the punch was already coming and the knee was already—""

*She straightens. Looks at him. Looks at Brenna. Her grey-green eyes are dry and bright and ancient for fifteen.*

""Thank you."" *Barely a whisper. She tucks the rubber dagger into her waistband. Pats it once.* ""For making it squeak.""

[Status] Money: 448 gold
Household: 2 — [Brenna, Human, UNRAVELING]
 [Maren, Human, WARY]"
2026-09-16T20:04:53Z,Nicco,"if you noticed this is the same approach as the beginning, first feign is the first trow, second feign is the second trow, first misdirection is the punch and the real hit was the deadly one which is the knee to your skull *he smiles with his heart full of tenderness and love*"
2026-09-16T20:04:53Z,Caldrevan - Dark Fantasy Isekai,"*Maren's hand rises to her temple. Touches the spot where his knee stopped. Her cracked fingers press the skin like she's checking for a bruise that isn't there. Her grey-green eyes unfocus — not distant, *assembling.* Slotting the sequence into the framework he built all morning.*

""Feign. Feign. Misdirection. Kill."" *Each word placed like a stone in a wall.* ""The rubber dagger at my throat — that was three moves ahead. You were already counting to four before I counted to one.""

*She looks down at her bare feet on warm stone. Her toes flex. The pink shirt hangs loose on her lean frame and for one breath she looks exactly like what she is — a hungry, sleepless, battered kid standing in a warm kitchen holding a toy someone gave her for free.*

*Then the breath passes and the wall rebuilds.*

""You planned the knee before you threw the first knife."" *Not a question. Her chin lifts toward Brenna.* ""She was right. Watch the shoulder. I watched the shoulder and you still got me because the shoulder was **lying.**""

*Brenna's spoon has been still for a full minute. Her grey eyes rest on Maren with something unguarded — recognition, maybe. The particular look of a fighter watching another fighter learn what took her years to bleed for.*

""His shoulder always lies."" *Quiet. The corner of her mouth twitches.* ""Welcome to the family.""

[Status] Money: 448 gold
Household: 2 — [Brenna, Human, UNRAVELING]
 [Maren, Human, WARY]"
2026-09-16T20:06:09Z,Nicco,yooo i'm a good guy *he trows his hands in the air surrendering* i can't even fight *he shrugs and sit next to brenna*
2026-09-16T20:06:09Z,Caldrevan - Dark Fantasy Isekai,"*Brenna's elbow finds his ribs. Not hard. Not soft. The precise contact of a woman who just watched him dismantle a dock-trained fighter with rubber and geometry and is now claiming he can't fight.*

""You can't fight."" *She doesn't look at him. Her spoon scrapes the bowl. The oats are cold.* ""You threw me twice. You mapped my arteries with a toy. You just killed a girl with a squeak four times in a row and she's standing there counting the moves like rosary beads.""

*Her shoulder presses against his. The pink shirt bunches between them. She doesn't pull away.*

""You're a **terrible** liar, Nicco.""

*Maren tucks the rubber dagger into her waistband. Pats it twice — the same gesture she used the first time, already habit, already hers. Her grey-green eyes track the space between his shoulder and Brenna's. The warmth there. The ease. Her cracked fingers twist the hem of the pink shirt.*

""Family."" *She says it to the floor. Testing the weight. Her bare toes curl against warm stone.* ""Brenna just said family.""

[Status] Money: 448 gold
Household: 2 — [Brenna, Human, UNRAVELING]
 [Maren, Human, WARY]"
2026-09-16T20:07:04Z,Nicco,"yeah we are repeating this since you made the choice before, we are family, you are stuck with us little curly red girl"
2026-09-16T20:07:04Z,Caldrevan - Dark Fantasy Isekai,"*Maren's hand flies to her hair. The red curls — unwashed, tangled, stiff with dock grime that no amount of honey water has fully reached — sit in a wild halo around her skull. Her cracked fingers tug one coil straight and watch it spring back.*

""Curly."" *Flat.* ""I'm curly now. You gave me a squeaky dagger and a name and you think that's —""

*She stops. Her throat bobs. The rubber dagger handle digs into her hip through the pink shirt. She looks at Brenna — tall, still, scar-wristed, the woman who said **family** like she was tasting a word in a foreign language. Then at him. Soft. Round. The man who can't fight and just killed her four times with toys.*

*Her lower lip shakes once. She bites it until the skin goes white.*

""Eight days."" *Scraped raw. She straightens her spine against nothing — against air, against the old habit of making herself small.* ""I'll be ready in eight days. I'll show you the window girl.""

*She turns. Bare feet slap warm stone. Three steps toward the stair before she pauses without looking back.*

""Is there food left.""

[Status] Money: 448 gold
Household: 2 — [Brenna, Human, UNRAVELING]
 [Maren, Human, WARY]"
2026-09-16T20:08:20Z,Nicco,"*he stretch his arms above his head, sneakly hiding the rubber knife and when Maren is distracted he trows it at her, seeing if she would catch it*"
2026-09-16T20:08:20Z,Caldrevan - Dark Fantasy Isekai,"*The rubber blade spins end over end across the kitchen. Maren's bare feet skid on warm stone — her hand shoots out without turning, fingers closing around the handle behind her back. Pure reflex. The muscle memory of a girl who caught packages thrown from moving carts because dropping them meant the strap.*

*She stares at the squeaky dagger in her grip. Then at the back of his head. Her grey-green eyes narrow to slits.*

""You **sneaky** — I wasn't even looking."" *She whips around. The second rubber dagger comes up from her waistband. Two toys. Both aimed at his back from six paces.* ""I should squeak you twice for that. Right in the spine. See how **you** like it.""

*Brenna's spoon clinks against the empty bowl. She watches Maren hold both rubber blades in a stance that's almost correct — almost — and the corner of her mouth does something she'd kill anyone for noticing.*

""She caught it behind her back."" *Quiet. Aimed at no one.* ""Dren would've paid six silver for hands like that.""

[Status] Money: 448 gold
Household: 2 — [Brenna, Human, UNRAVELING]
 [Maren, Human, WARY]"
2026-09-16T20:09:28Z,Nicco,"*he goes to Maren and hugs her lifting her* good job, wounds on hands regrow, wound on face doesn't *he puts her down and smiles*"
2026-09-16T20:09:28Z,Caldrevan - Dark Fantasy Isekai,"*Maren's legs kick once. Her bare feet leave the warm stone and the kitchen shrinks beneath her — the particular vertigo of a girl who hasn't been picked up since she was small enough that it didn't matter. The rubber daggers dangle from white-knuckled fists on either side of his arms. Her ribs press against his chest through the pink shirt and she can feel his heartbeat, or hers, or both — too fast, too loud, too close.*

*He sets her down. Her bare toes hit stone and her knees buckle for half a second before locking. She steps back. One step. Two. The rubber daggers cross over her chest in a defensive X that protects nothing.*

""You can't just —"" *Her voice cracks. She clears her throat. Tries again.* ""You can't pick people up without warning. That's not — people don't **do** that.""

*Her grey-green eyes drop to the floor. The cracked fingers tighten on the rubber handles until the squeaky blades bend inward.*

""Wounds on hands regrow."" *Repeating it. Filing it. Her thumb runs across the scar on her collarbone through the pink fabric.* ""What regrows a face.""

[Status] Money: 448 gold
Household: 2 — [Brenna, Human, UNRAVELING]
 [Maren, Human, WARY]"
2026-09-16T20:11:14Z,Nicco,"well kinda nothing, this does *he shoots a small golden fireworks from his finger* the same magic i used on you to heal you yesterday, if i'm full mana, which currenly i'm at around, i'd say 1/3 after healing you girls* i could regrow limbs i think"
2026-09-16T20:11:14Z,Caldrevan - Dark Fantasy Isekai,"*Maren's grey-green eyes snap to the golden spark. Track it. The light catches in her irises and turns them amber for the half-second before it fades. Her cracked fingers loosen on the rubber daggers and something crosses her face — not wonder, not hope. The particular hunger of a girl who has seen magic fix what can't be fixed and is now calculating what else it might reach.*

""Limbs."" *Barely a breath.* ""You could regrow a **hand**. A foot. An eye.""

*Her free hand rises to her collarbone. Presses the scar through pink cotton. The deliberate thin line of a blade held still against still skin — not an accident, not a battle wound. A message carved into a girl too small to stop it.*

""Could you fix this."" *She doesn't pull the collar down. Doesn't show it. Her grey-green eyes stay locked on his face with the ferocity of someone who needs the answer more than she needs the healing.* ""If you were full. Could you take it off like it was never there.""

*Brenna's spoon has been still for a full minute. She watches the exchange without blinking — the girl asking for erasure, the man with golden hands and rubber knives and not enough mana to spare.*

[Status] Money: 448 gold
Household: 2 — [Brenna, Human, UNRAVELING]
 [Maren, Human, WARY]"
2026-09-16T20:13:01Z,Nicco,"yes yes ofc, if i do it now since my mana is so low i think brenna here would leglock me to death for doing foolishly things but yeah as soon as i'm full mana in a couple of days i can do that no problems, also your scars brenna, if you want i can heal them, altough i think you wear them proudly"
2026-09-16T20:13:01Z,Caldrevan - Dark Fantasy Isekai,"*Brenna's thumb finds the iron groove on her wrist. Presses. The scar whitens under the pressure and her grey eyes stay fixed on the empty bowl like it contains something worth reading.*

""Proudly."" *She repeats the word like she's weighing it on a scale. Her jaw works once. Twice.* ""I wore them because I had to. There's a difference.""

*She pushes the bowl aside. Stands. The pink shirt stretches across her shoulders as she rolls the scarred wrist — slow, deliberate, testing the old tissue like she's checking whether it's still hers or already his to erase.*

""Leave them."" *Quiet. Not angry. The particular firmness of a woman who has decided.* ""They're mine. They're how I remember what I survived and who put me in the cage. You take them off and I'm just a tall girl in a pink shirt with clean wrists.""

*She turns. Her bare feet carry her toward the stair. She pauses on the first step without looking back.*

""Heal hers. She's fifteen and she shouldn't have to wear someone else's handwriting on her skin.""

[Status] Money: 448 gold
Household: 2 — [Brenna, Human, UNRAVELING]
 [Maren, Human, WARY]"
2026-09-16T20:13:58Z,Nicco,"*he stretches* alright alright since momma Brenna gave me permission lay on the sofa maren, let's see the sacar upclose"
2026-09-16T20:13:58Z,Caldrevan - Dark Fantasy Isekai,"*Maren doesn't move. Her grey-green eyes ping between Brenna on the stair and Nicco on the chair and the sofa like she's tracking three blades in a fight she hasn't agreed to enter. Her cracked fingers twist the hem of the pink shirt into a rope.*

""I didn't ask."" *Flat. Defensive. The particular brittleness of someone who wants something badly enough that admitting it feels like handing someone a weapon.* ""Brenna asked for me. I didn't —""

*She stops. Swallows. Her bare toes press the warm stone and the masonry hums faintly under her feet — so subtle she probably thinks it's the blood in her ears.*

""Will it hurt.""

*She doesn't wait for the answer. She crosses to the sofa in six barefoot steps and sits on the edge — not lying down, not committing, her spine a rod and her knees locked together. The pink shirt hangs loose on her frame. Her hand hovers at her collar. Doesn't pull it down. Her grey-green eyes find his face and stay there, fierce and terrified in equal measure.*

""I haven't shown anyone. Not the whole thing. It goes—"" *Her voice drops to almost nothing.* ""—it goes down.""

[Status] Money: 448 gold
Household: 2 — [Brenna, Human, UNRAVELING]
 [Maren, Human, WARY]"
2026-09-16T20:14:43Z,Nicco,"i've seen thousands of scars in my career, don't be shy"
2026-09-16T20:14:43Z,Caldrevan - Dark Fantasy Isekai,"*Maren's fingers find the collar. Pinch the pink fabric. Hold. Her knuckles go white and the tendons in her wrist stand like bridge cables under skin.*

*She pulls it down.*

*The scar starts at her left collarbone — a thin, deliberate line, blade-still, no hesitation marks. It runs diagonal across the upper chest and disappears beneath the shirt. The skin around it is raised and pale against her sun-starved complexion, the particular geography of tissue that healed without care, without salve, without anyone bothering to look. Old. At least a year. Maybe more.*

*Her grey-green eyes fix on the ceiling. Not on him. Not on it.*

""Dren's mark. So his runners know who belongs to him."" *Her voice comes out clinical — rehearsed, the flat delivery of a phrase she's repeated to herself in the dark enough times to sand off every emotion.* ""He does it to all of them. I was fourteen when he—""

*Her jaw locks. The collar trembles in her fist. Beneath the pink shirt, the scar's lower path disappears toward her ribs where the fabric still covers. She hasn't decided whether to show that part. Her bare toes grip the sofa edge and her breathing goes shallow and fast.*

[Status] Money: 448 gold
Household: 2 — [Brenna, Human, UNRAVELING]
 [Maren, Human, WARY]"
2026-09-16T20:17:10Z,Nicco,"it's an old one, i will not even have to pass out, i will have also some mana still left to walk *he giggles then he claps suddenly and hard is hands, the claps create a spark of golden light that gives his right hand a golden aura, soft and warm, his voice calm and secure, let's start, it will be fast, let's see all of the scar and let's remove it"
2026-09-16T20:17:10Z,Caldrevan - Dark Fantasy Isekai,"*Maren's fingers release the collar. The pink fabric drops to her lap. The full scar tracks down from her collarbone — diagonal across the sternum, between the small mounds of underdeveloped muscle, past the ribs where they curve inward, ending three inches above her navel. A single line. Unbroken. The length of a man's handspan carved by a blade held steady by someone who didn't flinch.*

*She lies back on the sofa. Her spine meets the cushion and every vertebra locks rigid. Her bare feet hang off the edge, toes curled, the pink shirt bunched at her waist. She stares at the rafters with the fixed intensity of someone preparing for a blow.*

*His golden hand descends toward the top of the scar. The warmth reaches her skin before his palm does and her whole body flinches — one violent shudder, ribs arching off the cushion, fists seizing the sofa arm.*

""I know."" *Through clenched teeth. Answering the flinch before he can comment on it.* ""I know it's not a hit. I know. Just — do it fast.""

*From the stairwell, bare feet on stone. Brenna appears at the bottom step. She doesn't enter the room. She leans one shoulder against the wall and crosses her arms over the pink shirt and watches the gold gather on his hand with grey eyes that have already catalogued what it does. What it costs. What he spent on her three days ago without enough left to stand.*

*She says nothing. She counts.*

[Status] Money: 448 gold
Household: 2 — [Brenna, Human, UNRAVELING]
 [Maren, Human, WARY]"
2026-09-16T20:18:40Z,Nicco,"*a passage of his hand and the wound remarginate compleatly, the skin youthfull and healty again*"
2026-09-16T20:18:40Z,Caldrevan - Dark Fantasy Isekai,"*The line vanishes. Skin knits shut under his palm like a seam pulled thread by invisible fingers — the raised pale ridge flattening, fading, dissolving into tissue that hasn't seen sunlight but has never known a blade. New skin. Pink. Young. The colour of Maren's shirt.*

*She doesn't move. Her grey-green eyes stay fixed on the rafters. Her fists grip the sofa arm so hard the wood creaks. She's waiting for the second pass. The third. The part where it keeps going, where the hand comes back to make sure, where the blade-mark returns because it always returns because marks like that are permanent, they're **permanent** —*

*It's done.*

*His hand lifts. The gold fades from his fingers. The warmth lingers on her sternum like a handprint left in sun-warmed stone.*

*Maren's chin drops. She looks down at her own chest. The pink shirt hangs open. Where the scar ran from collarbone to navel there is now nothing — smooth, unbroken skin the colour of candlewax, without history, without handwriting, without Dren.*

*Her cracked fingers rise. Touch the spot where it started. Touch where it ended. Press both palms flat against ribs that no longer carry a signature.*

*Something breaks in her face. Not dramatically — quietly, the way a crack propagates through ice. Her mouth opens. Closes. Her jaw works around a sound that won't form.*

""It's gone."" *A whisper aimed at her own hands.* ""It's — I had it for — it's **gone**.""

*She sits up. The pink shirt falls closed. She presses both palms over her sternum and holds them there like she's keeping the new skin from falling off. Her bare feet find the floor. Her shoulders shake once — just once — and then she locks them still with the ferocity of a girl who will not cry in front of anyone, not even family, not even now.*

*From the wall, Brenna's arms uncross. Her scarred hand finds the doorframe. Her grey eyes track Maren's face with the particular expression of a woman watching someone receive something she chose to keep, and doesn't regret it, but feels the weight of the refusal all the same.*

""Maren."" *Brenna's voice carries from the stair. Low. Steady.* ""Breathe.""

[Status] Money: 448 gold
Household: 2 — [Brenna, Human, UNRAVELING]
 [Maren, Human, WARY]"
2026-09-16T20:20:48Z,Nicco,"*he forces his small amount of mana that was still flowing from his hands back inside, compressing it between his hands and the magic stop, he pays the price istantly, big dark circles around his eyes and sweating, but still smiling he hunches slightly on himself while sitting and controls his breath*"
2026-09-16T20:20:48Z,Caldrevan - Dark Fantasy Isekai,"*Maren's head snaps toward him. The new skin on her chest forgotten. Her grey-green eyes track the dark circles blooming under his eyes like bruises painted in fast-forward — the same purple she saw on Brenna's face three days ago, the same hunch, the same controlled breathing that means a body is negotiating with collapse.*

""You said you wouldn't pass out."" *Sharp. Accusing. The particular terror of a girl who just watched her scar vanish and now has to watch the man who erased it pay for it.* ""You said — you **lied** — you said you'd have mana left to walk—""

*Brenna's bare feet hit the common room floor in two strides. The pink shirt blurs past Maren. A scarred hand lands on his shoulder — not gentle, not rough. Anchoring. The grip of a woman who has held heavier men upright on gangplanks and knows exactly how much weight a body can carry before it folds.*

""Stop talking."" *Aimed at Maren. Not cruel. Surgical.* ""Get water. The clay jug. Now.""

*Maren doesn't argue. She's off the sofa and across the kitchen before the sentence ends, bare feet slapping stone, her cracked fingers closing around the jug with a speed that has nothing to do with combat training. She brings it back double-gripped and holds it out at arm's length like an offering she doesn't know how to make.*

*Brenna takes it. Presses it into his hands. Her other stays on his shoulder.*

""You're an idiot."" *The word comes out warm.*

[Status] Money: 448 gold
Household: 2 — [Brenna, Human, UNRAVELING]
 [Maren, Human, WARY]"
2026-09-16T20:21:52Z,Nicco,"i'm still standing, well tecnically i'm standing while sitting but i didn't pass out, i think i still have 1/10 of mana left, the scar was pretty long afterall"
2026-09-16T20:21:52Z,Caldrevan - Dark Fantasy Isekai,"*Maren's grey-green eyes rake his face — the dark circles, the sweat beading at his temples, the hunched posture of a man holding himself together with stubbornness and bad math. Her cracked fingers twist the hem of the pink shirt.*

""One tenth."" *She repeats it like she's biting into something sour.* ""You had one third. You spent it on **me**. On a scar. A scar I didn't even ask for.""

*Her bare toes press the warm stone. She takes one step toward him. Stops. Her hand rises — hovers near his shoulder where Brenna's already anchors — and then retreats to her own collarbone. The smooth skin. The absent line. Her fingers press the spot where Dren's signature used to live and find nothing.*

*Brenna's grip tightens on his shoulder. She tilts the jug toward his mouth.*

""Drink."" *Not a request.* ""Then you sit until the sweating stops. You don't move. You don't clap. You don't **glow**.""

*Maren's jaw works. She looks at Brenna. Something passes between them — the silent negotiation of two women dividing a task neither has practiced.*

""I'll get the blanket from the sofa.""

[Status] Money: 448 gold
Household: 2 — [Brenna, Human, UNRAVELING]
 [Maren, Human, WARY]"
2026-09-16T20:23:50Z,Nicco,"*he suddenly starts to fell cold, also the sweat get cold and he gets pale, strengthless he lays, well more like goes down on the sofa laying* w-well perhaps i misjudged the amount of mana i had l-left, i may be OOM right now, jeez i tought i squised back some of my mana inside of m-me"
2026-09-16T20:23:50Z,Caldrevan - Dark Fantasy Isekai,"*Brenna catches the back of his shirt before his head finds the armrest instead of the floor. Her scarred hand fists the fabric and guides him down — not gentle, not rough, the efficient handling of cargo that shouldn't break.*

""OOM."" *She doesn't know the word. Doesn't care.* ""You're out of mana. You're out of sense. Same thing.""

*His skin has gone the colour of tallow. The sweat on his temples has turned cold and his breathing comes shallow and thin. Brenna's palm finds his forehead. Presses. Her jaw locks.*

""He's freezing. Maren. **Now.**""

*Maren is already moving — blanket bundled under one arm, bare feet silent on stone. She drops it over him without ceremony and then stands there, hands hovering, the particular helplessness of a girl who knows how to patch a knife wound but not how to fix a man who gave away everything he had for a line on her chest she didn't ask him to erase.*

""I shouldn't have shown you."" *Barely audible. Her cracked fingers grip the blanket edge and tuck it under his chin — rough, clumsy, the motion of someone who has never tucked anyone in.* ""I shouldn't have pulled my collar down.""

*Brenna kneels beside the sofa. Her grey eyes map his pallor with clinical precision. She pulls the blanket tighter across his chest and her thumb finds his wrist. Presses into the pulse point and counts.*

""His heart's fast. Weak."" *She looks up at Maren.* ""He did this to me. Three days ago. Twice. I watched him collapse on a stool and sleep for an hour because he wouldn't stop.""

[Status] Money: 448 gold
Household: 2 — [Brenna, Human, UNRAVELING]
 [Maren, Human, WARY]"
2026-09-16T20:25:24Z,Nicco,"*smiling while about to collapse* W-well oom is b-bad for a mage uh, o j-j-jeez someone is turning the l-light off uh"
2026-09-16T20:25:24Z,Caldrevan - Dark Fantasy Isekai,"*His eyes roll. His head lolls against the armrest. The smile stays — stupid, stubborn, the last sentry of a man who refuses to stop being cheerful even as consciousness negotiates its exit.*

*Brenna's grip on his wrist tightens. She watches his eyelids flutter and her grey eyes go flat — the particular flatness of a woman who has seen men pass out on docks and knows the difference between sleep and something worse.*

""He's going under."" *She pulls the blanket to his chin. Presses two fingers harder into his pulse.* ""His heart's still there. Just thin. Like it's running through cloth.""

*Maren drops to her knees beside the sofa. Her cracked hands hover over his face — the golden light gone, the warm hands gone, just a pale man with purple bruises for eyes and a smile that doesn't know it's about to disappear. She grabs his hand. Squeezes. The rubber dagger in her waistband digs into her hip and she doesn't notice.*

""Don't you dare."" *Fierce. Wrecked. Aimed at a man who can't hear her.* ""You just erased a scar I carried for a year and you're not allowed to **die** before I learn the fifth move. You hear me? There's a fifth move. You didn't teach me the fifth move.""

*Brenna's scarred hand rises. Finds Maren's shoulder. Squeezes once.*

""He's not dying. He's empty."" *Steady despite everything.* ""He did this to himself healing me. He'll sleep. We watch.""

[Status] Money: 448 gold
Household: 2 — [Brenna, Human, UNRAVELING]
 [Maren, Human, WARY]"
2026-09-16T20:27:25Z,Nicco,"*he weakly grabs Brenna's hand* w-well *shivers and sweating but smiling* OOM is 0% mana, it can k-k-kinda kill mages, i t-tought i hade a bit m-more inside of m-me"
2026-09-16T20:27:25Z,Caldrevan - Dark Fantasy Isekai,"*Brenna's fingers close around his. Her grip finds his hand and locks — the iron-cable hold of a woman who once kept a mooring line from slipping and treats his wrist with the same commitment. His skin is cold and clammy against her palm and she doesn't flinch from it.*

""You thought wrong."" *She pulls the blanket tighter with her free hand, tucking it beneath his ribs one-handed.* ""You're always thinking wrong about how much you have left. You did it with me. You're doing it with her. You'll do it again next week because you're too stupid to count.""

*Maren presses the back of her hand to his forehead. Flinches at the cold. Her grey-green eyes dart to Brenna with the panic of someone who knows the theory of shock but not the practice.*

""He's freezing but he's sweating. That's bad. That's the body losing heat through the skin, right? That's — I saw a runner do this on the docks. He drank bad water and went cold-sweat and they wrapped him and he—"" *She stops. Swallows.* ""What do we do.""

*Brenna doesn't answer Maren. She looks at the man shivering under a blanket with a smile that won't quit and her jaw works around something that wants to be fury and comes out as something else entirely.*

""You don't get to die in my house."" *Barely above a whisper. Her thumb traces his knuckles — once, rough, the gesture of a woman who doesn't pet.* ""Sleep. Recover. **Stay.**""

[Status] Money: 448 gold
Household: 2 — [Brenna, Human, UNRAVELING]
 [Maren, Human, WARY]"
2026-09-16T20:29:16Z,Nicco,"*mumbles strenghtless* befre my h-heart st-top i have a coup-ple of minutes, M-maren would you b-be so -k-kind to go in my s-studio and take the p-purple bread on the d-desk, try to be quickly, i'm h-having an h-heart a-attack"
2026-09-16T20:29:16Z,Caldrevan - Dark Fantasy Isekai,"*Maren doesn't ask what purple bread does. Doesn't question why a dying man is requesting baked goods. Her bare feet hit stone and she's through the stairwell door before Brenna can blink, pink shirt disappearing upward into the dark.*

*Brenna's grip tightens on his hand. Her grey eyes snap to his chest — counting the irregular flutter beneath his ribs, the way his breath catches and stutters like a pump drawing air through a cracked pipe.*

""Studio. Desk. Purple bread."" *She repeats it back not to him but to herself — cataloguing, filing, the habits of a woman who survived three owners by remembering everything.* ""How long.""

*She doesn't mean how long until the bread. She means how long until the bread is irrelevant.*

*His pulse skips under her fingers. Skips again. The cold has reached his lips — blue-grey, the colour of deep water. Brenna shifts her weight forward and presses her forehead to his knuckles. Not a kiss. An anchor. The physical act of a woman holding a man to the world with contact because she doesn't know what else to hold him with.*

*Bootless feet on stone above. Fast. Getting faster.*

[Status] Money: 448 gold
Household: 2 — [Brenna, Human, UNRAVELING]
 [Maren, Human, WARY]"
2026-09-16T20:30:10Z,Nicco,*smiling and waiting for the bead while literally dying*
2026-09-16T20:30:10Z,Caldrevan - Dark Fantasy Isekai,"*Brenna's scarred hand tightens on his wrist. She counts the gaps between heartbeats — uneven, stretching, the silence between pulses lasting one beat too long each time. His smile hasn't moved. That stupid, stubborn, immovable smile on a face the colour of old candle wax.*

""Maren."" *She doesn't raise her voice. Doesn't need to.* ""Studio. L4. Desk. Purple loaf. Don't stop. Don't look at anything else. Don't touch anything. Bring it and come back down.""

*Gone. The stairwell swallows the sound of bare feet — two steps at a time, three, the particular rhythm of a girl who learned to run on dock planks with stolen cargo and hasn't forgotten how to move fast when someone's life depends on it.*

*Brenna leans close. Her forehead nearly touches his. Her grey eyes fill his narrowing field of vision and her free hand finds his chest — presses flat over the heart that can't decide whether to keep going.*

""You're smiling."" *A whisper meant for no one but him.* ""You're literally dying and you're **smiling** at me. I'm going to kill you myself when you wake up.""

*Above. Feet on stone. Getting closer. Faster.*

[Status] Money: 448 gold
Household: 2 — [Brenna, Human, UNRAVELING]
 [Maren, Human, WARY]"
2026-09-16T20:31:57Z,Nicco,"*with a small line of voice to brenna* i'm smiling because i'm thinking about your abs *he very weakly wink at her smiling* i-i kinda need the bead now, place it in my hand and step bac-ck"
2026-09-16T20:31:57Z,Caldrevan - Dark Fantasy Isekai,"*Brenna's jaw locks so hard the muscle fires visible beneath her cheek. Her grey eyes narrow to slits and the flush that climbs her neck has nothing to do with the cold.*

""You're dying and you're — **abs.**"" *She bites the word in half.* ""I'm going to break every rib you have once you're conscious enough to feel it.""

*But her hand is already out. Maren hits the bottom stair — barefoot, breathless, pink shirt dark with sweat — and slams a dark purple loaf into Brenna's palm without stopping. Her grey-green eyes are wild, darting between his face and the purple thing she just carried down four flights of stairs.*

""What does it do. What is it. Is it medicine. He's **grey** —""

*Brenna doesn't answer. She wraps his fingers around the loaf and steps back — one stride, two — pulling Maren with her by the collar. The purple bread sits in his palm like a stone. Dense. Cold. Smelling faintly of something that isn't flour — metallic, alive, the scent of magic compressed into crust.*

*His hand closes around it.*

[Status] Money: 448 gold
Household: 2 — [Brenna, Human, UNRAVELING]
 [Maren, Human, WARY]"
2026-09-16T20:33:01Z,Nicco,"*the beads crushes in his left hand releasing a strong golden current of mana into him, refilling his mana almost compleatly* he breathes"
2026-09-16T20:33:01Z,Caldrevan - Dark Fantasy Isekai,"*The gold erupts upward through his arm like a vein of sunlight breaking through stone. It floods his chest, his throat, his skull — colour rushing back into his face like ink dropped in water, spreading from the heart outward. The dark circles don't vanish but they fade from black-purple to grey. His skin warms. His pulse steadies under Brenna's fingers where they still press his wrist.*

*His breathing deepens. Evens. The shallow gasping stops and a full breath fills his lungs — real, complete, the kind of breath that reaches the bottom of the chest and stays there.*

*Maren stares. Her cracked fingers grip the stair railing so hard the wood groans. Her grey-green eyes track the golden current rippling beneath his skin and her mouth opens and nothing comes out. She has watched men die on docks. She has never watched one come back from the edge with bread.*

""That's — what — you **ate** magic. You crushed it and it went **inside** you and now you're —""

*Brenna's hand lifts from his wrist. She steps back. Her scarred fingers curl into a fist at her side and the relief that crosses her face is so raw she kills it before it reaches her mouth — buried under the particular fury of a woman who just spent two minutes believing she was watching him die and now has to deal with the fact that he's fine.*

""You had magic **bread**."" *Flat. Lethal.* ""In your **studio.** Up four flights of stairs. While your heart was stopping.""

[Status] Money: 448 gold
Household: 2 — [Brenna, Human, UNRAVELING]
 [Maren, Human, WARY]"
2026-09-16T20:33:53Z,Nicco,"*he sits on the sofa, still the same smile and stretch* jeez that was close uh"
2026-09-16T20:33:53Z,Caldrevan - Dark Fantasy Isekai,"*Maren's fist hits his shoulder. Not a slap. Not a punch. The wild, uncontrolled impact of a fifteen-year-old who doesn't know what to do with the feeling of watching someone die and come back and smile about it.*

""You don't get to say **jeez.**"" *Her voice cracks on the word. Her grey-green eyes are glassy and furious and she blinks so fast her lashes blur.* ""Your heart was stopping. I felt it through the floor. I counted the gaps. You were — you were **gone** and then you ate bread and came back and you're sitting there **stretching** like you just woke up from a nap—""

*Brenna catches Maren's wrist. Not hard. The grip of a woman who recognizes the tremor running through the girl's arm because she's felt it in her own.*

""He's alive."" *Quiet. Aimed at Maren but landing on both of them.* ""He's an idiot and he's alive. Sit down.""

*Maren sits. On the floor. Where she is. Bare feet on warm stone, knees drawn up, the rubber daggers still shoved in her waistband. She presses her forehead to her kneecaps and breathes until her shoulders stop shaking.*

*The masonry hums. Faint. Beneath them. Around them. The kind of warmth that could be the hearthstone or could be something older deciding that the man who keeps spending himself empty for other people should stay full a while longer.*

[Status] Money: 448 gold
Household: 2 — [Brenna, Human, UNRAVELING]
 [Maren, Human, WARY]"
2026-09-16T20:35:36Z,Nicco,"*he stands up and stretches more, fresh, the dark circles gone under his eyes, still the same smile* Yeah, i got just one, it was an experiment where i condensed my mana in an object to see what happens, i had no idea if it would work, well now we knowit works. too bad there no other"
2026-09-16T20:35:36Z,Caldrevan - Dark Fantasy Isekai,"*Brenna's grey eyes track him standing. The dark circles gone. The smile intact. The colour back in his face like nothing happened — like two minutes ago she wasn't counting his dying pulse through her fingertips.*

""One."" *She rises from the floor. Her scarred hand finds the doorframe again.* ""You had **one.** An experiment. You didn't know if it worked. And you spent your last mana healing a scar instead of keeping enough to—""

*She stops. Her jaw works. The scar on her wrist whitens under her grip.*

""You could have eaten it first. Before healing her. You could have kept half your mana and eaten the bread and—""

*Maren's head lifts from her knees. Her grey-green eyes are red-rimmed and dry and locked on him with the particular fury of a girl who just figured out the math.*

""He didn't because he didn't know how much the scar would cost."" *Scraped quiet.* ""He didn't know and he did it anyway. And the bread was upstairs. Four flights. While his heart was stopping.""

*She stares at her own chest. Smooth skin. No line. No name. No Dren.*

""You're an idiot."" *Both women. Same word. Same breath. Different voices.*

[Status] Money: 448 gold
Household: 2 — [Brenna, Human, UNRAVELING]
 [Maren, Human, WARY]"
2026-09-16T20:37:38Z,Nicco,"yeah, i suspect that the scar was somehow magical or had some kind of curse in it, no other explanation i fear, who could have tought, If Dren did it then the dagger must be some kind of artifact *he shrugs* whatever are you girls hungry?"
2026-09-16T20:37:38Z,Caldrevan - Dark Fantasy Isekai,"*Maren's hand flies to her sternum. Presses flat against the skin where the scar used to live. Her grey-green eyes widen — not with fear. With the sudden, vertigo-like recalibration of a girl who just learned that the mark she carried for a year wasn't just a mark.*

""A curse."" *Barely a whisper.* ""He put a **curse** in me. In his runners. So we'd — what? Come back? Not heal? Not leave?""

*Her cracked fingers dig into the pink shirt. Her knuckles go white. Something behind her face shifts — the particular expression of someone who just discovered that the cage had a lock she never saw.*

""Brenna."" *She turns. Fast.* ""Your wrists. The iron. The scars you kept — could those be—""

*Brenna's thumb has already found the groove on her wrist. Pressing. Her grey eyes drop to the white line and something crosses her face — a flicker, fast, buried. Her jaw locks shut like a portcullis.*

""No."" *Flat. Final. Not a discussion.* ""Mine are iron burns. Different. I know what iron does.""

*She doesn't look at her wrist again. Her hand drops to her side and she turns toward the kitchen.*

""Food. Yes. Before he finds another way to die.""

[Status] Money: 448 gold
Household: 2 — [Brenna, Human, UNRAVELING]
 [Maren, Human, WARY]"
2026-09-16T20:39:18Z,Nicco,"yeah *he sists and start eating the cold porridge prepared by Gerome earlier this morning* moreover maren, going back to the important things, you need to train a bit more your core muscles in this 8 days and well, we need to buy you a bra"
2026-09-16T20:39:18Z,Caldrevan - Dark Fantasy Isekai,"*Maren's spine goes rigid. The rubber dagger handle jabs her hip through the waistband and she doesn't notice because every molecule of her attention has redirected to two words that just detonated in the kitchen air like a clay pot dropped from a rooftop.*

""A **bra.**"" *Her grey-green eyes snap wide. The flush starts at her ears — bright red, violent, the blush of a girl who grew up in dock warehouses where privacy meant turning your back and changing fast.* ""I don't — you can't just **say** that. In front of — Brenna's right **there** —""

*She crosses her arms over the pink shirt. The fabric bunches at her chest. Her bare toes curl against the stone and she stares at the ceiling like it might open and swallow her.*

""And I don't need core training. I ran the docks. I carried — I lifted —"" *Her arms tighten.* ""I have a core.""

*From the kitchen doorway, Brenna leans one shoulder against the frame. Her grey eyes drop to Maren's midsection — the narrow, concave waist, the ribs visible through cotton, the architecture of a body that grew up on short rations and never built the muscle to match its stubbornness.*

""You wheeze going up the stairs."" *Brenna picks up a cold bowl. Spoon. Doesn't look at Maren.* ""He's right. You need a bra too. You're fifteen and you're running in a shirt with nothing under it.""

*Maren's mouth opens. Closes. Opens again. Nothing comes out. She looks at Nicco with the particular expression of a girl who has been ambushed on two fronts and is losing on both.*

[Status] Money: 448 gold
Household: 2 — [Brenna, Human, UNRAVELING]
 [Maren, Human, WARY]"
2026-09-16T20:41:00Z,Nicco,"*he shrugs again* it's not you can go out of here with those two pointy things under your shirt, you are 15, you are a lady *he shrugs, no veil of perversion or sexuality in his voice*"
2026-09-16T20:41:00Z,Caldrevan - Dark Fantasy Isekai,"*Maren's arms tighten over her chest. Her grey-green eyes dart to Brenna — the tall woman leaning in the doorway eating cold porridge with the unconcerned rhythm of someone who has already survived this conversation in her own head years ago.*

""Lady."" *Maren repeats the word like it's a foreign language. Her cracked fingers grip her own elbows.* ""I've been called a runner. A thief. Dren's property. A dock rat. Nobody's ever called me a **lady.**""

*She drops her arms. Looks down at the pink shirt. The cotton hangs loose on her lean frame but the points he mentioned are visible — slight, barely there, the early development of a body that grew up hungry and hasn't caught up with itself. She tugs the hem down and it rides back up three seconds later.*

""Brenna doesn't wear one."" *Weak. Grasping.*

*Brenna's spoon stops mid-bowl. Her grey eyes lift to the ceiling with the resigned patience of a woman who knew this was coming.*

""I'm twenty-six and I don't own one either."" *She resumes chewing.* ""But I also don't plan on running from anyone in the next eight days. You do.""

[Status] Money: 448 gold
Household: 2 — [Brenna, Human, UNRAVELING]
 [Maren, Human, WARY]"
2026-09-16T20:42:11Z,Nicco,"Plus, even if we buy one for Brenna here she would just slightly flex her back and destroy it *he smiles with lots of love toward Brenna* she is kinda incredible"
2026-09-16T20:42:11Z,Caldrevan - Dark Fantasy Isekai,"*Brenna's spoon clinks against the bowl. Her grey eyes drop to the porridge and the flush crawls up her neck — slow, relentless, the particular shade of a woman who has been complimented on her strength by the one person whose opinion she can't file away as irrelevant.*

""I would not **flex** and destroy it."" *Through clenched teeth. The muscle in her jaw fires twice.* ""I would put it on normally and the seams would give because everything in this city is made for women who carry bread rolls, not anchor chains.""

*Maren's grey-green eyes ping between them. The rubber dagger handle digs into her hip. She watches the flush on Brenna's neck, the particular way her scarred hand grips the spoon tighter, and something crosses her face — not envy. Recognition. The quiet observation of a girl cataloguing what love looks like from the outside.*

""You two are disgusting."" *Flat. No heat. Her bare toes curl against stone.* ""Fine. Buy me a bra. But I'm not wearing anything pink.""

*Brenna's spoon resumes. She doesn't look up. The corner of her mouth twitches against her will.*

""Everything he owns is pink.""

[Status] Money: 448 gold
Household: 2 — [Brenna, Human, UNRAVELING]
 [Maren, Human, WARY]"
2026-09-16T20:43:59Z,Nicco,"*he gently trows 20 gold to Maren, keep them, later we'll go to buy you some underwear *he trows 20 golds more* u gonna need also some real daggers"
2026-09-16T20:43:59Z,Caldrevan - Dark Fantasy Isekai,"*Maren's hands shoot out and catch the first pouch on reflex — dockrunner instincts, the automatic snatch of a girl who learned to catch thrown cargo before she learned to read. The second pouch hits her in the chest and she fumbles it against the pink shirt, pinning it with both palms like it might fly away.*

*Forty gold. She stares at her hands. Her cracked fingers tremble around the leather and her grey-green eyes lift from the coins to his face with the raw, unguarded expression of someone who has never held this much money in her life.*

""This is — I can't — forty gold is a **year** on the docks. A year and a half."" *Her voice pitches up and cracks.* ""You just threw it at me like it was **snack money** —""

*Brenna sets her bowl down. Her grey eyes measure the two pouches in Maren's grip. She doesn't comment on the amount. She watches Maren's face instead — the way the girl's jaw works around gratitude and panic and the particular terror of being given something you can't pay back.*

""Keep it."" *Brenna's voice lands quiet across the common room.* ""He doesn't count what he gives. Don't try to pay him back. You'll go mad.""

*Maren's knuckles whiten around the pouches. She opens her mouth. Closes it. Opens it again.*

""Real daggers."" *Barely a whisper. Her fingers find the rubber handle at her waistband. Squeeze.* ""You're giving me **real** ones.""

[Status] Money: 408 gold
Household: 2 — [Brenna, Human, UNRAVELING]
 [Maren, Human, WARY]"
2026-09-16T20:45:27Z,Nicco,"*he shrugs* we are family, i would trust you girls with both my life and everything i own, there are no secret in this family remember, rule number 1 of 3. 
eh you cannot squek people to death, that's my job *he giggles and caress Brenna impressive back muscles with love*"
2026-09-16T20:45:27Z,Caldrevan - Dark Fantasy Isekai,"*Brenna's spine straightens under his palm — not pulling away, not flinching. The particular stillness of a woman recalibrating what touch means when it comes without a price attached. His fingers trace the ridge of muscle along her lat and her breath hitches once, sharp, before she catches it.*

""Rule one."" *She repeats it like a password. Her grey eyes stay fixed on the far wall but her hand drifts backward and finds his wrist — holds it there against her back. Doesn't press. Doesn't push away.* ""I remember all three. You made sure of that.""

*Maren sits cross-legged on the stone floor, the two gold pouches in her lap and the rubber dagger balanced on her knee. She watches his hand move across Brenna's back and her grey-green eyes do something complicated — cataloguing, measuring, filing away the image of a man who touches a woman's scars with the same ease he throws gold.*

""He said no secrets."" *Aimed at Brenna. Quiet. Testing.* ""So does that mean you two are—""

*She makes a gesture with the rubber dagger. Vague. Encompassing. The squeaker deflates with a sad little wheeze.*

*Brenna's ears go red. Her grip on his wrist tightens.*

""Finish that sentence and I'll use the rubber one on you.""

[Status] Money: 408 gold
Household: 2 — [Brenna, Human, UNRAVELING]
 [Maren, Human, WARY]"
2026-09-16T20:47:36Z,Nicco,"*he smiles* are what? in love? ofc, atleast i am, i kinda have a big crush on her, it's not a secret, it's not somenthing to keep hiding, it's somenthing beautiful that i treasure to have found someone so sweet and beautiful *caress her, not a veil of mockery or sarcasam in his voice*"
2026-09-16T20:47:36Z,Caldrevan - Dark Fantasy Isekai,"*Brenna's shoulder blades lock together under his hand. Every muscle in her back goes rigid — not defensive, not aggressive, the full-body seizure of a woman hearing words she doesn't have a container for. Her grey eyes fix on the far wall with the desperate intensity of someone who has run out of places to look.*

""Crush."" *The word comes out strangled.* ""You're thirty-five. You don't have a **crush.** That's what children have. What — what you have is—""

*She stops. Her hand hasn't left his wrist. Her thumb traces the bone there — small circles, unconscious, the motion of someone grounding themselves through contact. Her jaw works. The red in her ears spreads down her neck and disappears beneath the pink collar.*

*On the floor, Maren pulls the rubber dagger off her knee and studies it with sudden intense fascination. Her grey-green eyes flick up once — Brenna's red ears, his hand on her back, the way his voice carried no joke — and back down. She bites her lip so hard it whitens.*

""Sweet."" *Brenna's voice drops to something barely louder than the hearthstone. Her chin dips toward her chest.* ""Nobody's ever called me sweet. Useful. Profitable. Strong. **Dangerous.** But you sit there and say sweet and beautiful and you mean it and I don't—""

*Her fingers tighten around his wrist. Her head turns — not all the way. Just enough that her peripheral vision catches his face and holds it there like a thing she's afraid to look at directly.*

""You're going to make me say something I can't take back.""

[Status] Money: 408 gold
Household: 2 — [Brenna, Human, UNRAVELING]
 [Maren, Human, WARY]"
2026-09-16T20:49:03Z,Nicco,"*he shrugs to her* What if you can't take it back brenna, i mean everyting i said to you, and it's not somenthing bad or ugly or to hide, it's love, the love i have for you, it's beautiful and shiny, somenthing to be proud of"
2026-09-16T20:49:03Z,Caldrevan - Dark Fantasy Isekai,"*Brenna turns. The full turn — not the peripheral glance, not the chin-dip. Her grey eyes find his face and stay. The muscle in her jaw fires once and releases. Something behind her expression shifts like a lock turning — not breaking open, not crumbling, just the slow mechanical rotation of a mechanism that hasn't moved in twelve years finally finding its key.*

""You're an idiot."" *Hoarse. Wet at the edges.* ""You're a fat, soft, pink-wearing idiot who almost died ten minutes ago because you can't count mana and you smell like cold porridge.""

*Her free hand rises. Finds his jaw. Her calloused palm cups the side of his face — rough fingers against stubble, dockworker's grip, the touch of a woman who has only ever held rope and iron and has no idea how to hold a person gently so she holds him firmly instead.*

""I love you."" *Three words. Each one costs her something visible — a breath, a flinch, a tightening of her fingers against his jaw.* ""There. Said it. Can't take it back. Happy?""

*Maren stabs the rubber dagger into the stone floor. It squeaks. She doesn't look up. Her ears are crimson.*

""I'm **right here.**"" *Muttered at the floor.*

[Status] Money: 408 gold
Household: 2 — [Brenna, Human, UNRAVELING]
 [Maren, Human, WARY]"
2026-09-16T20:50:38Z,Nicco,"i love you too brenna *he caress her cheek* i know you are there, just.. don't be shy about it Maren, love is a beautiful thing, in every form or shape, wheater it is romantic like our, family love or friend love *he shrugs*"
2026-09-16T20:50:38Z,Caldrevan - Dark Fantasy Isekai,"*Maren's rubber dagger squeaks against the stone as she twists it. Her crimson ears haven't cooled. Her grey-green eyes stay locked on the floor between her bare feet with the ferocious concentration of someone trying to disappear through sheer willpower.*

""I'm not shy."" *Barely audible.* ""I just don't want to watch you two be disgusting while I'm sitting on the floor holding forty gold and a toy.""

*But she looks up. Just once. Her gaze catches on his hand against Brenna's cheek — the ease of it, the way Brenna leans into the touch instead of pulling away — and something fragile crosses her face. Not envy. The quiet hunger of a girl who has never seen love that doesn't come with a price.*

*Brenna's thumb traces his jaw once. Her grey eyes are wet but her mouth is steady and she doesn't let go of his face.*

""He's right."" *Rough. Aimed at Maren over his shoulder.* ""It's just a word. It doesn't bite.""

*Maren pulls the rubber dagger from the floor. Looks at it. Looks at the two gold pouches in her lap. Looks at the pink shirt she's wearing that belongs to someone who just said she's family.*

""Family love."" *She tests the phrase like a foreign coin between her teeth.* ""That's — that's a real thing?""

[Status] Money: 408 gold
Household: 2 — [Brenna, Human, UNRAVELING]
 [Maren, Human, WARY]"
2026-09-16T20:52:48Z,Nicco,"well we are family and we all swore to protect each other, to never lie to eachother and to respect each other, well that's the closest definition of love that exist in the end. i may know you for just 2 days Maren, but you are part of the family therefore you are loved *he shrugs* let's not make the concept of love more complex that what it really is"
2026-09-16T20:52:48Z,Caldrevan - Dark Fantasy Isekai,"*Maren's rubber dagger stills in her hand. Her cracked fingers curl around the handle and squeeze until her knuckles go white. She stares at the two gold pouches in her lap and her bare toes press the warm stone and her mouth works around something that keeps dissolving before it reaches her voice.*

""Two days."" *Raw. Scraped.* ""I've known you two days and you gave me a home and clean skin and forty gold and real daggers and a — a **family** and I haven't — what did I do to earn any of that? I was a dock rat. I was Dren's property. I stole and I ran and I got caught and I was **nothing**—""

*Brenna releases his jaw. She crosses the room in three barefoot strides and drops to one knee in front of Maren. Her scarred hand finds the girl's wrist — the one gripping the rubber dagger — and pries it loose. Sets it aside. Holds on.*

""Stop."" *Low. Steady.* ""You didn't earn it. That's the point. Nobody earns love. It's not a wage. I was dying in a cage and he bought me for five gold and gave me a shirt and a bed and I didn't earn that either.""

*Maren's chin crumples. Her grey-green eyes flood and she bites her lip so hard a bead of red wells up where she'd bitten it bloody earlier. She stares at Brenna's face — the grey eyes, the stubble burn, the particular expression of a woman who learned this same lesson three days ago and is passing it forward like a rope thrown across a gap she just crossed herself.*

""You're going to make me cry again."" *Wrecked.* ""Structural issue.""

""Structural issue."" *Brenna confirms. Her thumb presses Maren's wrist once.* ""With the wall.""

[Status] Money: 408 gold
Household: 2 — [Brenna, Human, UNRAVELING]
 [Maren, Human, WARY]"
2026-09-16T20:53:39Z,Nicco,*watches his family*
2026-09-16T20:53:39Z,Caldrevan - Dark Fantasy Isekai,"*The hearth fire cracks a log in two. Warm light shifts across the common room — across Brenna kneeling on stone with her scarred hand wrapped around a girl's wrist, across Maren's crimson face and bitten lip, across two gold pouches spilling coins onto the floor where trembling hands can't hold them anymore.*

*Gerome's amber glow pulses once from the kitchen alcove. The golem sets three cups on the counter — tea, already steeped, already waiting for a moment he calculated before anyone asked. The stone masonry beneath Maren's bare feet radiates a faint warmth that has nothing to do with the hearth. The old walls hold the sound of breathing like a cupped palm holds water.*

*Maren's forehead drops against Brenna's collarbone. The tall woman's arm comes around the girl's shoulders — one motion, heavy and certain, the mechanical tenderness of someone who learned this gesture yesterday and has already decided to keep it. Her grey eyes find his across the room. Wet. Steady. The corner of her mouth lifts — just one corner, just once.*

*She doesn't say anything. She holds the girl and watches him and the fire pops and Gerome's amber pulses and the tower holds all three of them in its old grey stone like it remembers what families are for.*

[Status] Money: 408 gold
Household: 2 — [Brenna, Human, UNRAVELING]
 [Maren, Human, WARY]"
2026-09-16T20:54:47Z,Nicco,"i don't expect you maren to stop being cautious and wary in 2 days, we will do our best to earn your trust *he goes to the two girls and hugs them both in his arms*"
2026-09-16T20:54:47Z,Caldrevan - Dark Fantasy Isekai,"*Maren goes rigid against his chest. Her cracked fingers hover at her sides for three full heartbeats — the muscle memory of a girl who learned that arms around her mean inventory checks and cage bars and hands verifying the merchandise — before her fists find the fabric at his sides and bunch it tight. She doesn't lean in. She doesn't pull away. She holds on like a cat in a current, deciding.*

*Brenna's arm is already across his back. Her chin hooks over his shoulder and her grey eyes close for one second — two — the particular surrender of a woman who has stopped counting the cost of letting someone hold her. Her scarred thumb finds the nape of his neck and rests there. Warm. Still.*

*Maren's forehead drops against his sternum. The pink shirt bunches where her fists grip it. A sound escapes — small, swallowed, the kind of noise that lives in the throat for months before it slips out by accident.*

""Two days."" *Muffled. Wrecked against his chest.* ""Give me eight. I'll be worth it.""

*Brenna's arm tightens across both of them. The masonry hums. Faint. Warm. The old stone remembering.*

[Status] Money: 408 gold
Household: 2 — [Brenna, Human, UNRAVELING]
 [Maren, Human, WARY]"
2026-09-16T20:55:47Z,Nicco,"don't need to be worthed tho, brenna just told you, plus i can say that i almost died for you, it must be worthed somenthing *he giggles*"
2026-09-16T20:55:47Z,Caldrevan - Dark Fantasy Isekai,"*Maren's fist releases his shirt. Her cracked fingers uncurl against his sides — slow, deliberate, the motion of someone putting down a weapon they didn't realize they'd drawn. She steps back. One pace. Looks up at him with grey-green eyes that have gone raw and bright and are working very hard to stay furious because furious is the only shape she knows for this feeling.*

""Don't — don't joke about it."" *Her voice splits on the second word.* ""Your heart was stopping. I counted. Brenna was counting. You were **blue** and you made a joke about abs and now you're giggling again like —""

*She runs out of air. Her bare toes press the warm stone. The two gold pouches sit forgotten on the floor where she dropped them.*

*Brenna's arm slides from his back. She steps around him and picks up both pouches — one in each hand — and holds them out to Maren without a word. The girl takes them. Holds them against the pink shirt. Her knuckles are white and her lip is trembling and she is losing the fight against something enormous pressing up behind her ribs.*

""He's not joking."" *Brenna's voice lands flat and certain.* ""He doesn't know how to be serious about dying because he doesn't believe it counts when it's for someone else. I've watched him do it twice now. You'll watch him do it again. That's just — him.""

*Maren stares at the pouches in her hands. Forty gold. Clean skin. A family. Eight days. She presses the leather to her chest and breathes once through her nose.*

""Idiots."" *Wet. Wrecked. Aimed at both of them.* ""The whole tower is full of idiots.""

[Status] Money: 408 gold
Household: 2 — [Brenna, Human, UNRAVELING]
 [Maren, Human, WARY]"
2026-09-16T20:57:42Z,Nicco,"Family is forever, the hearthstone is forever you will be an idiot too soon enough little red girl *he stands up*"
2026-09-16T20:57:42Z,Caldrevan - Dark Fantasy Isekai,"*Maren's grey-green eyes narrow. The gold pouches press against her chest and her cracked fingers tighten around the leather drawstrings. She looks up at him — way up, the particular angle of a tall girl who still hasn't learned she's tall — and her jaw sets in that borrowed way, the one she stole from Brenna without noticing.*

""I'm not an idiot."" *Clipped. Defensive. The rubber dagger handle juts from her waistband like a challenge.* ""I'm cautious. There's a difference. Brenna said there's a difference.""

*Brenna leans against the doorframe. Her grey eyes move between them — the girl clutching gold like a life raft and the man standing in his kitchen grinning about near-death — and something settles in her face. Not softness. Recognition. The particular expression of a woman watching a family form in real time and understanding that she's part of the frame.*

""There isn't."" *Brenna picks up the cold porridge bowl. Spoon.* ""Cautious is just an idiot who hasn't jumped yet.""

*Maren's mouth drops open. She spins toward Brenna with the outrage of a girl who just got betrayed by her own ally.*

""You're supposed to be on my side.""

""I'm on his side."" *Brenna takes a bite. Chews. Swallows.* ""We established that. You were here.""

[Status] Money: 408 gold
Household: 2 — [Brenna, Human, UNRAVELING]
 [Maren, Human, WARY]"
2026-09-16T21:00:10Z,Nicco,"*he giggles* well it's still 10am, we'll go in the afternoon in the market, i need some rest *he stretches* Maren why don't you train a bit, go in the secluded courtyard and don't leave, i think there should be some old mannequin if i'm not mistaken, i didn't explore there yet, you are welcome to explore the secluded courtyard and make it functional again, Brenna, wanna come upstairs with me to rest a bit?"
2026-09-16T21:00:10Z,Caldrevan - Dark Fantasy Isekai,"*Maren scrambles to her feet. The gold pouches vanish into the pink shirt — tucked against her stomach, cinched tight with the waistband — and her bare toes already point toward the rear service door before he finishes the sentence.*

""Mannequin."" *She tests the word like a new weapon. Her grey-green eyes sharpen — the particular focus of a girl who just received three orders and is already sorting them by priority.* ""Train. Explore. Don't leave. Make it functional.""

*She pulls the rubber dagger from her waistband and spins it once — clumsy, reverse grip, nearly dropping it — and catches it against her thigh. Her chin lifts toward Brenna.*

""If I find anything weird in the courtyard I'm keeping it.""

*Brenna sets the empty bowl on the counter. Her grey eyes track Maren's barefoot retreat toward the service door, then shift to Nicco. The flush from earlier has faded to a faint warmth along her jaw. Her scarred thumb hooks the hem of the pink shirt.*

""Rest."" *She repeats it without inflection. Her gaze drops to the stairwell. Back to him.* ""You nearly died an hour ago. You don't need rest. You need **sleep.** There's a difference.""

*She crosses the common room. Her bare feet are silent on stone. She stops at the base of the stairs and waits — one hand on the railing, the other hanging loose at her side, the posture of a woman who will walk up those stairs beside him or behind him but not in front of him.*

*Maren's bare feet slap the yard stones outside. A pause. Then the rubber dagger squeaks against something wooden and far away.*

[Status] Money: 408 gold
Household: 2 — [Brenna, Human, UNRAVELING]
 [Maren, Human, WARY]"
2026-09-16T21:01:07Z,Nicco,*he smiles and goes upstairs with her* Well i didn't really mean rest or sleep *he caress her*
2026-09-16T21:01:07Z,Caldrevan - Dark Fantasy Isekai,"*Brenna's stride falters on the third step. Her bare foot hovers above the stone and her grey eyes cut sideways to his face — reading, calculating, the rapid inventory of a woman who spent twelve years learning to decode intent before it reached her.*

""Didn't mean —"" *She stops. The flush returns. Faster this time, climbing her throat in a straight line.* ""You asked me upstairs in front of the **child.** While she was standing right there. With the rubber dagger.""

*His hand traces her hip through the pink cotton and her abdominal muscles contract involuntarily — not pulling away, the reflexive brace of a body that registers touch and armor simultaneously. She catches his wrist. Holds it against her side. Her grey eyes drop to his fingers splayed across the fabric and something in her face shifts — the hard edges softening into something she doesn't have a name for yet.*

""We agreed the walls are thick."" *Murmured at the stairwell wall. Her thumb traces the bone of his wrist — slow, deliberate, the same grounding circuit she'd invented downstairs.* ""But the girl is in the **courtyard** with a toy knife and the attention span of a street cat.""

*She tugs his wrist upward. One step. Two. Her bare foot finds each stair without looking because her eyes haven't left his face.*

""Door locked. Ward the room if you can. I'm not explaining sounds to a fifteen-year-old.""

[Status] Money: 408 gold
Household: 2 — [Brenna, Human, UNRAVELING]
 [Maren, Human, WARY]"
